Mplus VERSION 8.11
MUTHEN & MUTHEN
10/05/2026   5:37 PM

INPUT INSTRUCTIONS

  TITLE:  Bayesian MLM with R_seg as Outcome

  DATA:
    FILE IS "S:\Ibrahim\UConn Spencer Project Analysis Delaware Data\K-12_24.txt";

  VARIABLE: NAMES ARE Schl is_sped reg_num regses_num District
            pct_black_c pct_latine_c pct_white_c
            pct_sped_c pct_low_ses_c pct_lep_c r_seg
            pct_oss_sch_gmc pct_gen_ed_c pct_z2_c
            pct_z3_c pct_z2z3_c;
            USEVARIABLES ARE Schl r_seg
            pct_black_c pct_latine_c pct_sped_c pct_low_ses_c pct_lep_c
            rs_aaf0 rs_aaf1 rs_aam0 rs_aam1 rs_aif0 rs_aif1 rs_aim0 rs_aim1
            rs_asf0 rs_asf1 rs_asm0 rs_asm1 rs_hwf0 rs_hwf1 rs_hwm0 rs_hwm1
            rs_hlf0 rs_hlf1 rs_hlm0 rs_hlm1 rs_mrf0 rs_mrf1 rs_mrm0 rs_mrm1
            rs_wf1  rs_wm0  rs_wm1;
           !pct_white_c is removed from the USEVARIABLES as a reference

  CATEGORICAL r_seg;
      CLUSTER IS Schl;
      MISSING ARE ALL (-999); !tells MPLUS the empty cells are all NAs
      WITHIN = rs_aaf0 rs_aaf1 rs_aam0 rs_aam1 rs_aif0 rs_aif1 rs_aim0 rs_aim1
               rs_asf0 rs_asf1 rs_asm0 rs_asm1 rs_hwf0 rs_hwf1 rs_hwm0 rs_hwm1
               rs_hlf0 rs_hlf1 rs_hlm0 rs_hlm1 rs_mrf0 rs_mrf1 rs_mrm0 rs_mrm1
               rs_wf1  rs_wm0  rs_wm1;

    DEFINE:
      ! Reference Group: White_Female_0 (Code 27) - Excluded from definitions

      ! African American Groups
      rs_aaf0  = (regses_num == 1);   ! African American Female Non-SES
      rs_aaf1  = (regses_num == 2);   ! African American Female Low-Income
      rs_aam0  = (regses_num == 3);   ! African American Male Non-SES
      rs_aam1  = (regses_num == 4);   ! African American Male Low-Income

      ! American Indian Groups
      rs_aif0  = (regses_num == 5);   ! American Indian Female Non-SES
      rs_aif1  = (regses_num == 6);   ! American Indian Female Low-Income
      rs_aim0  = (regses_num == 7);   ! American Indian Male Non-SES
      rs_aim1  = (regses_num == 8);   ! American Indian Male Low-Income

      ! Asian Groups
      rs_asf0  = (regses_num == 9);   ! Asian Female Non-SES
      rs_asf1  = (regses_num== 10);  ! Asian Female Low-Income
      rs_asm0  = (regses_num == 11);  ! Asian Male Non-SES
      rs_asm1  = (regses_num == 12);  ! Asian Male Low-Income

      ! Hawaiian/Pacific Islander Groups
      rs_hwf0  = (regses_num == 13);  ! Hawaiian Female Non-SES
      rs_hwf1  = (regses_num == 14);  ! Hawaiian Female Low-Income
      rs_hwm0  = (regses_num== 15);  ! Hawaiian Male Non-SES
      rs_hwm1  = (regses_num == 16);  ! Hawaiian Male Low-Income

      ! Hispanic/Latino Groups
      rs_hlf0  = (regses_num == 17);  ! Hispanic/Latino Female Non-SES
      rs_hlf1  = (regses_num== 18);  ! Hispanic/Latino Female Low-Income
      rs_hlm0  = (regses_num == 19);  ! Hispanic/Latino Male Non-SES
      rs_hlm1  = (regses_num == 20);  ! Hispanic/Latino Male Low-Income

      ! Multi-Racial Groups
      rs_mrf0  = (regses_num == 21);  ! Multi-Racial Female Non-SES
      rs_mrf1  = (regses_num== 22);  ! Multi-Racial Female Low-Income
      rs_mrm0  = (regses_num == 23);  ! Multi-Racial Male Non-SES
      rs_mrm1  = (regses_num == 24);  ! Multi-Racial Male Low-Income

      ! White Comparison Groups
      rs_wf1   = (regses_num == 28);  ! White Female Low-Income
      rs_wm0   = (regses_num == 29);  ! White Male Non-SES
      rs_wm1   = (regses_num == 30);  ! White Male Low-Income

    ANALYSIS:
      TYPE = TWOLEVEL RANDOM;
      ESTIMATOR = BAYES;
      PROCESSORS = 4;
      BITERATIONS = (20000);
      BCONVERGENCE = 0.05;

  MODEL:
      %WITHIN%
      r_seg ON rs_aaf0 rs_aif0 rs_aif1 rs_aim0 rs_aim1
                 rs_asf0 rs_asf1 rs_asm0 rs_asm1 rs_hwf0 rs_hwf1
                 rs_hwm0 rs_hwm1
                 rs_hlf0 rs_hlm0 rs_mrf0 rs_mrf1 rs_mrm0 rs_mrm1
                 rs_wm0;

  ! Random Slopes: define latent random slope variables
      s1 | r_seg ON rs_aaf1;
      s2 | r_seg ON rs_aam1;
      s3 | r_seg ON rs_aam0;
      s4 | r_seg ON rs_hlf1;
      s5 | r_seg ON rs_hlm1;
      s6 | r_seg ON rs_wf1;
      s7 | r_seg ON rs_wm1;

      %BETWEEN%
      r_seg s1 s2 s3 s4 s5 s6 s7 ON pct_black_c pct_latine_c pct_sped_c
            pct_low_ses_c pct_lep_c;

      ! Allow the random intercept and random slopes to correlate
      r_seg WITH s1 s2 s3 s4 s5 s6 s7;
      s1 WITH s2 s3 s4 s5 s6 s7;
      s2 WITH s3 s4 s5 s6 s7;
      s3 WITH s4 s5 s6 s7;
      s4 WITH s5 s6 s7;
      s5 WITH s6 s7;
      s6 WITH s7;

    OUTPUT:
      TECH1 TECH8 STANDARDIZED;



*** WARNING in VARIABLE command
  Note that only the first 8 characters of variable names are used in the output.
  Shorten variable names to avoid any confusion.
*** WARNING in MODEL command
  A within-between variable is used on the between level but has not been used on the within level.
  Please check that this is what is intended.  If this is not intended, specify the variable as a
  between variable.  Problem with:  PCT_BLACK_C
*** WARNING in MODEL command
  A within-between variable is used on the between level but has not been used on the within level.
  Please check that this is what is intended.  If this is not intended, specify the variable as a
  between variable.  Problem with:  PCT_LATINE_C
*** WARNING in MODEL command
  A within-between variable is used on the between level but has not been used on the within level.
  Please check that this is what is intended.  If this is not intended, specify the variable as a
  between variable.  Problem with:  PCT_SPED_C
*** WARNING in MODEL command
  A within-between variable is used on the between level but has not been used on the within level.
  Please check that this is what is intended.  If this is not intended, specify the variable as a
  between variable.  Problem with:  PCT_LOW_SES_C
*** WARNING in MODEL command
  A within-between variable is used on the between level but has not been used on the within level.
  Please check that this is what is intended.  If this is not intended, specify the variable as a
  between variable.  Problem with:  PCT_LEP_C
*** WARNING
  One or more individual-level variables have no variation within a
  cluster for the following clusters.

     Variable   Cluster IDs with no within-cluster variation

      R_SEG       745 530 615 655 538
      PCT_BLAC    745 530 615 655 358 650 540 538 514 728 537 362 570 516 628 4075 750 752 630
                  543 27 29 36 324 640 22 310 638 334 740 244 246 636 339 264 642 314 322 635
                  632 658 326 156 332 410 318 132 612 124 420 662 266 260 670 432 418 37 248 4080
                  573 761 759 4055 584 456 749 613 762 684 760 256 14 782 660 4090 330 571 240
                  35 682 130 321 274 280 112 320 16 412 128 611 732 646 680 21 242 710 668 254
                  622 616 110 696 722 252 350 681 4040 312 352 250 327 776 20 736 721 578 620
                  712 673 10 623 28 581 11 575 669 634 292 779 633 621 271 282 270 775 476 637
                  610 4050 690 686 374 718 720 474 780 672 724 176 730 170 756 692 372 733 427
                  586 276 742 741 579 625 32 178 376 4045 764 734 766 33 294 180 738 392 743 470
                  26 23 151 665 190 664 17 261 286 295 194 685 394 290 675 422 196 746 66 783
                  576 284 34 44 652 18 390 678 770 587 24 568 80 688 648 726 748 490 585 626 588
      PCT_LATI    745 530 615 655 358 650 540 538 514 728 537 362 570 516 628 4075 750 752 630
                  543 27 29 36 324 640 22 310 638 334 740 244 246 636 339 264 642 314 322 635
                  632 658 326 156 332 410 318 132 612 124 420 662 266 260 670 432 418 37 248 4080
                  573 761 759 4055 584 456 749 613 762 684 760 256 14 782 660 4090 330 571 240
                  35 682 130 321 274 280 112 320 16 412 128 611 732 646 680 21 242 710 668 254
                  622 616 110 696 722 252 350 681 4040 312 352 250 327 776 20 736 721 578 620
                  712 673 10 623 28 581 11 575 669 634 292 779 633 621 271 282 270 775 476 637
                  610 4050 690 686 374 718 720 474 780 672 724 176 730 170 756 692 372 733 427
                  586 276 742 741 579 625 32 178 376 4045 764 734 766 33 294 180 738 392 743 470
                  26 23 151 665 190 664 17 261 286 295 194 685 394 290 675 422 196 746 66 783
                  576 284 34 44 652 18 390 678 770 587 24 568 80 688 648 726 748 490 585 626 588
      PCT_SPED    745 530 615 655 358 650 540 538 514 728 537 362 570 516 628 4075 750 752 630
                  543 27 29 36 324 640 22 310 638 334 740 244 246 636 339 264 642 314 322 635
                  632 658 326 156 332 410 318 132 612 124 420 662 266 260 670 432 418 37 248 4080
                  573 761 759 4055 584 456 749 613 762 684 760 256 14 782 660 4090 330 571 240
                  35 682 130 321 274 280 112 320 16 412 128 611 732 646 680 21 242 710 668 254
                  622 616 110 696 722 252 350 681 4040 312 352 250 327 776 20 736 721 578 620
                  712 673 10 623 28 581 11 575 669 634 292 779 633 621 271 282 270 775 476 637
                  610 4050 690 686 374 718 720 474 780 672 724 176 730 170 756 692 372 733 427
                  586 276 742 741 579 625 32 178 376 4045 764 734 766 33 294 180 738 392 743 470
                  26 23 151 665 190 664 17 261 286 295 194 685 394 290 675 422 196 746 66 783
                  576 284 34 44 652 18 390 678 770 587 24 568 80 688 648 726 748 490 585 626 588
      PCT_LOW_    745 530 615 655 358 650 540 538 514 728 537 362 570 516 628 4075 750 752 630
                  543 27 29 36 324 640 22 310 638 334 740 244 246 636 339 264 642 314 322 635
                  632 658 326 156 332 410 318 132 612 124 420 662 266 260 670 432 418 37 248 4080
                  573 761 759 4055 584 456 749 613 762 684 760 256 14 782 660 4090 330 571 240
                  35 682 130 321 274 280 112 320 16 412 128 611 732 646 680 21 242 710 668 254
                  622 616 110 696 722 252 350 681 4040 312 352 250 327 776 20 736 721 578 620
                  712 673 10 623 28 581 11 575 669 634 292 779 633 621 271 282 270 775 476 637
                  610 4050 690 686 374 718 720 474 780 672 724 176 730 170 756 692 372 733 427
                  586 276 742 741 579 625 32 178 376 4045 764 734 766 33 294 180 738 392 743 470
                  26 23 151 665 190 664 17 261 286 295 194 685 394 290 675 422 196 746 66 783
                  576 284 34 44 652 18 390 678 770 587 24 568 80 688 648 726 748 490 585 626 588
      PCT_LEP_    745 530 615 655 358 650 540 538 514 728 537 362 570 516 628 4075 750 752 630
                  543 27 29 36 324 640 22 310 638 334 740 244 246 636 339 264 642 314 322 635
                  632 658 326 156 332 410 318 132 612 124 420 662 266 260 670 432 418 37 248 4080
                  573 761 759 4055 584 456 749 613 762 684 760 256 14 782 660 4090 330 571 240
                  35 682 130 321 274 280 112 320 16 412 128 611 732 646 680 21 242 710 668 254
                  622 616 110 696 722 252 350 681 4040 312 352 250 327 776 20 736 721 578 620
                  712 673 10 623 28 581 11 575 669 634 292 779 633 621 271 282 270 775 476 637
                  610 4050 690 686 374 718 720 474 780 672 724 176 730 170 756 692 372 733 427
                  586 276 742 741 579 625 32 178 376 4045 764 734 766 33 294 180 738 392 743 470
                  26 23 151 665 190 664 17 261 286 295 194 685 394 290 675 422 196 746 66 783
                  576 284 34 44 652 18 390 678 770 587 24 568 80 688 648 726 748 490 585 626 588
      RS_AAF0     745 530 728
      RS_AAF1     745
      RS_AAM0     745 530
      RS_AAM1     745 628 612 749
      RS_AIF0     745 530 615 655 358 650 540 538 514 728 362 570 628 4075 750 752 543 27 29 324
                  640 310 334 740 244 339 264 642 322 635 632 658 326 156 332 410 420 266 670
                  432 248 761 759 4055 584 456 749 613 762 684 760 14 660 4090 330 571 240 35
                  130 280 320 128 611 732 646 680 21 242 710 254 622 616 110 722 252 350 681 4040
                  352 250 327 776 736 578 620 712 10 28 581 575 779 271 282 775 637 686 374 474
                  780 672 176 170 692 372 427 276 742 579 32 178 376 764 392 261 394 675 284 390
                  678 568
      RS_AIF1     745 530 615 655 358 650 540 538 514 728 537 362 516 628 750 752 630 543 27 29
                  36 324 640 22 310 334 246 636 339 264 642 314 632 658 156 332 410 318 132 612
                  124 420 662 266 260 670 418 37 248 4080 573 759 4055 584 456 613 684 256 782
                  660 4090 330 571 240 35 682 130 274 16 128 611 680 21 242 710 668 254 622 616
                  696 722 252 350 681 312 250 327 776 20 736 721 620 712 10 28 11 669 634 292
                  779 633 621 271 282 270 476 637 690 686 374 718 720 176 730 170 756 692 372
                  733 427 586 276 742 579 32 178 376 4045 764 766 33 180 392 23 151 664 17 261
                  295 394 290 675 422 196 576 284 34 44 652 18 587 24 568 688 626 588
      RS_AIM0     745 530 615 358 650 540 514 728 537 362 570 628 750 752 630 543 27 29 36 324
                  640 22 310 638 334 740 244 339 264 642 314 322 326 156 332 410 318 612 124 420
                  662 260 670 418 37 248 573 761 456 749 762 684 256 14 660 330 571 240 682 130
                  274 280 112 320 412 128 732 21 242 710 668 254 622 616 696 722 252 350 681 352
                  776 578 620 712 623 581 575 634 292 779 621 271 282 270 775 476 610 4050 374
                  474 780 672 176 170 372 427 742 625 4045 764 734 738 261 290 422 746 18 568
                  585
      RS_AIM1     745 530 615 655 358 650 540 538 514 728 537 362 570 516 628 4075 750 630 543
                  27 29 36 324 640 22 334 740 244 246 636 339 264 314 322 658 326 156 332 410
                  318 132 612 124 662 266 260 670 432 418 37 248 4080 573 761 759 4055 584 456
                  749 613 762 684 760 256 14 782 660 4090 330 571 240 682 321 112 16 128 611 732
                  646 680 21 242 710 668 622 616 696 722 252 681 312 250 776 20 736 721 578 620
                  712 673 623 11 575 669 779 621 282 270 775 610 4050 686 718 720 474 780 672
                  724 730 170 692 733 427 586 742 32 376 4045 734 766 180 738 743 26 23 665 664
                  17 261 286 295 685 394 675 422 746 66 284 652 678 587 24 588
      RS_ASF0     745 530 615 655 358 728 537 362 570 4075 750 752 543 244 410 266 456 782 571
                  274 352 581 575 692 4045
      RS_ASF1     745 530 615 655 358 650 540 514 728 537 362 570 628 4075 750 752 630 543 36
                  324 640 22 638 740 244 246 636 339 264 642 322 635 632 658 156 410 420 662 266
                  260 432 418 37 573 761 759 584 749 684 14 782 660 4090 240 35 280 16 732 646
                  680 242 710 254 622 616 696 722 252 350 681 4040 352 250 327 736 721 578 620
                  712 673 623 581 11 575 292 779 633 621 271 282 270 476 610 690 686 720 672 724
                  730 692 733 427 586 276 742 741 579 4045 734 766 33 738 743 665 286 685 675
                  746 576 284 568 726 748
      RS_ASM0     745 530 615 655 358 537 570 628 4075 752 543 244 246 266 670 432 248 4080 761
                  584 456 782 571 240 4040 776 581 575 672 692 579 4045
      RS_ASM1     745 530 615 655 358 650 540 538 514 728 537 362 570 516 628 4075 750 752 630
                  543 27 29 36 324 640 22 638 334 740 244 246 636 264 642 632 658 156 410 662
                  266 670 432 418 37 4080 573 761 584 456 749 762 760 14 660 4090 682 274 412
                  611 732 646 680 242 710 668 616 696 722 252 350 681 4040 352 250 327 776 736
                  721 712 10 581 11 575 634 292 633 271 282 775 476 637 690 718 720 474 780 672
                  724 176 730 756 692 372 733 586 742 741 579 4045 734 766 294 738 743 665 190
                  261 286 685 675 746 66 783 576 652 18 80 490 626
      RS_HWF0     745 530 615 655 358 650 540 538 514 728 537 362 570 516 4075 750 752 630 543
                  27 29 36 324 640 22 310 638 740 244 339 264 642 314 322 632 658 326 156 332
                  410 318 132 124 662 266 260 670 418 37 248 4080 573 761 759 584 456 749 613
                  762 760 256 782 660 4090 240 35 682 130 321 274 280 112 16 412 128 611 732 646
                  680 242 668 254 622 616 110 722 252 350 681 312 352 250 327 776 20 736 721 578
                  620 712 673 10 623 28 581 11 575 669 634 292 282 270 775 476 637 610 4050 690
                  686 374 720 474 780 672 724 176 170 692 372 733 586 742 741 625 32 178 376 4045
                  734 766 294 180 738 392 743 470 23 665 190 664 17 286 194 685 290 675 196 783
                  284 678 587 80 726 748 585 588
      RS_HWF1     745 530 615 655 358 650 540 538 514 728 537 362 570 516 628 4075 750 752 630
                  543 27 29 36 324 640 22 310 638 334 740 244 246 636 339 264 642 314 322 632
                  658 326 156 332 318 132 612 420 662 266 260 670 432 418 37 248 4080 573 761
                  759 4055 584 456 749 613 762 684 760 256 14 782 660 4090 330 571 240 35 682
                  130 321 274 280 112 320 16 412 611 732 646 680 21 242 710 668 254 622 616 110
                  696 722 350 681 312 352 250 327 776 20 736 721 578 620 712 673 10 623 28 581
                  11 669 634 292 779 621 271 282 270 775 476 637 610 4050 690 686 718 720 474
                  780 672 724 176 730 170 692 372 733 427 586 276 742 741 579 625 32 178 376 4045
                  764 734 766 33 294 180 738 392 743 470 26 23 151 665 190 664 261 286 295 685
                  394 290 422 196 66 783 576 284 34 44 652 18 678 770 587 568 80 688 726 490 585
                  588
      RS_HWM0     745 530 615 655 358 650 540 538 514 728 537 362 570 516 628 4075 750 752 630
                  543 27 29 36 324 640 22 310 638 334 740 244 246 636 339 264 642 322 635 632
                  658 326 156 332 410 132 124 420 662 266 260 670 418 37 248 4080 573 761 759
                  584 456 749 613 762 684 760 256 14 660 4090 240 682 321 280 112 320 16 412 128
                  611 732 646 680 242 668 254 622 110 696 722 252 350 4040 312 352 250 776 20
                  736 578 620 712 10 581 11 575 669 634 292 621 271 282 270 775 476 637 4050 690
                  686 720 474 672 724 730 692 733 427 586 276 742 741 579 376 4045 764 734 766
                  33 294 743 470 26 151 665 190 664 261 286 295 685 394 290 422 746 576 284 34
                  44 18 678 770 24 568 80 748 588
      RS_HWM1     745 530 615 655 358 650 540 538 514 728 537 362 570 516 628 4075 750 752 630
                  543 27 29 36 324 640 22 310 638 334 740 244 246 339 264 642 314 322 635 632
                  658 326 156 332 410 318 132 612 124 662 266 260 670 418 37 248 4080 573 761
                  759 4055 584 456 749 613 762 684 760 14 782 660 4090 330 571 240 35 682 130
                  321 274 280 320 16 128 611 732 646 680 21 242 710 668 254 622 616 110 696 722
                  350 681 4040 312 352 250 327 776 20 721 620 712 673 10 623 28 581 11 575 669
                  634 292 779 633 621 282 270 775 476 637 610 4050 690 686 374 718 720 474 780
                  672 724 176 730 170 756 692 372 733 427 586 276 742 579 625 32 178 4045 734
                  766 33 294 180 738 392 743 470 26 23 151 665 190 664 17 286 295 194 685 394
                  290 675 422 196 746 66 783 576 284 34 44 652 678 770 587 24 568 688 726 748
                  490 585 626 588
      RS_HLF0     530 615 538 570 575
      RS_HLF1     745 530 615 655 514 728 628 4075 29 612 124
      RS_HLM0     745 655 650 575
      RS_HLM1     530 538 628 27 29 4090 4050
      RS_MRF0     745 530 615 358 538 514 728 4075 244 248
      RS_MRF1     745 615 655 358 650 540 514 728 628 4075 630 27 246 612 37 571 35 736 271 579
                  295 284
      RS_MRM0     745 530 655 650 538 728 516 246 248 571
      RS_MRM1     745 530 615 655 358 650 362 516 628 4075 29 612 248 4080 571 578
      RS_WF1      615 358 650 537 628 4075
      RS_WM0      745 358
      RS_WM1      745 530 358 628

*** WARNING
  Data set contains cases with missing on all variables except
  x-variables.  These cases were not included in the analysis.
  Number of cases with missing on all variables except x-variables:  2209
   8 WARNING(S) FOUND IN THE INPUT INSTRUCTIONS



Bayesian MLM with R_seg as Outcome

SUMMARY OF ANALYSIS

Number of groups                                                 1
Number of observations                                      137392

Number of dependent variables                                    1
Number of independent variables                                 32
Number of continuous latent variables                            7

Observed dependent variables

  Binary and ordered categorical (ordinal)
   R_SEG

Observed independent variables
   PCT_BLAC    PCT_LATI    PCT_SPED    PCT_LOW_    PCT_LEP_    RS_AAF0
   RS_AAF1     RS_AAM0     RS_AAM1     RS_AIF0     RS_AIF1     RS_AIM0
   RS_AIM1     RS_ASF0     RS_ASF1     RS_ASM0     RS_ASM1     RS_HWF0
   RS_HWF1     RS_HWM0     RS_HWM1     RS_HLF0     RS_HLF1     RS_HLM0
   RS_HLM1     RS_MRF0     RS_MRF1     RS_MRM0     RS_MRM1     RS_WF1
   RS_WM0      RS_WM1

Continuous latent variables
   S1          S2          S3          S4          S5          S6
   S7

Variables with special functions

  Cluster variable      SCHL

  Within variables
   RS_AAF0     RS_AAF1     RS_AAM0     RS_AAM1     RS_AIF0     RS_AIF1
   RS_AIM0     RS_AIM1     RS_ASF0     RS_ASF1     RS_ASM0     RS_ASM1
   RS_HWF0     RS_HWF1     RS_HWM0     RS_HWM1     RS_HLF0     RS_HLF1
   RS_HLM0     RS_HLM1     RS_MRF0     RS_MRF1     RS_MRM0     RS_MRM1
   RS_WF1      RS_WM0      RS_WM1


Estimator                                                    BAYES
Specifications for Bayesian Estimation
  Point estimate                                            MEDIAN
  Number of Markov chain Monte Carlo (MCMC) chains               2
  Random seed for the first chain                                0
  Starting value information                           UNPERTURBED
  Algorithm used for Markov chain Monte Carlo           GIBBS(PX1)
  Convergence criterion                                  0.500D-01
  Maximum number of iterations                               50000
  K-th iteration used for thinning                               1
Link                                                        PROBIT

Input data file(s)
  S:\Ibrahim\UConn Spencer Project Analysis Delaware Data\K-12_24.txt
Input data format  FREE


SUMMARY OF DATA

     Number of clusters                        217

       Size (s)    Cluster ID with Size s

          5        745
         12        530
         20        615
         44        655
         62        358
         66        650
         68        540
         71        538
         75        514
         76        728
         81        537
         84        362
        117        570
        119        516
        130        628
        144        4075
        151        750
        169        752
        177        630
        190        543
        191        27
        201        29
        209        36
        249        324
        257        640
        267        22
        271        310
        272        638
        274        334
        299        740
        303        244
        314        246
        315        636
        320        339
        324        264
        327        642 314
        328        322
        338        635 632
        339        658 326
        341        156
        344        332
        353        410
        356        318
        357        132
        361        612
        364        124
        365        420
        369        662
        371        266
        373        260
        379        670
        383        432
        384        418
        387        37
        391        248
        395        4080
        402        573
        404        761
        407        759 4055
        411        584
        415        456
        418        749
        423        613
        424        762
        426        684
        427        760
        430        256
        433        14
        436        782
        437        660 4090 330
        446        571
        450        240
        453        35
        456        682
        458        130
        459        321
        464        274
        465        280
        471        112
        475        320 16
        478        412 128 611 732
        480        646
        485        680
        487        21
        493        242
        496        710
        501        668
        506        254
        510        622
        511        616 110
        518        696
        525        722
        526        252 350
        528        681
        530        4040
        533        312
        537        352
        544        250
        547        327
        556        776
        558        20
        563        736
        564        721 578
        565        620
        567        712
        568        673
        570        10
        572        623
        574        28
        586        581
        592        11
        598        575
        599        669
        601        634
        602        292 779
        610        633
        611        621
        612        271 282
        614        270 775
        620        476
        631        637
        632        610
        642        4050
        653        690
        661        686
        669        374
        677        718
        681        720
        682        474
        683        780
        686        672
        702        724 176
        712        730
        719        170
        721        756
        722        692
        723        372
        726        733
        733        427
        739        586
        744        276
        747        742
        755        741
        761        579
        782        625
        785        32
        786        178
        800        376
        805        4045
        808        764
        816        734
        829        766
        852        33
        865        294
        871        180
        873        738
        876        392
        883        743
        898        470
        901        26 23
        908        151
        912        665
        920        190
        924        664 17
        928        261
        933        286
        969        295
        992        194
       1006        685
       1016        394
       1025        290
       1054        675
       1059        422 196
       1091        746
       1093        66
       1124        783
       1156        576
       1161        284
       1178        34
       1186        44
       1220        652
       1227        18
       1303        390
       1308        678
       1321        770
       1392        587
       1393        24
       1441        568
       1598        80
       1786        688
       1853        648
       1910        726
       2000        748
       2044        490
       2181        585
       2236        626
       3045        588



COVARIANCE COVERAGE OF DATA

Minimum covariance coverage value   0.100

     Number of missing data patterns             1


     PROPORTION OF DATA PRESENT


           Covariance Coverage
              R_SEG         PCT_BLAC      PCT_LATI      PCT_SPED      PCT_LOW_
              ________      ________      ________      ________      ________
 R_SEG          1.000
 PCT_BLAC       1.000         1.000
 PCT_LATI       1.000         1.000         1.000
 PCT_SPED       1.000         1.000         1.000         1.000
 PCT_LOW_       1.000         1.000         1.000         1.000         1.000
 PCT_LEP_       1.000         1.000         1.000         1.000         1.000
 RS_AAF0        1.000         1.000         1.000         1.000         1.000
 RS_AAF1        1.000         1.000         1.000         1.000         1.000
 RS_AAM0        1.000         1.000         1.000         1.000         1.000
 RS_AAM1        1.000         1.000         1.000         1.000         1.000
 RS_AIF0        1.000         1.000         1.000         1.000         1.000
 RS_AIF1        1.000         1.000         1.000         1.000         1.000
 RS_AIM0        1.000         1.000         1.000         1.000         1.000
 RS_AIM1        1.000         1.000         1.000         1.000         1.000
 RS_ASF0        1.000         1.000         1.000         1.000         1.000
 RS_ASF1        1.000         1.000         1.000         1.000         1.000
 RS_ASM0        1.000         1.000         1.000         1.000         1.000
 RS_ASM1        1.000         1.000         1.000         1.000         1.000
 RS_HWF0        1.000         1.000         1.000         1.000         1.000
 RS_HWF1        1.000         1.000         1.000         1.000         1.000
 RS_HWM0        1.000         1.000         1.000         1.000         1.000
 RS_HWM1        1.000         1.000         1.000         1.000         1.000
 RS_HLF0        1.000         1.000         1.000         1.000         1.000
 RS_HLF1        1.000         1.000         1.000         1.000         1.000
 RS_HLM0        1.000         1.000         1.000         1.000         1.000
 RS_HLM1        1.000         1.000         1.000         1.000         1.000
 RS_MRF0        1.000         1.000         1.000         1.000         1.000
 RS_MRF1        1.000         1.000         1.000         1.000         1.000
 RS_MRM0        1.000         1.000         1.000         1.000         1.000
 RS_MRM1        1.000         1.000         1.000         1.000         1.000
 RS_WF1         1.000         1.000         1.000         1.000         1.000
 RS_WM0         1.000         1.000         1.000         1.000         1.000
 RS_WM1         1.000         1.000         1.000         1.000         1.000


           Covariance Coverage
              PCT_LEP_      RS_AAF0       RS_AAF1       RS_AAM0       RS_AAM1
              ________      ________      ________      ________      ________
 PCT_LEP_       1.000
 RS_AAF0        1.000         1.000
 RS_AAF1        1.000         1.000         1.000
 RS_AAM0        1.000         1.000         1.000         1.000
 RS_AAM1        1.000         1.000         1.000         1.000         1.000
 RS_AIF0        1.000         1.000         1.000         1.000         1.000
 RS_AIF1        1.000         1.000         1.000         1.000         1.000
 RS_AIM0        1.000         1.000         1.000         1.000         1.000
 RS_AIM1        1.000         1.000         1.000         1.000         1.000
 RS_ASF0        1.000         1.000         1.000         1.000         1.000
 RS_ASF1        1.000         1.000         1.000         1.000         1.000
 RS_ASM0        1.000         1.000         1.000         1.000         1.000
 RS_ASM1        1.000         1.000         1.000         1.000         1.000
 RS_HWF0        1.000         1.000         1.000         1.000         1.000
 RS_HWF1        1.000         1.000         1.000         1.000         1.000
 RS_HWM0        1.000         1.000         1.000         1.000         1.000
 RS_HWM1        1.000         1.000         1.000         1.000         1.000
 RS_HLF0        1.000         1.000         1.000         1.000         1.000
 RS_HLF1        1.000         1.000         1.000         1.000         1.000
 RS_HLM0        1.000         1.000         1.000         1.000         1.000
 RS_HLM1        1.000         1.000         1.000         1.000         1.000
 RS_MRF0        1.000         1.000         1.000         1.000         1.000
 RS_MRF1        1.000         1.000         1.000         1.000         1.000
 RS_MRM0        1.000         1.000         1.000         1.000         1.000
 RS_MRM1        1.000         1.000         1.000         1.000         1.000
 RS_WF1         1.000         1.000         1.000         1.000         1.000
 RS_WM0         1.000         1.000         1.000         1.000         1.000
 RS_WM1         1.000         1.000         1.000         1.000         1.000


           Covariance Coverage
              RS_AIF0       RS_AIF1       RS_AIM0       RS_AIM1       RS_ASF0
              ________      ________      ________      ________      ________
 RS_AIF0        1.000
 RS_AIF1        1.000         1.000
 RS_AIM0        1.000         1.000         1.000
 RS_AIM1        1.000         1.000         1.000         1.000
 RS_ASF0        1.000         1.000         1.000         1.000         1.000
 RS_ASF1        1.000         1.000         1.000         1.000         1.000
 RS_ASM0        1.000         1.000         1.000         1.000         1.000
 RS_ASM1        1.000         1.000         1.000         1.000         1.000
 RS_HWF0        1.000         1.000         1.000         1.000         1.000
 RS_HWF1        1.000         1.000         1.000         1.000         1.000
 RS_HWM0        1.000         1.000         1.000         1.000         1.000
 RS_HWM1        1.000         1.000         1.000         1.000         1.000
 RS_HLF0        1.000         1.000         1.000         1.000         1.000
 RS_HLF1        1.000         1.000         1.000         1.000         1.000
 RS_HLM0        1.000         1.000         1.000         1.000         1.000
 RS_HLM1        1.000         1.000         1.000         1.000         1.000
 RS_MRF0        1.000         1.000         1.000         1.000         1.000
 RS_MRF1        1.000         1.000         1.000         1.000         1.000
 RS_MRM0        1.000         1.000         1.000         1.000         1.000
 RS_MRM1        1.000         1.000         1.000         1.000         1.000
 RS_WF1         1.000         1.000         1.000         1.000         1.000
 RS_WM0         1.000         1.000         1.000         1.000         1.000
 RS_WM1         1.000         1.000         1.000         1.000         1.000


           Covariance Coverage
              RS_ASF1       RS_ASM0       RS_ASM1       RS_HWF0       RS_HWF1
              ________      ________      ________      ________      ________
 RS_ASF1        1.000
 RS_ASM0        1.000         1.000
 RS_ASM1        1.000         1.000         1.000
 RS_HWF0        1.000         1.000         1.000         1.000
 RS_HWF1        1.000         1.000         1.000         1.000         1.000
 RS_HWM0        1.000         1.000         1.000         1.000         1.000
 RS_HWM1        1.000         1.000         1.000         1.000         1.000
 RS_HLF0        1.000         1.000         1.000         1.000         1.000
 RS_HLF1        1.000         1.000         1.000         1.000         1.000
 RS_HLM0        1.000         1.000         1.000         1.000         1.000
 RS_HLM1        1.000         1.000         1.000         1.000         1.000
 RS_MRF0        1.000         1.000         1.000         1.000         1.000
 RS_MRF1        1.000         1.000         1.000         1.000         1.000
 RS_MRM0        1.000         1.000         1.000         1.000         1.000
 RS_MRM1        1.000         1.000         1.000         1.000         1.000
 RS_WF1         1.000         1.000         1.000         1.000         1.000
 RS_WM0         1.000         1.000         1.000         1.000         1.000
 RS_WM1         1.000         1.000         1.000         1.000         1.000


           Covariance Coverage
              RS_HWM0       RS_HWM1       RS_HLF0       RS_HLF1       RS_HLM0
              ________      ________      ________      ________      ________
 RS_HWM0        1.000
 RS_HWM1        1.000         1.000
 RS_HLF0        1.000         1.000         1.000
 RS_HLF1        1.000         1.000         1.000         1.000
 RS_HLM0        1.000         1.000         1.000         1.000         1.000
 RS_HLM1        1.000         1.000         1.000         1.000         1.000
 RS_MRF0        1.000         1.000         1.000         1.000         1.000
 RS_MRF1        1.000         1.000         1.000         1.000         1.000
 RS_MRM0        1.000         1.000         1.000         1.000         1.000
 RS_MRM1        1.000         1.000         1.000         1.000         1.000
 RS_WF1         1.000         1.000         1.000         1.000         1.000
 RS_WM0         1.000         1.000         1.000         1.000         1.000
 RS_WM1         1.000         1.000         1.000         1.000         1.000


           Covariance Coverage
              RS_HLM1       RS_MRF0       RS_MRF1       RS_MRM0       RS_MRM1
              ________      ________      ________      ________      ________
 RS_HLM1        1.000
 RS_MRF0        1.000         1.000
 RS_MRF1        1.000         1.000         1.000
 RS_MRM0        1.000         1.000         1.000         1.000
 RS_MRM1        1.000         1.000         1.000         1.000         1.000
 RS_WF1         1.000         1.000         1.000         1.000         1.000
 RS_WM0         1.000         1.000         1.000         1.000         1.000
 RS_WM1         1.000         1.000         1.000         1.000         1.000


           Covariance Coverage
              RS_WF1        RS_WM0        RS_WM1
              ________      ________      ________
 RS_WF1         1.000
 RS_WM0         1.000         1.000
 RS_WM1         1.000         1.000         1.000


UNIVARIATE PROPORTIONS AND COUNTS FOR CATEGORICAL VARIABLES

    R_SEG
      Category 1    0.845       116138.000
      Category 2    0.101        13934.000
      Category 3    0.026         3599.000
      Category 4    0.027         3721.000



UNIVARIATE SAMPLE STATISTICS


     UNIVARIATE HIGHER-ORDER MOMENT DESCRIPTIVE STATISTICS

         Variable/         Mean/     Skewness/   Minimum/ % with                Percentiles
        Sample Size      Variance    Kurtosis    Maximum  Min/Max      20%/60%    40%/80%    Median

     PCT_BLACK_C          -2.458       1.134     -33.106    0.00%     -18.633     -7.586     -4.087
          137392.000     323.269       1.816      63.566    0.44%      -0.247      9.539
     PCT_LATINE_C          0.637       1.818     -18.064    0.44%     -10.611     -7.000     -4.036
          137392.000     223.167       3.730      66.404    0.59%      -0.345      7.904
     PCT_SPED_C           -6.539       5.880     -21.497    0.71%     -11.213     -8.724     -7.729
          137392.000      77.510      51.840      77.473    0.51%      -6.516     -3.245
     PCT_LOW_SES_C        -3.558       0.720     -29.306    0.09%     -15.693     -8.903     -3.507
          137392.000     183.621       0.766      45.385    0.44%      -0.648      6.819
     PCT_LEP_C             0.023       1.898     -12.077    0.42%      -8.936     -5.918     -3.487
          137392.000     128.737       4.742      57.494    0.53%      -1.363      6.624
     RS_AAF0               0.087       2.937       0.000   91.33%       0.000      0.000      0.000
          137392.000       0.079       6.624       1.000    8.67%       0.000      0.000
     RS_AAF1               0.065       3.544       0.000   93.54%       0.000      0.000      0.000
          137392.000       0.060      10.559       1.000    6.46%       0.000      0.000
     RS_AAM0               0.090       2.856       0.000   90.95%       0.000      0.000      0.000
          137392.000       0.082       6.154       1.000    9.05%       0.000      0.000
     RS_AAM1               0.065       3.522       0.000   93.48%       0.000      0.000      0.000
          137392.000       0.061      10.404       1.000    6.52%       0.000      0.000
     RS_AIF0               0.001      26.764       0.000   99.86%       0.000      0.000      0.000
          137392.000       0.001     714.331       1.000    0.14%       0.000      0.000
     RS_AIF1               0.001      40.649       0.000   99.94%       0.000      0.000      0.000
          137392.000       0.001    1650.326       1.000    0.06%       0.000      0.000
     RS_AIM0               0.001      26.487       0.000   99.86%       0.000      0.000      0.000
          137392.000       0.001     699.576       1.000    0.14%       0.000      0.000
     RS_AIM1               0.001      41.405       0.000   99.94%       0.000      0.000      0.000
          137392.000       0.001    1712.401       1.000    0.06%       0.000      0.000
     RS_ASF0               0.020       6.930       0.000   98.04%       0.000      0.000      0.000
          137392.000       0.019      46.019       1.000    1.96%       0.000      0.000
     RS_ASF1               0.002      24.487       0.000   99.83%       0.000      0.000      0.000
          137392.000       0.002     597.598       1.000    0.17%       0.000      0.000
     RS_ASM0               0.022       6.579       0.000   97.84%       0.000      0.000      0.000
          137392.000       0.021      41.282       1.000    2.16%       0.000      0.000
     RS_ASM1               0.002      24.221       0.000   99.83%       0.000      0.000      0.000
          137392.000       0.002     584.667       1.000    0.17%       0.000      0.000
     RS_HWF0               0.000      44.916       0.000   99.95%       0.000      0.000      0.000
          137392.000       0.000    2015.471       1.000    0.05%       0.000      0.000
     RS_HWF1               0.000      72.673       0.000   99.98%       0.000      0.000      0.000
          137392.000       0.000    5279.308       1.000    0.02%       0.000      0.000
     RS_HWM0               0.000      44.916       0.000   99.95%       0.000      0.000      0.000
          137392.000       0.000    2015.471       1.000    0.05%       0.000      0.000
     RS_HWM1               0.000      82.865       0.000   99.99%       0.000      0.000      0.000
          137392.000       0.000    6864.600       1.000    0.01%       0.000      0.000
     RS_HLF0               0.070       3.370       0.000   93.00%       0.000      0.000      0.000
          137392.000       0.065       9.360       1.000    7.00%       0.000      0.000
     RS_HLF1               0.028       5.679       0.000   97.16%       0.000      0.000      0.000
          137392.000       0.028      30.249       1.000    2.84%       0.000      0.000
     RS_HLM0               0.071       3.336       0.000   92.88%       0.000      0.000      0.000
          137392.000       0.066       9.131       1.000    7.12%       0.000      0.000
     RS_HLM1               0.028       5.737       0.000   97.21%       0.000      0.000      0.000
          137392.000       0.027      30.911       1.000    2.79%       0.000      0.000
     RS_MRF0               0.018       7.284       0.000   98.22%       0.000      0.000      0.000
          137392.000       0.018      51.051       1.000    1.78%       0.000      0.000
     RS_MRF1               0.010       9.977       0.000   99.02%       0.000      0.000      0.000
          137392.000       0.010      97.541       1.000    0.98%       0.000      0.000
     RS_MRM0               0.018       7.209       0.000   98.18%       0.000      0.000      0.000
          137392.000       0.018      49.975       1.000    1.82%       0.000      0.000
     RS_MRM1               0.009      10.311       0.000   99.09%       0.000      0.000      0.000
          137392.000       0.009     104.311       1.000    0.91%       0.000      0.000
     RS_WF1                0.030       5.466       0.000   96.96%       0.000      0.000      0.000
          137392.000       0.030      27.877       1.000    3.04%       0.000      0.000
     RS_WM0                0.168       1.772       0.000   83.16%       0.000      0.000      0.000
          137392.000       0.140       1.140       1.000   16.84%       0.000      0.000
     RS_WM1                0.032       5.277       0.000   96.75%       0.000      0.000      0.000
          137392.000       0.031      25.846       1.000    3.25%       0.000      0.000


THE MODEL ESTIMATION TERMINATED NORMALLY

     USE THE FBITERATIONS OPTION TO INCREASE THE NUMBER OF ITERATIONS BY A FACTOR
     OF AT LEAST TWO TO CHECK CONVERGENCE AND THAT THE PSR VALUE DOES NOT INCREASE.



MODEL FIT INFORMATION

Number of Free Parameters                             141



MODEL RESULTS

                                Posterior  One-Tailed         95% C.I.
                    Estimate       S.D.      P-Value   Lower 2.5%  Upper 2.5%  Significance

Within Level

 R_SEG      ON
    RS_AAF0            0.117       0.020      0.000       0.078       0.154      *
    RS_AIF0            0.018       0.122      0.439      -0.225       0.252
    RS_AIF1            0.199       0.172      0.130      -0.152       0.521
    RS_AIM0            0.453       0.104      0.000       0.242       0.651      *
    RS_AIM1            0.626       0.152      0.000       0.326       0.920      *
    RS_ASF0           -0.507       0.051      0.000      -0.607      -0.407      *
    RS_ASF1           -0.346       0.142      0.005      -0.638      -0.080      *
    RS_ASM0           -0.015       0.036      0.332      -0.085       0.054
    RS_ASM1            0.225       0.103      0.016       0.020       0.423      *
    RS_HWF0            0.387       0.178      0.018       0.026       0.725      *
    RS_HWF1           -0.556       0.492      0.100      -1.671       0.261
    RS_HWM0            0.164       0.193      0.206      -0.229       0.524
    RS_HWM1            0.476       0.317      0.073      -0.176       1.060
    RS_HLF0           -0.027       0.022      0.105      -0.072       0.015
    RS_HLM0            0.282       0.020      0.000       0.243       0.321      *
    RS_MRF0            0.026       0.037      0.241      -0.046       0.101
    RS_MRF1            0.229       0.044      0.000       0.142       0.315      *
    RS_MRM0            0.334       0.032      0.000       0.271       0.398      *
    RS_MRM1            0.661       0.040      0.000       0.582       0.738      *
    RS_WM0             0.319       0.015      0.000       0.289       0.349      *

 PCT_LATI WITH
    PCT_BLACK_         0.000       0.000      0.496       0.000       0.000

 PCT_SPED WITH
    PCT_BLACK_         0.000       0.000      0.493       0.000       0.000
    PCT_LATINE         0.000       0.000      0.492       0.000       0.000

 PCT_LOW_ WITH
    PCT_BLACK_         0.000       0.000      0.500       0.000       0.000
    PCT_LATINE         0.000       0.000      0.499       0.000       0.000
    PCT_SPED_C         0.000       0.000      0.500       0.000       0.000

 PCT_LEP_ WITH
    PCT_BLACK_         0.000       0.000      0.497       0.000       0.000
    PCT_LATINE         0.000       0.000      0.493       0.000       0.000
    PCT_SPED_C         0.000       0.000      0.498       0.000       0.000
    PCT_LOW_SE         0.000       0.000      0.495       0.000       0.000

 Variances
    PCT_BLACK_         0.000       0.000      0.000       0.000       0.000      *
    PCT_LATINE         0.000       0.000      0.000       0.000       0.000      *
    PCT_SPED_C         0.000       0.000      0.000       0.000       0.000      *
    PCT_LOW_SE         0.000       0.000      0.000       0.000       0.000      *
    PCT_LEP_C          0.000       0.000      0.000       0.000       0.000      *

Between Level

 S1         ON
    PCT_BLACK_        -0.004       0.002      0.029      -0.009       0.000
    PCT_LATINE        -0.006       0.004      0.071      -0.014       0.002
    PCT_SPED_C         0.001       0.003      0.395      -0.005       0.006
    PCT_LOW_SE         0.001       0.003      0.315      -0.005       0.008
    PCT_LEP_C          0.001       0.005      0.421      -0.009       0.011

 S2         ON
    PCT_BLACK_        -0.006       0.002      0.002      -0.010      -0.002      *
    PCT_LATINE        -0.001       0.004      0.402      -0.008       0.006
    PCT_SPED_C        -0.003       0.002      0.129      -0.007       0.002
    PCT_LOW_SE         0.004       0.003      0.104      -0.002       0.009
    PCT_LEP_C         -0.004       0.005      0.188      -0.014       0.005

 S3         ON
    PCT_BLACK_        -0.007       0.002      0.000      -0.011      -0.003      *
    PCT_LATINE        -0.004       0.003      0.117      -0.010       0.003
    PCT_SPED_C        -0.002       0.002      0.134      -0.006       0.002
    PCT_LOW_SE         0.007       0.003      0.003       0.002       0.012      *
    PCT_LEP_C         -0.002       0.004      0.299      -0.010       0.006

 S4         ON
    PCT_BLACK_        -0.003       0.003      0.173      -0.010       0.003
    PCT_LATINE        -0.002       0.005      0.348      -0.011       0.008
    PCT_SPED_C        -0.004       0.004      0.194      -0.012       0.005
    PCT_LOW_SE        -0.001       0.004      0.378      -0.010       0.007
    PCT_LEP_C         -0.007       0.006      0.128      -0.019       0.005

 S5         ON
    PCT_BLACK_        -0.002       0.003      0.226      -0.008       0.004
    PCT_LATINE        -0.008       0.004      0.027      -0.017       0.000
    PCT_SPED_C         0.000       0.004      0.470      -0.007       0.007
    PCT_LOW_SE         0.002       0.004      0.289      -0.005       0.010
    PCT_LEP_C          0.003       0.006      0.325      -0.008       0.014

 S6         ON
    PCT_BLACK_        -0.003       0.003      0.136      -0.008       0.002
    PCT_LATINE         0.000       0.005      0.478      -0.009       0.010
    PCT_SPED_C        -0.004       0.003      0.127      -0.010       0.003
    PCT_LOW_SE         0.005       0.004      0.110      -0.003       0.012
    PCT_LEP_C         -0.006       0.006      0.181      -0.018       0.006

 S7         ON
    PCT_BLACK_        -0.003       0.003      0.142      -0.008       0.002
    PCT_LATINE        -0.004       0.004      0.205      -0.012       0.005
    PCT_SPED_C        -0.003       0.003      0.178      -0.009       0.003
    PCT_LOW_SE         0.004       0.003      0.134      -0.003       0.011
    PCT_LEP_C          0.003       0.005      0.281      -0.007       0.014

 R_SEG      ON
    PCT_BLACK_         0.001       0.001      0.217      -0.001       0.003
    PCT_LATINE         0.002       0.002      0.145      -0.001       0.005
    PCT_SPED_C         0.042       0.001      0.000       0.041       0.044      *
    PCT_LOW_SE        -0.005       0.001      0.000      -0.007      -0.002      *
    PCT_LEP_C          0.002       0.002      0.197      -0.002       0.006

 R_SEG    WITH
    S1                -0.006       0.003      0.034      -0.013       0.000
    S2                -0.005       0.003      0.059      -0.011       0.001
    S3                -0.002       0.003      0.170      -0.008       0.003
    S4                -0.004       0.004      0.163      -0.012       0.004
    S5                -0.002       0.004      0.287      -0.010       0.005
    S6                -0.005       0.004      0.079      -0.013       0.002
    S7                -0.005       0.003      0.067      -0.012       0.001

 S1       WITH
    S2                 0.015       0.007      0.010       0.002       0.030      *
    S3                 0.009       0.006      0.036      -0.001       0.022
    S4                 0.009       0.009      0.131      -0.007       0.028
    S5                 0.007       0.008      0.177      -0.008       0.024
    S6                 0.020       0.009      0.006       0.004       0.040      *
    S7                 0.012       0.008      0.036      -0.001       0.029

 S2       WITH
    S3                 0.010       0.006      0.019       0.001       0.022      *
    S4                 0.011       0.009      0.084      -0.004       0.029
    S5                 0.010       0.008      0.094      -0.004       0.026
    S6                 0.012       0.008      0.068      -0.004       0.029
    S7                 0.013       0.007      0.024       0.000       0.028      *

 S3       WITH
    S4                 0.006       0.007      0.181      -0.007       0.020
    S5                 0.006       0.007      0.160      -0.006       0.020
    S6                 0.005       0.007      0.236      -0.008       0.018
    S7                 0.005       0.006      0.197      -0.006       0.017

 S4       WITH
    S5                 0.009       0.010      0.161      -0.010       0.031
    S6                 0.007       0.011      0.242      -0.013       0.029
    S7                 0.007       0.009      0.220      -0.010       0.025

 S5       WITH
    S6                 0.004       0.010      0.343      -0.015       0.024
    S7                 0.006       0.009      0.219      -0.010       0.024

 S6       WITH
    S7                 0.017       0.009      0.015       0.001       0.037      *

 PCT_LATI WITH
    PCT_BLACK_       -80.786      19.700      0.000    -121.888     -44.620      *

 PCT_SPED WITH
    PCT_BLACK_        52.165      28.012      0.027      -0.900     109.038
    PCT_LATINE       -15.472      19.953      0.216     -55.164      23.265

 PCT_LOW_ WITH
    PCT_BLACK_       205.318      24.800      0.000     162.730     259.385      *
    PCT_LATINE        37.149      14.800      0.005       9.031      67.598      *
    PCT_SPED_C        54.381      21.483      0.005      14.221      98.302      *

 PCT_LEP_ WITH
    PCT_BLACK_       -53.329      15.652      0.000     -85.649     -24.188      *
    PCT_LATINE       139.261      14.554      0.000     114.169     171.333      *
    PCT_SPED_C       -41.322      16.168      0.004     -74.353     -11.124      *
    PCT_LOW_SE        38.903      12.025      0.000      16.696      63.889      *

 Means
    PCT_BLACK_        -0.151       1.341      0.454      -2.791       2.462
    PCT_LATINE         0.151       0.967      0.437      -1.745       2.037
    PCT_SPED_C        -1.775       1.393      0.100      -4.550       0.918
    PCT_LOW_SE        -0.109       1.029      0.456      -2.111       1.906
    PCT_LEP_C          0.121       0.774      0.439      -1.383       1.640

 Intercepts
    S1                 0.334       0.031      0.000       0.274       0.395      *
    S2                 0.675       0.028      0.000       0.619       0.731      *
    S3                 0.496       0.026      0.000       0.444       0.547      *
    S4                 0.210       0.045      0.000       0.124       0.302      *
    S5                 0.582       0.039      0.000       0.503       0.659      *
    S6                 0.332       0.038      0.000       0.256       0.406      *
    S7                 0.661       0.034      0.000       0.593       0.728      *

 Thresholds
    R_SEG$1            1.067       0.016      0.000       1.035       1.097      *
    R_SEG$2            1.743       0.016      0.000       1.710       1.774      *
    R_SEG$3            2.132       0.017      0.000       2.098       2.165      *

 Variances
    PCT_BLACK_       386.101      37.601      0.000     322.574     469.487      *
    PCT_LATINE       198.681      19.318      0.000     165.611     241.091      *
    PCT_SPED_C       418.959      40.941      0.000     347.798     508.825      *
    PCT_LOW_SE       225.884      22.011      0.000     188.216     274.195      *
    PCT_LEP_C        128.578      12.458      0.000     107.122     155.985      *

 Residual Variances
    R_SEG              0.016       0.002      0.000       0.013       0.022      *
    S1                 0.052       0.010      0.000       0.035       0.076      *
    S2                 0.047       0.009      0.000       0.032       0.066      *
    S3                 0.036       0.007      0.000       0.026       0.051      *
    S4                 0.062       0.016      0.000       0.038       0.099      *
    S5                 0.058       0.013      0.000       0.038       0.090      *
    S6                 0.065       0.015      0.000       0.042       0.099      *
    S7                 0.052       0.011      0.000       0.034       0.077      *


STANDARDIZED MODEL RESULTS


STDYX Standardization

                                Posterior  One-Tailed         95% C.I.
                    Estimate       S.D.      P-Value   Lower 2.5%  Upper 2.5%  Significance

Within-Level Standardized Estimates Averaged Over Clusters

 S1 | R_SEG ON
    RS_AAF1            0.071       0.005      0.000       0.061       0.082      *

 S2 | R_SEG ON
    RS_AAM1            0.152       0.006      0.000       0.141       0.163      *

 S3 | R_SEG ON
    RS_AAM0            0.125       0.006      0.000       0.113       0.136      *

 S4 | R_SEG ON
    RS_HLF1            0.026       0.005      0.000       0.017       0.035      *

 S5 | R_SEG ON
    RS_HLM1            0.082       0.005      0.000       0.073       0.091      *

 S6 | R_SEG ON
    RS_WF1             0.056       0.005      0.000       0.045       0.064      *

 S7 | R_SEG ON
    RS_WM1             0.112       0.005      0.000       0.103       0.122      *

 R_SEG      ON
    RS_AAF0            0.029       0.005      0.000       0.019       0.039      *
    RS_AIF0            0.001       0.003      0.400      -0.005       0.006
    RS_AIF1            0.002       0.002      0.154      -0.002       0.006
    RS_AIM0            0.010       0.002      0.000       0.005       0.015      *
    RS_AIM1            0.007       0.002      0.000       0.004       0.011      *
    RS_ASF0           -0.048       0.005      0.000      -0.058      -0.039      *
    RS_ASF1           -0.008       0.003      0.004      -0.015      -0.003      *
    RS_ASM0           -0.001       0.004      0.342      -0.009       0.006
    RS_ASM1            0.005       0.002      0.021       0.000       0.010      *
    RS_HWF0            0.004       0.002      0.013       0.000       0.007      *
    RS_HWF1           -0.002       0.002      0.074      -0.006       0.001
    RS_HWM0            0.002       0.002      0.197      -0.002       0.005
    RS_HWM1            0.002       0.001      0.062      -0.001       0.003
    RS_HLF0           -0.006       0.005      0.086      -0.018       0.002
    RS_HLM0            0.063       0.004      0.000       0.054       0.072      *
    RS_MRF0            0.003       0.005      0.269      -0.005       0.012
    RS_MRF1            0.020       0.004      0.000       0.013       0.028      *
    RS_MRM0            0.040       0.004      0.000       0.032       0.048      *
    RS_MRM1            0.057       0.003      0.000       0.050       0.064      *
    RS_WM0             0.105       0.005      0.000       0.094       0.114      *

 PCT_LATI WITH
    PCT_BLACK_         0.000       0.012      0.489      -0.025       0.023

 PCT_SPED WITH
    PCT_BLACK_         0.000       0.012      0.495      -0.024       0.024
    PCT_LATINE         0.000       0.012      0.491      -0.024       0.025

 PCT_LOW_ WITH
    PCT_BLACK_         0.000       0.012      0.486      -0.024       0.024
    PCT_LATINE         0.000       0.013      0.493      -0.023       0.025
    PCT_SPED_C         0.000       0.012      0.494      -0.024       0.023

 PCT_LEP_ WITH
    PCT_BLACK_        -0.001       0.013      0.482      -0.025       0.025
    PCT_LATINE         0.000       0.012      0.491      -0.024       0.024
    PCT_SPED_C         0.001       0.012      0.473      -0.024       0.023
    PCT_LOW_SE         0.000       0.012      0.483      -0.024       0.025

 Variances
    PCT_BLACK_         1.000       0.000      0.000       1.000       1.000
    PCT_LATINE         1.000       0.000      0.000       1.000       1.000
    PCT_SPED_C         1.000       0.000      0.000       1.000       1.000
    PCT_LOW_SE         1.000       0.000      0.000       1.000       1.000
    PCT_LEP_C          1.000       0.000      0.000       1.000       1.000

Between Level

 S1         ON
    PCT_BLACK_        -0.337       0.173      0.029      -0.666       0.011
    PCT_LATINE        -0.327       0.219      0.071      -0.753       0.106
    PCT_SPED_C         0.060       0.212      0.395      -0.363       0.458
    PCT_LOW_SE         0.086       0.181      0.315      -0.270       0.445
    PCT_LEP_C          0.047       0.236      0.421      -0.417       0.508

 S2         ON
    PCT_BLACK_        -0.480       0.167      0.002      -0.792      -0.143      *
    PCT_LATINE        -0.052       0.207      0.402      -0.457       0.349
    PCT_SPED_C        -0.218       0.180      0.129      -0.531       0.167
    PCT_LOW_SE         0.222       0.173      0.104      -0.124       0.554
    PCT_LEP_C         -0.200       0.220      0.188      -0.623       0.237

 S3         ON
    PCT_BLACK_        -0.635       0.164      0.000      -0.939      -0.290      *
    PCT_LATINE        -0.246       0.205      0.117      -0.647       0.161
    PCT_SPED_C        -0.208       0.177      0.134      -0.522       0.171
    PCT_LOW_SE         0.490       0.169      0.003       0.147       0.809      *
    PCT_LEP_C         -0.117       0.218      0.299      -0.536       0.317

 S4         ON
    PCT_BLACK_        -0.199       0.211      0.173      -0.614       0.212
    PCT_LATINE        -0.084       0.218      0.348      -0.513       0.340
    PCT_SPED_C        -0.266       0.271      0.194      -0.680       0.354
    PCT_LOW_SE        -0.067       0.214      0.378      -0.480       0.365
    PCT_LEP_C         -0.257       0.225      0.128      -0.694       0.185

 S5         ON
    PCT_BLACK_        -0.162       0.212      0.226      -0.563       0.262
    PCT_LATINE        -0.428       0.215      0.027      -0.832       0.009
    PCT_SPED_C        -0.024       0.269      0.470      -0.511       0.499
    PCT_LOW_SE         0.122       0.219      0.289      -0.303       0.547
    PCT_LEP_C          0.106       0.232      0.325      -0.354       0.553

 S6         ON
    PCT_BLACK_        -0.214       0.192      0.136      -0.584       0.169
    PCT_LATINE         0.013       0.238      0.478      -0.453       0.472
    PCT_SPED_C        -0.290       0.228      0.127      -0.664       0.204
    PCT_LOW_SE         0.252       0.204      0.110      -0.159       0.640
    PCT_LEP_C         -0.225       0.241      0.181      -0.692       0.253

 S7         ON
    PCT_BLACK_        -0.208       0.194      0.142      -0.583       0.178
    PCT_LATINE        -0.201       0.239      0.205      -0.656       0.273
    PCT_SPED_C        -0.234       0.232      0.178      -0.622       0.274
    PCT_LOW_SE         0.230       0.201      0.134      -0.173       0.615
    PCT_LEP_C          0.142       0.241      0.281      -0.335       0.608

 R_SEG      ON
    PCT_BLACK_         0.018       0.023      0.217      -0.027       0.064
    PCT_LATINE         0.028       0.027      0.145      -0.024       0.082
    PCT_SPED_C         1.003       0.007      0.000       0.990       1.018      *
    PCT_LOW_SE        -0.078       0.024      0.000      -0.127      -0.031      *
    PCT_LEP_C          0.023       0.028      0.197      -0.030       0.077

 R_SEG    WITH
    S1                -0.196       0.103      0.034      -0.388       0.015
    S2                -0.165       0.103      0.059      -0.360       0.042
    S3                -0.102       0.104      0.170      -0.302       0.106
    S4                -0.115       0.114      0.163      -0.330       0.116
    S5                -0.065       0.114      0.287      -0.288       0.160
    S6                -0.158       0.107      0.079      -0.357       0.061
    S7                -0.164       0.105      0.067      -0.362       0.048

 S1       WITH
    S2                 0.308       0.121      0.010       0.049       0.520      *
    S3                 0.219       0.119      0.036      -0.019       0.438
    S4                 0.170       0.144      0.131      -0.127       0.434
    S5                 0.137       0.142      0.177      -0.156       0.400
    S6                 0.348       0.125      0.006       0.078       0.564      *
    S7                 0.245       0.129      0.036      -0.022       0.477

 S2       WITH
    S3                 0.258       0.117      0.019       0.017       0.471      *
    S4                 0.206       0.142      0.084      -0.090       0.468
    S5                 0.191       0.135      0.094      -0.089       0.436
    S6                 0.216       0.135      0.068      -0.070       0.454
    S7                 0.261       0.124      0.024       0.003       0.485      *

 S3       WITH
    S4                 0.127       0.134      0.181      -0.147       0.375
    S5                 0.136       0.132      0.160      -0.129       0.386
    S6                 0.096       0.131      0.236      -0.172       0.342
    S7                 0.116       0.131      0.197      -0.147       0.361

 S4       WITH
    S5                 0.161       0.154      0.161      -0.159       0.438
    S6                 0.111       0.155      0.242      -0.202       0.403
    S7                 0.118       0.147      0.220      -0.175       0.397

 S5       WITH
    S6                 0.064       0.153      0.343      -0.243       0.354
    S7                 0.116       0.147      0.219      -0.181       0.392

 S6       WITH
    S7                 0.307       0.129      0.015       0.028       0.529      *

 PCT_LATI WITH
    PCT_BLACK_        -0.292       0.062      0.000      -0.408      -0.167      *

 PCT_SPED WITH
    PCT_BLACK_         0.131       0.067      0.027      -0.002       0.259
    PCT_LATINE        -0.054       0.068      0.216      -0.186       0.080

 PCT_LOW_ WITH
    PCT_BLACK_         0.697       0.035      0.000       0.622       0.759      *
    PCT_LATINE         0.176       0.066      0.005       0.043       0.302      *
    PCT_SPED_C         0.178       0.066      0.005       0.047       0.303      *

 PCT_LEP_ WITH
    PCT_BLACK_        -0.241       0.064      0.000      -0.360      -0.111      *
    PCT_LATINE         0.873       0.016      0.000       0.838       0.901      *
    PCT_SPED_C        -0.179       0.066      0.004      -0.305      -0.048      *
    PCT_LOW_SE         0.229       0.064      0.000       0.101       0.352      *

 Means
    PCT_BLACK_        -0.008       0.068      0.454      -0.142       0.125
    PCT_LATINE         0.011       0.068      0.437      -0.122       0.144
    PCT_SPED_C        -0.087       0.068      0.100      -0.222       0.044
    PCT_LOW_SE        -0.007       0.068      0.456      -0.140       0.126
    PCT_LEP_C          0.011       0.068      0.439      -0.121       0.144

 Intercepts
    S1                 1.324       0.176      0.000       1.003       1.690      *
    S2                 2.773       0.290      0.000       2.235       3.384      *
    S3                 2.277       0.244      0.000       1.823       2.783      *
    S4                 0.698       0.184      0.000       0.362       1.084      *
    S5                 2.149       0.272      0.000       1.654       2.724      *
    S6                 1.182       0.216      0.000       0.786       1.632      *
    S7                 2.633       0.355      0.000       1.986       3.368      *

 Variances
    PCT_BLACK_         1.000       0.000      0.000       1.000       1.000
    PCT_LATINE         1.000       0.000      0.000       1.000       1.000
    PCT_SPED_C         1.000       0.000      0.000       1.000       1.000
    PCT_LOW_SE         1.000       0.000      0.000       1.000       1.000
    PCT_LEP_C          1.000       0.000      0.000       1.000       1.000

 Residual Variances
    R_SEG              0.022       0.004      0.000       0.016       0.030      *
    S1                 0.828       0.080      0.000       0.638       0.949      *
    S2                 0.795       0.083      0.000       0.609       0.930      *
    S3                 0.774       0.082      0.000       0.594       0.911      *
    S4                 0.691       0.119      0.000       0.431       0.887      *
    S5                 0.809       0.093      0.000       0.579       0.940      *
    S6                 0.836       0.106      0.000       0.567       0.968      *
    S7                 0.838       0.105      0.000       0.568       0.966      *


STDY Standardization

                                Posterior  One-Tailed         95% C.I.
                    Estimate       S.D.      P-Value   Lower 2.5%  Upper 2.5%  Significance

Within-Level Standardized Estimates Averaged Over Clusters

 S1 | R_SEG ON
    RS_AAF1            0.317       0.024      0.000       0.269       0.360      *

 S2 | R_SEG ON
    RS_AAM1            0.654       0.022      0.000       0.609       0.697      *

 S3 | R_SEG ON
    RS_AAM0            0.479       0.022      0.000       0.430       0.519      *

 S4 | R_SEG ON
    RS_HLF1            0.206       0.038      0.000       0.130       0.279      *

 S5 | R_SEG ON
    RS_HLM1            0.561       0.032      0.000       0.498       0.624      *

 S6 | R_SEG ON
    RS_WF1             0.330       0.030      0.000       0.260       0.385      *

 S7 | R_SEG ON
    RS_WM1             0.639       0.029      0.000       0.584       0.699      *

 R_SEG      ON
    RS_AAF0            0.112       0.019      0.000       0.071       0.148      *
    RS_AIF0            0.027       0.120      0.400      -0.215       0.263
    RS_AIF1            0.180       0.168      0.154      -0.153       0.501
    RS_AIM0            0.433       0.099      0.000       0.225       0.622      *
    RS_AIM1            0.609       0.147      0.000       0.321       0.900      *
    RS_ASF0           -0.492       0.050      0.000      -0.599      -0.401      *
    RS_ASF1           -0.344       0.135      0.004      -0.620      -0.103      *
    RS_ASM0           -0.014       0.036      0.342      -0.086       0.055
    RS_ASM1            0.209       0.104      0.021       0.007       0.407      *
    RS_HWF0            0.371       0.168      0.013       0.040       0.687      *
    RS_HWF1           -0.541       0.429      0.074      -1.511       0.182
    RS_HWM0            0.157       0.187      0.197      -0.219       0.506
    RS_HWM1            0.473       0.302      0.062      -0.157       1.026
    RS_HLF0           -0.027       0.022      0.086      -0.077       0.011
    RS_HLM0            0.269       0.019      0.000       0.230       0.308      *
    RS_MRF0            0.024       0.037      0.269      -0.045       0.101
    RS_MRF1            0.222       0.042      0.000       0.138       0.302      *
    RS_MRM0            0.322       0.031      0.000       0.260       0.383      *
    RS_MRM1            0.637       0.038      0.000       0.561       0.711      *
    RS_WM0             0.308       0.016      0.000       0.276       0.337      *

 PCT_LATI WITH
    PCT_BLACK_         0.000       0.012      0.489      -0.025       0.023

 PCT_SPED WITH
    PCT_BLACK_         0.000       0.012      0.495      -0.024       0.024
    PCT_LATINE         0.000       0.012      0.491      -0.024       0.025

 PCT_LOW_ WITH
    PCT_BLACK_         0.000       0.012      0.486      -0.024       0.024
    PCT_LATINE         0.000       0.013      0.493      -0.023       0.025
    PCT_SPED_C         0.000       0.012      0.494      -0.024       0.023

 PCT_LEP_ WITH
    PCT_BLACK_        -0.001       0.013      0.482      -0.025       0.025
    PCT_LATINE         0.000       0.012      0.491      -0.024       0.024
    PCT_SPED_C         0.001       0.012      0.473      -0.024       0.023
    PCT_LOW_SE         0.000       0.012      0.483      -0.024       0.025

 Variances
    PCT_BLACK_         1.000       0.000      0.000       1.000       1.000
    PCT_LATINE         1.000       0.000      0.000       1.000       1.000
    PCT_SPED_C         1.000       0.000      0.000       1.000       1.000
    PCT_LOW_SE         1.000       0.000      0.000       1.000       1.000
    PCT_LEP_C          1.000       0.000      0.000       1.000       1.000

Between Level

 S1         ON
    PCT_BLACK_        -0.337       0.173      0.029      -0.666       0.011
    PCT_LATINE        -0.327       0.219      0.071      -0.753       0.106
    PCT_SPED_C         0.060       0.212      0.395      -0.363       0.458
    PCT_LOW_SE         0.086       0.181      0.315      -0.270       0.445
    PCT_LEP_C          0.047       0.236      0.421      -0.417       0.508

 S2         ON
    PCT_BLACK_        -0.480       0.167      0.002      -0.792      -0.143      *
    PCT_LATINE        -0.052       0.207      0.402      -0.457       0.349
    PCT_SPED_C        -0.218       0.180      0.129      -0.531       0.167
    PCT_LOW_SE         0.222       0.173      0.104      -0.124       0.554
    PCT_LEP_C         -0.200       0.220      0.188      -0.623       0.237

 S3         ON
    PCT_BLACK_        -0.635       0.164      0.000      -0.939      -0.290      *
    PCT_LATINE        -0.246       0.205      0.117      -0.647       0.161
    PCT_SPED_C        -0.208       0.177      0.134      -0.522       0.171
    PCT_LOW_SE         0.490       0.169      0.003       0.147       0.809      *
    PCT_LEP_C         -0.117       0.218      0.299      -0.536       0.317

 S4         ON
    PCT_BLACK_        -0.199       0.211      0.173      -0.614       0.212
    PCT_LATINE        -0.084       0.218      0.348      -0.513       0.340
    PCT_SPED_C        -0.266       0.271      0.194      -0.680       0.354
    PCT_LOW_SE        -0.067       0.214      0.378      -0.480       0.365
    PCT_LEP_C         -0.257       0.225      0.128      -0.694       0.185

 S5         ON
    PCT_BLACK_        -0.162       0.212      0.226      -0.563       0.262
    PCT_LATINE        -0.428       0.215      0.027      -0.832       0.009
    PCT_SPED_C        -0.024       0.269      0.470      -0.511       0.499
    PCT_LOW_SE         0.122       0.219      0.289      -0.303       0.547
    PCT_LEP_C          0.106       0.232      0.325      -0.354       0.553

 S6         ON
    PCT_BLACK_        -0.214       0.192      0.136      -0.584       0.169
    PCT_LATINE         0.013       0.238      0.478      -0.453       0.472
    PCT_SPED_C        -0.290       0.228      0.127      -0.664       0.204
    PCT_LOW_SE         0.252       0.204      0.110      -0.159       0.640
    PCT_LEP_C         -0.225       0.241      0.181      -0.692       0.253

 S7         ON
    PCT_BLACK_        -0.208       0.194      0.142      -0.583       0.178
    PCT_LATINE        -0.201       0.239      0.205      -0.656       0.273
    PCT_SPED_C        -0.234       0.232      0.178      -0.622       0.274
    PCT_LOW_SE         0.230       0.201      0.134      -0.173       0.615
    PCT_LEP_C          0.142       0.241      0.281      -0.335       0.608

 R_SEG      ON
    PCT_BLACK_         0.018       0.023      0.217      -0.027       0.064
    PCT_LATINE         0.028       0.027      0.145      -0.024       0.082
    PCT_SPED_C         1.003       0.007      0.000       0.990       1.018      *
    PCT_LOW_SE        -0.078       0.024      0.000      -0.127      -0.031      *
    PCT_LEP_C          0.023       0.028      0.197      -0.030       0.077

 R_SEG    WITH
    S1                -0.196       0.103      0.034      -0.388       0.015
    S2                -0.165       0.103      0.059      -0.360       0.042
    S3                -0.102       0.104      0.170      -0.302       0.106
    S4                -0.115       0.114      0.163      -0.330       0.116
    S5                -0.065       0.114      0.287      -0.288       0.160
    S6                -0.158       0.107      0.079      -0.357       0.061
    S7                -0.164       0.105      0.067      -0.362       0.048

 S1       WITH
    S2                 0.308       0.121      0.010       0.049       0.520      *
    S3                 0.219       0.119      0.036      -0.019       0.438
    S4                 0.170       0.144      0.131      -0.127       0.434
    S5                 0.137       0.142      0.177      -0.156       0.400
    S6                 0.348       0.125      0.006       0.078       0.564      *
    S7                 0.245       0.129      0.036      -0.022       0.477

 S2       WITH
    S3                 0.258       0.117      0.019       0.017       0.471      *
    S4                 0.206       0.142      0.084      -0.090       0.468
    S5                 0.191       0.135      0.094      -0.089       0.436
    S6                 0.216       0.135      0.068      -0.070       0.454
    S7                 0.261       0.124      0.024       0.003       0.485      *

 S3       WITH
    S4                 0.127       0.134      0.181      -0.147       0.375
    S5                 0.136       0.132      0.160      -0.129       0.386
    S6                 0.096       0.131      0.236      -0.172       0.342
    S7                 0.116       0.131      0.197      -0.147       0.361

 S4       WITH
    S5                 0.161       0.154      0.161      -0.159       0.438
    S6                 0.111       0.155      0.242      -0.202       0.403
    S7                 0.118       0.147      0.220      -0.175       0.397

 S5       WITH
    S6                 0.064       0.153      0.343      -0.243       0.354
    S7                 0.116       0.147      0.219      -0.181       0.392

 S6       WITH
    S7                 0.307       0.129      0.015       0.028       0.529      *

 PCT_LATI WITH
    PCT_BLACK_        -0.292       0.062      0.000      -0.408      -0.167      *

 PCT_SPED WITH
    PCT_BLACK_         0.131       0.067      0.027      -0.002       0.259
    PCT_LATINE        -0.054       0.068      0.216      -0.186       0.080

 PCT_LOW_ WITH
    PCT_BLACK_         0.697       0.035      0.000       0.622       0.759      *
    PCT_LATINE         0.176       0.066      0.005       0.043       0.302      *
    PCT_SPED_C         0.178       0.066      0.005       0.047       0.303      *

 PCT_LEP_ WITH
    PCT_BLACK_        -0.241       0.064      0.000      -0.360      -0.111      *
    PCT_LATINE         0.873       0.016      0.000       0.838       0.901      *
    PCT_SPED_C        -0.179       0.066      0.004      -0.305      -0.048      *
    PCT_LOW_SE         0.229       0.064      0.000       0.101       0.352      *

 Means
    PCT_BLACK_        -0.008       0.068      0.454      -0.142       0.125
    PCT_LATINE         0.011       0.068      0.437      -0.122       0.144
    PCT_SPED_C        -0.087       0.068      0.100      -0.222       0.044
    PCT_LOW_SE        -0.007       0.068      0.456      -0.140       0.126
    PCT_LEP_C          0.011       0.068      0.439      -0.121       0.144

 Intercepts
    S1                 1.324       0.176      0.000       1.003       1.690      *
    S2                 2.773       0.290      0.000       2.235       3.384      *
    S3                 2.277       0.244      0.000       1.823       2.783      *
    S4                 0.698       0.184      0.000       0.362       1.084      *
    S5                 2.149       0.272      0.000       1.654       2.724      *
    S6                 1.182       0.216      0.000       0.786       1.632      *
    S7                 2.633       0.355      0.000       1.986       3.368      *

 Variances
    PCT_BLACK_         1.000       0.000      0.000       1.000       1.000
    PCT_LATINE         1.000       0.000      0.000       1.000       1.000
    PCT_SPED_C         1.000       0.000      0.000       1.000       1.000
    PCT_LOW_SE         1.000       0.000      0.000       1.000       1.000
    PCT_LEP_C          1.000       0.000      0.000       1.000       1.000

 Residual Variances
    R_SEG              0.022       0.004      0.000       0.016       0.030      *
    S1                 0.828       0.080      0.000       0.638       0.949      *
    S2                 0.795       0.083      0.000       0.609       0.930      *
    S3                 0.774       0.082      0.000       0.594       0.911      *
    S4                 0.691       0.119      0.000       0.431       0.887      *
    S5                 0.809       0.093      0.000       0.579       0.940      *
    S6                 0.836       0.106      0.000       0.567       0.968      *
    S7                 0.838       0.105      0.000       0.568       0.966      *


STD Standardization

                                Posterior  One-Tailed         95% C.I.
                    Estimate       S.D.      P-Value   Lower 2.5%  Upper 2.5%  Significance

Within-Level Standardized Estimates Averaged Over Clusters

 S1 | R_SEG ON
    RS_AAF1            0.329       0.024      0.000       0.280       0.374      *

 S2 | R_SEG ON
    RS_AAM1            0.677       0.024      0.000       0.630       0.724      *

 S3 | R_SEG ON
    RS_AAM0            0.496       0.023      0.000       0.445       0.538      *

 S4 | R_SEG ON
    RS_HLF1            0.214       0.039      0.000       0.135       0.289      *

 S5 | R_SEG ON
    RS_HLM1            0.581       0.033      0.000       0.514       0.645      *

 S6 | R_SEG ON
    RS_WF1             0.342       0.031      0.000       0.270       0.399      *

 S7 | R_SEG ON
    RS_WM1             0.661       0.030      0.000       0.605       0.724      *

 R_SEG      ON
    RS_AAF0            0.116       0.020      0.000       0.074       0.153      *
    RS_AIF0            0.028       0.124      0.400      -0.222       0.272
    RS_AIF1            0.186       0.174      0.154      -0.159       0.518
    RS_AIM0            0.447       0.103      0.000       0.232       0.644      *
    RS_AIM1            0.631       0.152      0.000       0.332       0.931      *
    RS_ASF0           -0.508       0.052      0.000      -0.619      -0.415      *
    RS_ASF1           -0.356       0.140      0.004      -0.640      -0.107      *
    RS_ASM0           -0.015       0.037      0.342      -0.089       0.057
    RS_ASM1            0.216       0.108      0.021       0.007       0.421      *
    RS_HWF0            0.383       0.173      0.013       0.042       0.711      *
    RS_HWF1           -0.559       0.444      0.074      -1.561       0.188
    RS_HWM0            0.162       0.193      0.197      -0.226       0.522
    RS_HWM1            0.489       0.312      0.062      -0.163       1.060
    RS_HLF0           -0.028       0.023      0.086      -0.080       0.011
    RS_HLM0            0.278       0.020      0.000       0.238       0.319      *
    RS_MRF0            0.025       0.039      0.269      -0.046       0.104
    RS_MRF1            0.229       0.044      0.000       0.143       0.313      *
    RS_MRM0            0.333       0.032      0.000       0.269       0.397      *
    RS_MRM1            0.659       0.040      0.000       0.580       0.735      *
    RS_WM0             0.319       0.017      0.000       0.285       0.349      *

 PCT_LATI WITH
    PCT_BLACK_         0.000       0.000      0.489       0.000       0.000

 PCT_SPED WITH
    PCT_BLACK_         0.000       0.000      0.495       0.000       0.000
    PCT_LATINE         0.000       0.000      0.491       0.000       0.000

 PCT_LOW_ WITH
    PCT_BLACK_         0.000       0.000      0.486       0.000       0.000
    PCT_LATINE         0.000       0.000      0.493       0.000       0.000
    PCT_SPED_C         0.000       0.000      0.494       0.000       0.000

 PCT_LEP_ WITH
    PCT_BLACK_         0.000       0.000      0.482       0.000       0.000
    PCT_LATINE         0.000       0.000      0.491       0.000       0.000
    PCT_SPED_C         0.000       0.000      0.473       0.000       0.000
    PCT_LOW_SE         0.000       0.000      0.483       0.000       0.000

 Variances
    PCT_BLACK_         0.000       0.000      0.000       0.000       0.000      *
    PCT_LATINE         0.000       0.000      0.000       0.000       0.000      *
    PCT_SPED_C         0.000       0.000      0.000       0.000       0.000      *
    PCT_LOW_SE         0.000       0.000      0.000       0.000       0.000      *
    PCT_LEP_C          0.000       0.000      0.000       0.000       0.000      *

Between Level

 S1         ON
    PCT_BLACK_        -0.017       0.009      0.029      -0.034       0.001
    PCT_LATINE        -0.023       0.015      0.071      -0.053       0.008
    PCT_SPED_C         0.003       0.010      0.395      -0.018       0.022
    PCT_LOW_SE         0.006       0.012      0.315      -0.018       0.029
    PCT_LEP_C          0.004       0.021      0.421      -0.036       0.045

 S2         ON
    PCT_BLACK_        -0.024       0.008      0.002      -0.040      -0.007      *
    PCT_LATINE        -0.004       0.015      0.402      -0.032       0.025
    PCT_SPED_C        -0.011       0.009      0.129      -0.026       0.008
    PCT_LOW_SE         0.015       0.011      0.104      -0.008       0.037
    PCT_LEP_C         -0.018       0.019      0.188      -0.054       0.021

 S3         ON
    PCT_BLACK_        -0.032       0.008      0.000      -0.047      -0.015      *
    PCT_LATINE        -0.018       0.015      0.117      -0.045       0.011
    PCT_SPED_C        -0.010       0.009      0.134      -0.025       0.008
    PCT_LOW_SE         0.033       0.011      0.003       0.010       0.053      *
    PCT_LEP_C         -0.010       0.019      0.299      -0.047       0.028

 S4         ON
    PCT_BLACK_        -0.010       0.011      0.173      -0.031       0.011
    PCT_LATINE        -0.006       0.015      0.348      -0.036       0.024
    PCT_SPED_C        -0.013       0.013      0.194      -0.033       0.017
    PCT_LOW_SE        -0.004       0.014      0.378      -0.032       0.024
    PCT_LEP_C         -0.023       0.020      0.128      -0.061       0.016

 S5         ON
    PCT_BLACK_        -0.008       0.011      0.226      -0.029       0.013
    PCT_LATINE        -0.030       0.015      0.027      -0.059       0.001
    PCT_SPED_C        -0.001       0.013      0.470      -0.025       0.024
    PCT_LOW_SE         0.008       0.015      0.289      -0.020       0.036
    PCT_LEP_C          0.009       0.020      0.325      -0.031       0.049

 S6         ON
    PCT_BLACK_        -0.011       0.010      0.136      -0.029       0.009
    PCT_LATINE         0.001       0.017      0.478      -0.032       0.033
    PCT_SPED_C        -0.014       0.011      0.127      -0.032       0.010
    PCT_LOW_SE         0.017       0.014      0.110      -0.011       0.042
    PCT_LEP_C         -0.020       0.021      0.181      -0.060       0.022

 S7         ON
    PCT_BLACK_        -0.011       0.010      0.142      -0.030       0.009
    PCT_LATINE        -0.014       0.017      0.205      -0.046       0.019
    PCT_SPED_C        -0.011       0.011      0.178      -0.030       0.013
    PCT_LOW_SE         0.015       0.013      0.134      -0.012       0.040
    PCT_LEP_C          0.013       0.021      0.281      -0.029       0.053

 R_SEG      ON
    PCT_BLACK_         0.001       0.001      0.217      -0.001       0.003
    PCT_LATINE         0.002       0.002      0.145      -0.001       0.005
    PCT_SPED_C         0.042       0.001      0.000       0.041       0.044      *
    PCT_LOW_SE        -0.005       0.001      0.000      -0.007      -0.002      *
    PCT_LEP_C          0.002       0.002      0.197      -0.002       0.006

 R_SEG    WITH
    S1                -0.025       0.014      0.034      -0.052       0.002
    S2                -0.021       0.014      0.059      -0.048       0.005
    S3                -0.013       0.014      0.170      -0.040       0.013
    S4                -0.015       0.015      0.163      -0.044       0.015
    S5                -0.008       0.015      0.287      -0.038       0.021
    S6                -0.020       0.014      0.079      -0.048       0.008
    S7                -0.021       0.014      0.067      -0.049       0.006

 S1       WITH
    S2                 0.308       0.121      0.010       0.049       0.520      *
    S3                 0.219       0.119      0.036      -0.019       0.438
    S4                 0.170       0.144      0.131      -0.127       0.434
    S5                 0.137       0.142      0.177      -0.156       0.400
    S6                 0.348       0.125      0.006       0.078       0.564      *
    S7                 0.245       0.129      0.036      -0.022       0.477

 S2       WITH
    S3                 0.258       0.117      0.019       0.017       0.471      *
    S4                 0.206       0.142      0.084      -0.090       0.468
    S5                 0.191       0.135      0.094      -0.089       0.436
    S6                 0.216       0.135      0.068      -0.070       0.454
    S7                 0.261       0.124      0.024       0.003       0.485      *

 S3       WITH
    S4                 0.127       0.134      0.181      -0.147       0.375
    S5                 0.136       0.132      0.160      -0.129       0.386
    S6                 0.096       0.131      0.236      -0.172       0.342
    S7                 0.116       0.131      0.197      -0.147       0.361

 S4       WITH
    S5                 0.161       0.154      0.161      -0.159       0.438
    S6                 0.111       0.155      0.242      -0.202       0.403
    S7                 0.118       0.147      0.220      -0.175       0.397

 S5       WITH
    S6                 0.064       0.153      0.343      -0.243       0.354
    S7                 0.116       0.147      0.219      -0.181       0.392

 S6       WITH
    S7                 0.307       0.129      0.015       0.028       0.529      *

 PCT_LATI WITH
    PCT_BLACK_       -80.786      19.700      0.000    -121.888     -44.620      *

 PCT_SPED WITH
    PCT_BLACK_        52.165      28.012      0.027      -0.900     109.038
    PCT_LATINE       -15.472      19.953      0.216     -55.164      23.265

 PCT_LOW_ WITH
    PCT_BLACK_       205.318      24.800      0.000     162.730     259.385      *
    PCT_LATINE        37.149      14.800      0.005       9.031      67.598      *
    PCT_SPED_C        54.381      21.483      0.005      14.221      98.302      *

 PCT_LEP_ WITH
    PCT_BLACK_       -53.329      15.652      0.000     -85.649     -24.188      *
    PCT_LATINE       139.261      14.554      0.000     114.169     171.333      *
    PCT_SPED_C       -41.322      16.168      0.004     -74.353     -11.124      *
    PCT_LOW_SE        38.903      12.025      0.000      16.696      63.889      *

 Means
    PCT_BLACK_        -0.151       1.341      0.454      -2.791       2.462
    PCT_LATINE         0.151       0.967      0.437      -1.745       2.037
    PCT_SPED_C        -1.775       1.393      0.100      -4.550       0.918
    PCT_LOW_SE        -0.109       1.029      0.456      -2.111       1.906
    PCT_LEP_C          0.121       0.774      0.439      -1.383       1.640

 Intercepts
    S1                 1.324       0.176      0.000       1.003       1.690      *
    S2                 2.773       0.290      0.000       2.235       3.384      *
    S3                 2.277       0.244      0.000       1.823       2.783      *
    S4                 0.698       0.184      0.000       0.362       1.084      *
    S5                 2.149       0.272      0.000       1.654       2.724      *
    S6                 1.182       0.216      0.000       0.786       1.632      *
    S7                 2.633       0.355      0.000       1.986       3.368      *

 Variances
    PCT_BLACK_       386.101      37.601      0.000     322.574     469.487      *
    PCT_LATINE       198.681      19.318      0.000     165.611     241.091      *
    PCT_SPED_C       418.959      40.941      0.000     347.798     508.825      *
    PCT_LOW_SE       225.884      22.011      0.000     188.216     274.195      *
    PCT_LEP_C        128.578      12.458      0.000     107.122     155.985      *

 Residual Variances
    R_SEG              0.016       0.002      0.000       0.013       0.022      *
    S1                 0.828       0.080      0.000       0.638       0.949      *
    S2                 0.795       0.083      0.000       0.609       0.930      *
    S3                 0.774       0.082      0.000       0.594       0.911      *
    S4                 0.691       0.119      0.000       0.431       0.887      *
    S5                 0.809       0.093      0.000       0.579       0.940      *
    S6                 0.836       0.106      0.000       0.567       0.968      *
    S7                 0.838       0.105      0.000       0.568       0.966      *


R-SQUARE

Within-Level R-Square Averaged Across Clusters

                                Posterior  One-Tailed         95% C.I.
    Variable        Estimate       S.D.      P-Value   Lower 2.5%  Upper 2.5%

    R_SEG              0.064       0.002      0.000       0.060       0.069

Between Level

                                Posterior  One-Tailed         95% C.I.
    Variable        Estimate       S.D.      P-Value   Lower 2.5%  Upper 2.5%

    R_SEG              0.978       0.004      0.000       0.970       0.984

                                Posterior  One-Tailed         95% C.I.
    Variable        Estimate       S.D.      P-Value   Lower 2.5%  Upper 2.5%

    S1                 0.172       0.080      0.000       0.051       0.362
    S2                 0.205       0.083      0.000       0.070       0.391
    S3                 0.226       0.082      0.000       0.089       0.406
    S4                 0.309       0.119      0.000       0.113       0.569
    S5                 0.191       0.093      0.000       0.060       0.421
    S6                 0.164       0.106      0.000       0.032       0.433
    S7                 0.162       0.105      0.000       0.034       0.432


TECHNICAL 1 OUTPUT


     PARAMETER SPECIFICATION FOR WITHIN


           TAU
              R_SEG$1       R_SEG$2       R_SEG$3
              ________      ________      ________
                    0             0             0


           NU
              R_SEG         PCT_BLAC      PCT_LATI      PCT_SPED      PCT_LOW_
              ________      ________      ________      ________      ________
                    0             0             0             0             0


           NU
              PCT_LEP_      RS_AAF0       RS_AAF1       RS_AAM0       RS_AAM1
              ________      ________      ________      ________      ________
                    0             0             0             0             0


           NU
              RS_AIF0       RS_AIF1       RS_AIM0       RS_AIM1       RS_ASF0
              ________      ________      ________      ________      ________
                    0             0             0             0             0


           NU
              RS_ASF1       RS_ASM0       RS_ASM1       RS_HWF0       RS_HWF1
              ________      ________      ________      ________      ________
                    0             0             0             0             0


           NU
              RS_HWM0       RS_HWM1       RS_HLF0       RS_HLF1       RS_HLM0
              ________      ________      ________      ________      ________
                    0             0             0             0             0


           NU
              RS_HLM1       RS_MRF0       RS_MRF1       RS_MRM0       RS_MRM1
              ________      ________      ________      ________      ________
                    0             0             0             0             0


           NU
              RS_WF1        RS_WM0        RS_WM1
              ________      ________      ________
                    0             0             0


           LAMBDA
              R_SEG         PCT_BLAC      PCT_LATI      PCT_SPED      PCT_LOW_
              ________      ________      ________      ________      ________
 R_SEG              0             0             0             0             0
 PCT_BLAC           0             0             0             0             0
 PCT_LATI           0             0             0             0             0
 PCT_SPED           0             0             0             0             0
 PCT_LOW_           0             0             0             0             0
 PCT_LEP_           0             0             0             0             0
 RS_AAF0            0             0             0             0             0
 RS_AAF1            0             0             0             0             0
 RS_AAM0            0             0             0             0             0
 RS_AAM1            0             0             0             0             0
 RS_AIF0            0             0             0             0             0
 RS_AIF1            0             0             0             0             0
 RS_AIM0            0             0             0             0             0
 RS_AIM1            0             0             0             0             0
 RS_ASF0            0             0             0             0             0
 RS_ASF1            0             0             0             0             0
 RS_ASM0            0             0             0             0             0
 RS_ASM1            0             0             0             0             0
 RS_HWF0            0             0             0             0             0
 RS_HWF1            0             0             0             0             0
 RS_HWM0            0             0             0             0             0
 RS_HWM1            0             0             0             0             0
 RS_HLF0            0             0             0             0             0
 RS_HLF1            0             0             0             0             0
 RS_HLM0            0             0             0             0             0
 RS_HLM1            0             0             0             0             0
 RS_MRF0            0             0             0             0             0
 RS_MRF1            0             0             0             0             0
 RS_MRM0            0             0             0             0             0
 RS_MRM1            0             0             0             0             0
 RS_WF1             0             0             0             0             0
 RS_WM0             0             0             0             0             0
 RS_WM1             0             0             0             0             0


           LAMBDA
              PCT_LEP_      RS_AAF0       RS_AAF1       RS_AAM0       RS_AAM1
              ________      ________      ________      ________      ________
 R_SEG              0             0             0             0             0
 PCT_BLAC           0             0             0             0             0
 PCT_LATI           0             0             0             0             0
 PCT_SPED           0             0             0             0             0
 PCT_LOW_           0             0             0             0             0
 PCT_LEP_           0             0             0             0             0
 RS_AAF0            0             0             0             0             0
 RS_AAF1            0             0             0             0             0
 RS_AAM0            0             0             0             0             0
 RS_AAM1            0             0             0             0             0
 RS_AIF0            0             0             0             0             0
 RS_AIF1            0             0             0             0             0
 RS_AIM0            0             0             0             0             0
 RS_AIM1            0             0             0             0             0
 RS_ASF0            0             0             0             0             0
 RS_ASF1            0             0             0             0             0
 RS_ASM0            0             0             0             0             0
 RS_ASM1            0             0             0             0             0
 RS_HWF0            0             0             0             0             0
 RS_HWF1            0             0             0             0             0
 RS_HWM0            0             0             0             0             0
 RS_HWM1            0             0             0             0             0
 RS_HLF0            0             0             0             0             0
 RS_HLF1            0             0             0             0             0
 RS_HLM0            0             0             0             0             0
 RS_HLM1            0             0             0             0             0
 RS_MRF0            0             0             0             0             0
 RS_MRF1            0             0             0             0             0
 RS_MRM0            0             0             0             0             0
 RS_MRM1            0             0             0             0             0
 RS_WF1             0             0             0             0             0
 RS_WM0             0             0             0             0             0
 RS_WM1             0             0             0             0             0


           LAMBDA
              RS_AIF0       RS_AIF1       RS_AIM0       RS_AIM1       RS_ASF0
              ________      ________      ________      ________      ________
 R_SEG              0             0             0             0             0
 PCT_BLAC           0             0             0             0             0
 PCT_LATI           0             0             0             0             0
 PCT_SPED           0             0             0             0             0
 PCT_LOW_           0             0             0             0             0
 PCT_LEP_           0             0             0             0             0
 RS_AAF0            0             0             0             0             0
 RS_AAF1            0             0             0             0             0
 RS_AAM0            0             0             0             0             0
 RS_AAM1            0             0             0             0             0
 RS_AIF0            0             0             0             0             0
 RS_AIF1            0             0             0             0             0
 RS_AIM0            0             0             0             0             0
 RS_AIM1            0             0             0             0             0
 RS_ASF0            0             0             0             0             0
 RS_ASF1            0             0             0             0             0
 RS_ASM0            0             0             0             0             0
 RS_ASM1            0             0             0             0             0
 RS_HWF0            0             0             0             0             0
 RS_HWF1            0             0             0             0             0
 RS_HWM0            0             0             0             0             0
 RS_HWM1            0             0             0             0             0
 RS_HLF0            0             0             0             0             0
 RS_HLF1            0             0             0             0             0
 RS_HLM0            0             0             0             0             0
 RS_HLM1            0             0             0             0             0
 RS_MRF0            0             0             0             0             0
 RS_MRF1            0             0             0             0             0
 RS_MRM0            0             0             0             0             0
 RS_MRM1            0             0             0             0             0
 RS_WF1             0             0             0             0             0
 RS_WM0             0             0             0             0             0
 RS_WM1             0             0             0             0             0


           LAMBDA
              RS_ASF1       RS_ASM0       RS_ASM1       RS_HWF0       RS_HWF1
              ________      ________      ________      ________      ________
 R_SEG              0             0             0             0             0
 PCT_BLAC           0             0             0             0             0
 PCT_LATI           0             0             0             0             0
 PCT_SPED           0             0             0             0             0
 PCT_LOW_           0             0             0             0             0
 PCT_LEP_           0             0             0             0             0
 RS_AAF0            0             0             0             0             0
 RS_AAF1            0             0             0             0             0
 RS_AAM0            0             0             0             0             0
 RS_AAM1            0             0             0             0             0
 RS_AIF0            0             0             0             0             0
 RS_AIF1            0             0             0             0             0
 RS_AIM0            0             0             0             0             0
 RS_AIM1            0             0             0             0             0
 RS_ASF0            0             0             0             0             0
 RS_ASF1            0             0             0             0             0
 RS_ASM0            0             0             0             0             0
 RS_ASM1            0             0             0             0             0
 RS_HWF0            0             0             0             0             0
 RS_HWF1            0             0             0             0             0
 RS_HWM0            0             0             0             0             0
 RS_HWM1            0             0             0             0             0
 RS_HLF0            0             0             0             0             0
 RS_HLF1            0             0             0             0             0
 RS_HLM0            0             0             0             0             0
 RS_HLM1            0             0             0             0             0
 RS_MRF0            0             0             0             0             0
 RS_MRF1            0             0             0             0             0
 RS_MRM0            0             0             0             0             0
 RS_MRM1            0             0             0             0             0
 RS_WF1             0             0             0             0             0
 RS_WM0             0             0             0             0             0
 RS_WM1             0             0             0             0             0


           LAMBDA
              RS_HWM0       RS_HWM1       RS_HLF0       RS_HLF1       RS_HLM0
              ________      ________      ________      ________      ________
 R_SEG              0             0             0             0             0
 PCT_BLAC           0             0             0             0             0
 PCT_LATI           0             0             0             0             0
 PCT_SPED           0             0             0             0             0
 PCT_LOW_           0             0             0             0             0
 PCT_LEP_           0             0             0             0             0
 RS_AAF0            0             0             0             0             0
 RS_AAF1            0             0             0             0             0
 RS_AAM0            0             0             0             0             0
 RS_AAM1            0             0             0             0             0
 RS_AIF0            0             0             0             0             0
 RS_AIF1            0             0             0             0             0
 RS_AIM0            0             0             0             0             0
 RS_AIM1            0             0             0             0             0
 RS_ASF0            0             0             0             0             0
 RS_ASF1            0             0             0             0             0
 RS_ASM0            0             0             0             0             0
 RS_ASM1            0             0             0             0             0
 RS_HWF0            0             0             0             0             0
 RS_HWF1            0             0             0             0             0
 RS_HWM0            0             0             0             0             0
 RS_HWM1            0             0             0             0             0
 RS_HLF0            0             0             0             0             0
 RS_HLF1            0             0             0             0             0
 RS_HLM0            0             0             0             0             0
 RS_HLM1            0             0             0             0             0
 RS_MRF0            0             0             0             0             0
 RS_MRF1            0             0             0             0             0
 RS_MRM0            0             0             0             0             0
 RS_MRM1            0             0             0             0             0
 RS_WF1             0             0             0             0             0
 RS_WM0             0             0             0             0             0
 RS_WM1             0             0             0             0             0


           LAMBDA
              RS_HLM1       RS_MRF0       RS_MRF1       RS_MRM0       RS_MRM1
              ________      ________      ________      ________      ________
 R_SEG              0             0             0             0             0
 PCT_BLAC           0             0             0             0             0
 PCT_LATI           0             0             0             0             0
 PCT_SPED           0             0             0             0             0
 PCT_LOW_           0             0             0             0             0
 PCT_LEP_           0             0             0             0             0
 RS_AAF0            0             0             0             0             0
 RS_AAF1            0             0             0             0             0
 RS_AAM0            0             0             0             0             0
 RS_AAM1            0             0             0             0             0
 RS_AIF0            0             0             0             0             0
 RS_AIF1            0             0             0             0             0
 RS_AIM0            0             0             0             0             0
 RS_AIM1            0             0             0             0             0
 RS_ASF0            0             0             0             0             0
 RS_ASF1            0             0             0             0             0
 RS_ASM0            0             0             0             0             0
 RS_ASM1            0             0             0             0             0
 RS_HWF0            0             0             0             0             0
 RS_HWF1            0             0             0             0             0
 RS_HWM0            0             0             0             0             0
 RS_HWM1            0             0             0             0             0
 RS_HLF0            0             0             0             0             0
 RS_HLF1            0             0             0             0             0
 RS_HLM0            0             0             0             0             0
 RS_HLM1            0             0             0             0             0
 RS_MRF0            0             0             0             0             0
 RS_MRF1            0             0             0             0             0
 RS_MRM0            0             0             0             0             0
 RS_MRM1            0             0             0             0             0
 RS_WF1             0             0             0             0             0
 RS_WM0             0             0             0             0             0
 RS_WM1             0             0             0             0             0


           LAMBDA
              RS_WF1        RS_WM0        RS_WM1
              ________      ________      ________
 R_SEG              0             0             0
 PCT_BLAC           0             0             0
 PCT_LATI           0             0             0
 PCT_SPED           0             0             0
 PCT_LOW_           0             0             0
 PCT_LEP_           0             0             0
 RS_AAF0            0             0             0
 RS_AAF1            0             0             0
 RS_AAM0            0             0             0
 RS_AAM1            0             0             0
 RS_AIF0            0             0             0
 RS_AIF1            0             0             0
 RS_AIM0            0             0             0
 RS_AIM1            0             0             0
 RS_ASF0            0             0             0
 RS_ASF1            0             0             0
 RS_ASM0            0             0             0
 RS_ASM1            0             0             0
 RS_HWF0            0             0             0
 RS_HWF1            0             0             0
 RS_HWM0            0             0             0
 RS_HWM1            0             0             0
 RS_HLF0            0             0             0
 RS_HLF1            0             0             0
 RS_HLM0            0             0             0
 RS_HLM1            0             0             0
 RS_MRF0            0             0             0
 RS_MRF1            0             0             0
 RS_MRM0            0             0             0
 RS_MRM1            0             0             0
 RS_WF1             0             0             0
 RS_WM0             0             0             0
 RS_WM1             0             0             0


           THETA
              R_SEG         PCT_BLAC      PCT_LATI      PCT_SPED      PCT_LOW_
              ________      ________      ________      ________      ________
 R_SEG              0
 PCT_BLAC           0             0
 PCT_LATI           0             0             0
 PCT_SPED           0             0             0             0
 PCT_LOW_           0             0             0             0             0
 PCT_LEP_           0             0             0             0             0
 RS_AAF0            0             0             0             0             0
 RS_AAF1            0             0             0             0             0
 RS_AAM0            0             0             0             0             0
 RS_AAM1            0             0             0             0             0
 RS_AIF0            0             0             0             0             0
 RS_AIF1            0             0             0             0             0
 RS_AIM0            0             0             0             0             0
 RS_AIM1            0             0             0             0             0
 RS_ASF0            0             0             0             0             0
 RS_ASF1            0             0             0             0             0
 RS_ASM0            0             0             0             0             0
 RS_ASM1            0             0             0             0             0
 RS_HWF0            0             0             0             0             0
 RS_HWF1            0             0             0             0             0
 RS_HWM0            0             0             0             0             0
 RS_HWM1            0             0             0             0             0
 RS_HLF0            0             0             0             0             0
 RS_HLF1            0             0             0             0             0
 RS_HLM0            0             0             0             0             0
 RS_HLM1            0             0             0             0             0
 RS_MRF0            0             0             0             0             0
 RS_MRF1            0             0             0             0             0
 RS_MRM0            0             0             0             0             0
 RS_MRM1            0             0             0             0             0
 RS_WF1             0             0             0             0             0
 RS_WM0             0             0             0             0             0
 RS_WM1             0             0             0             0             0


           THETA
              PCT_LEP_      RS_AAF0       RS_AAF1       RS_AAM0       RS_AAM1
              ________      ________      ________      ________      ________
 PCT_LEP_           0
 RS_AAF0            0             0
 RS_AAF1            0             0             0
 RS_AAM0            0             0             0             0
 RS_AAM1            0             0             0             0             0
 RS_AIF0            0             0             0             0             0
 RS_AIF1            0             0             0             0             0
 RS_AIM0            0             0             0             0             0
 RS_AIM1            0             0             0             0             0
 RS_ASF0            0             0             0             0             0
 RS_ASF1            0             0             0             0             0
 RS_ASM0            0             0             0             0             0
 RS_ASM1            0             0             0             0             0
 RS_HWF0            0             0             0             0             0
 RS_HWF1            0             0             0             0             0
 RS_HWM0            0             0             0             0             0
 RS_HWM1            0             0             0             0             0
 RS_HLF0            0             0             0             0             0
 RS_HLF1            0             0             0             0             0
 RS_HLM0            0             0             0             0             0
 RS_HLM1            0             0             0             0             0
 RS_MRF0            0             0             0             0             0
 RS_MRF1            0             0             0             0             0
 RS_MRM0            0             0             0             0             0
 RS_MRM1            0             0             0             0             0
 RS_WF1             0             0             0             0             0
 RS_WM0             0             0             0             0             0
 RS_WM1             0             0             0             0             0


           THETA
              RS_AIF0       RS_AIF1       RS_AIM0       RS_AIM1       RS_ASF0
              ________      ________      ________      ________      ________
 RS_AIF0            0
 RS_AIF1            0             0
 RS_AIM0            0             0             0
 RS_AIM1            0             0             0             0
 RS_ASF0            0             0             0             0             0
 RS_ASF1            0             0             0             0             0
 RS_ASM0            0             0             0             0             0
 RS_ASM1            0             0             0             0             0
 RS_HWF0            0             0             0             0             0
 RS_HWF1            0             0             0             0             0
 RS_HWM0            0             0             0             0             0
 RS_HWM1            0             0             0             0             0
 RS_HLF0            0             0             0             0             0
 RS_HLF1            0             0             0             0             0
 RS_HLM0            0             0             0             0             0
 RS_HLM1            0             0             0             0             0
 RS_MRF0            0             0             0             0             0
 RS_MRF1            0             0             0             0             0
 RS_MRM0            0             0             0             0             0
 RS_MRM1            0             0             0             0             0
 RS_WF1             0             0             0             0             0
 RS_WM0             0             0             0             0             0
 RS_WM1             0             0             0             0             0


           THETA
              RS_ASF1       RS_ASM0       RS_ASM1       RS_HWF0       RS_HWF1
              ________      ________      ________      ________      ________
 RS_ASF1            0
 RS_ASM0            0             0
 RS_ASM1            0             0             0
 RS_HWF0            0             0             0             0
 RS_HWF1            0             0             0             0             0
 RS_HWM0            0             0             0             0             0
 RS_HWM1            0             0             0             0             0
 RS_HLF0            0             0             0             0             0
 RS_HLF1            0             0             0             0             0
 RS_HLM0            0             0             0             0             0
 RS_HLM1            0             0             0             0             0
 RS_MRF0            0             0             0             0             0
 RS_MRF1            0             0             0             0             0
 RS_MRM0            0             0             0             0             0
 RS_MRM1            0             0             0             0             0
 RS_WF1             0             0             0             0             0
 RS_WM0             0             0             0             0             0
 RS_WM1             0             0             0             0             0


           THETA
              RS_HWM0       RS_HWM1       RS_HLF0       RS_HLF1       RS_HLM0
              ________      ________      ________      ________      ________
 RS_HWM0            0
 RS_HWM1            0             0
 RS_HLF0            0             0             0
 RS_HLF1            0             0             0             0
 RS_HLM0            0             0             0             0             0
 RS_HLM1            0             0             0             0             0
 RS_MRF0            0             0             0             0             0
 RS_MRF1            0             0             0             0             0
 RS_MRM0            0             0             0             0             0
 RS_MRM1            0             0             0             0             0
 RS_WF1             0             0             0             0             0
 RS_WM0             0             0             0             0             0
 RS_WM1             0             0             0             0             0


           THETA
              RS_HLM1       RS_MRF0       RS_MRF1       RS_MRM0       RS_MRM1
              ________      ________      ________      ________      ________
 RS_HLM1            0
 RS_MRF0            0             0
 RS_MRF1            0             0             0
 RS_MRM0            0             0             0             0
 RS_MRM1            0             0             0             0             0
 RS_WF1             0             0             0             0             0
 RS_WM0             0             0             0             0             0
 RS_WM1             0             0             0             0             0


           THETA
              RS_WF1        RS_WM0        RS_WM1
              ________      ________      ________
 RS_WF1             0
 RS_WM0             0             0
 RS_WM1             0             0             0


           ALPHA
              R_SEG         PCT_BLAC      PCT_LATI      PCT_SPED      PCT_LOW_
              ________      ________      ________      ________      ________
                    0             0             0             0             0


           ALPHA
              PCT_LEP_      RS_AAF0       RS_AAF1       RS_AAM0       RS_AAM1
              ________      ________      ________      ________      ________
                    0             0             0             0             0


           ALPHA
              RS_AIF0       RS_AIF1       RS_AIM0       RS_AIM1       RS_ASF0
              ________      ________      ________      ________      ________
                    0             0             0             0             0


           ALPHA
              RS_ASF1       RS_ASM0       RS_ASM1       RS_HWF0       RS_HWF1
              ________      ________      ________      ________      ________
                    0             0             0             0             0


           ALPHA
              RS_HWM0       RS_HWM1       RS_HLF0       RS_HLF1       RS_HLM0
              ________      ________      ________      ________      ________
                    0             0             0             0             0


           ALPHA
              RS_HLM1       RS_MRF0       RS_MRF1       RS_MRM0       RS_MRM1
              ________      ________      ________      ________      ________
                    0             0             0             0             0


           ALPHA
              RS_WF1        RS_WM0        RS_WM1
              ________      ________      ________
                    0             0             0


           BETA
              R_SEG         PCT_BLAC      PCT_LATI      PCT_SPED      PCT_LOW_
              ________      ________      ________      ________      ________
 R_SEG              0             0             0             0             0
 PCT_BLAC           0             0             0             0             0
 PCT_LATI           0             0             0             0             0
 PCT_SPED           0             0             0             0             0
 PCT_LOW_           0             0             0             0             0
 PCT_LEP_           0             0             0             0             0
 RS_AAF0            0             0             0             0             0
 RS_AAF1            0             0             0             0             0
 RS_AAM0            0             0             0             0             0
 RS_AAM1            0             0             0             0             0
 RS_AIF0            0             0             0             0             0
 RS_AIF1            0             0             0             0             0
 RS_AIM0            0             0             0             0             0
 RS_AIM1            0             0             0             0             0
 RS_ASF0            0             0             0             0             0
 RS_ASF1            0             0             0             0             0
 RS_ASM0            0             0             0             0             0
 RS_ASM1            0             0             0             0             0
 RS_HWF0            0             0             0             0             0
 RS_HWF1            0             0             0             0             0
 RS_HWM0            0             0             0             0             0
 RS_HWM1            0             0             0             0             0
 RS_HLF0            0             0             0             0             0
 RS_HLF1            0             0             0             0             0
 RS_HLM0            0             0             0             0             0
 RS_HLM1            0             0             0             0             0
 RS_MRF0            0             0             0             0             0
 RS_MRF1            0             0             0             0             0
 RS_MRM0            0             0             0             0             0
 RS_MRM1            0             0             0             0             0
 RS_WF1             0             0             0             0             0
 RS_WM0             0             0             0             0             0
 RS_WM1             0             0             0             0             0


           BETA
              PCT_LEP_      RS_AAF0       RS_AAF1       RS_AAM0       RS_AAM1
              ________      ________      ________      ________      ________
 R_SEG              0             1             0             0             0
 PCT_BLAC           0             0             0             0             0
 PCT_LATI           0             0             0             0             0
 PCT_SPED           0             0             0             0             0
 PCT_LOW_           0             0             0             0             0
 PCT_LEP_           0             0             0             0             0
 RS_AAF0            0             0             0             0             0
 RS_AAF1            0             0             0             0             0
 RS_AAM0            0             0             0             0             0
 RS_AAM1            0             0             0             0             0
 RS_AIF0            0             0             0             0             0
 RS_AIF1            0             0             0             0             0
 RS_AIM0            0             0             0             0             0
 RS_AIM1            0             0             0             0             0
 RS_ASF0            0             0             0             0             0
 RS_ASF1            0             0             0             0             0
 RS_ASM0            0             0             0             0             0
 RS_ASM1            0             0             0             0             0
 RS_HWF0            0             0             0             0             0
 RS_HWF1            0             0             0             0             0
 RS_HWM0            0             0             0             0             0
 RS_HWM1            0             0             0             0             0
 RS_HLF0            0             0             0             0             0
 RS_HLF1            0             0             0             0             0
 RS_HLM0            0             0             0             0             0
 RS_HLM1            0             0             0             0             0
 RS_MRF0            0             0             0             0             0
 RS_MRF1            0             0             0             0             0
 RS_MRM0            0             0             0             0             0
 RS_MRM1            0             0             0             0             0
 RS_WF1             0             0             0             0             0
 RS_WM0             0             0             0             0             0
 RS_WM1             0             0             0             0             0


           BETA
              RS_AIF0       RS_AIF1       RS_AIM0       RS_AIM1       RS_ASF0
              ________      ________      ________      ________      ________
 R_SEG              2             3             4             5             6
 PCT_BLAC           0             0             0             0             0
 PCT_LATI           0             0             0             0             0
 PCT_SPED           0             0             0             0             0
 PCT_LOW_           0             0             0             0             0
 PCT_LEP_           0             0             0             0             0
 RS_AAF0            0             0             0             0             0
 RS_AAF1            0             0             0             0             0
 RS_AAM0            0             0             0             0             0
 RS_AAM1            0             0             0             0             0
 RS_AIF0            0             0             0             0             0
 RS_AIF1            0             0             0             0             0
 RS_AIM0            0             0             0             0             0
 RS_AIM1            0             0             0             0             0
 RS_ASF0            0             0             0             0             0
 RS_ASF1            0             0             0             0             0
 RS_ASM0            0             0             0             0             0
 RS_ASM1            0             0             0             0             0
 RS_HWF0            0             0             0             0             0
 RS_HWF1            0             0             0             0             0
 RS_HWM0            0             0             0             0             0
 RS_HWM1            0             0             0             0             0
 RS_HLF0            0             0             0             0             0
 RS_HLF1            0             0             0             0             0
 RS_HLM0            0             0             0             0             0
 RS_HLM1            0             0             0             0             0
 RS_MRF0            0             0             0             0             0
 RS_MRF1            0             0             0             0             0
 RS_MRM0            0             0             0             0             0
 RS_MRM1            0             0             0             0             0
 RS_WF1             0             0             0             0             0
 RS_WM0             0             0             0             0             0
 RS_WM1             0             0             0             0             0


           BETA
              RS_ASF1       RS_ASM0       RS_ASM1       RS_HWF0       RS_HWF1
              ________      ________      ________      ________      ________
 R_SEG              7             8             9            10            11
 PCT_BLAC           0             0             0             0             0
 PCT_LATI           0             0             0             0             0
 PCT_SPED           0             0             0             0             0
 PCT_LOW_           0             0             0             0             0
 PCT_LEP_           0             0             0             0             0
 RS_AAF0            0             0             0             0             0
 RS_AAF1            0             0             0             0             0
 RS_AAM0            0             0             0             0             0
 RS_AAM1            0             0             0             0             0
 RS_AIF0            0             0             0             0             0
 RS_AIF1            0             0             0             0             0
 RS_AIM0            0             0             0             0             0
 RS_AIM1            0             0             0             0             0
 RS_ASF0            0             0             0             0             0
 RS_ASF1            0             0             0             0             0
 RS_ASM0            0             0             0             0             0
 RS_ASM1            0             0             0             0             0
 RS_HWF0            0             0             0             0             0
 RS_HWF1            0             0             0             0             0
 RS_HWM0            0             0             0             0             0
 RS_HWM1            0             0             0             0             0
 RS_HLF0            0             0             0             0             0
 RS_HLF1            0             0             0             0             0
 RS_HLM0            0             0             0             0             0
 RS_HLM1            0             0             0             0             0
 RS_MRF0            0             0             0             0             0
 RS_MRF1            0             0             0             0             0
 RS_MRM0            0             0             0             0             0
 RS_MRM1            0             0             0             0             0
 RS_WF1             0             0             0             0             0
 RS_WM0             0             0             0             0             0
 RS_WM1             0             0             0             0             0


           BETA
              RS_HWM0       RS_HWM1       RS_HLF0       RS_HLF1       RS_HLM0
              ________      ________      ________      ________      ________
 R_SEG             12            13            14             0            15
 PCT_BLAC           0             0             0             0             0
 PCT_LATI           0             0             0             0             0
 PCT_SPED           0             0             0             0             0
 PCT_LOW_           0             0             0             0             0
 PCT_LEP_           0             0             0             0             0
 RS_AAF0            0             0             0             0             0
 RS_AAF1            0             0             0             0             0
 RS_AAM0            0             0             0             0             0
 RS_AAM1            0             0             0             0             0
 RS_AIF0            0             0             0             0             0
 RS_AIF1            0             0             0             0             0
 RS_AIM0            0             0             0             0             0
 RS_AIM1            0             0             0             0             0
 RS_ASF0            0             0             0             0             0
 RS_ASF1            0             0             0             0             0
 RS_ASM0            0             0             0             0             0
 RS_ASM1            0             0             0             0             0
 RS_HWF0            0             0             0             0             0
 RS_HWF1            0             0             0             0             0
 RS_HWM0            0             0             0             0             0
 RS_HWM1            0             0             0             0             0
 RS_HLF0            0             0             0             0             0
 RS_HLF1            0             0             0             0             0
 RS_HLM0            0             0             0             0             0
 RS_HLM1            0             0             0             0             0
 RS_MRF0            0             0             0             0             0
 RS_MRF1            0             0             0             0             0
 RS_MRM0            0             0             0             0             0
 RS_MRM1            0             0             0             0             0
 RS_WF1             0             0             0             0             0
 RS_WM0             0             0             0             0             0
 RS_WM1             0             0             0             0             0


           BETA
              RS_HLM1       RS_MRF0       RS_MRF1       RS_MRM0       RS_MRM1
              ________      ________      ________      ________      ________
 R_SEG              0            16            17            18            19
 PCT_BLAC           0             0             0             0             0
 PCT_LATI           0             0             0             0             0
 PCT_SPED           0             0             0             0             0
 PCT_LOW_           0             0             0             0             0
 PCT_LEP_           0             0             0             0             0
 RS_AAF0            0             0             0             0             0
 RS_AAF1            0             0             0             0             0
 RS_AAM0            0             0             0             0             0
 RS_AAM1            0             0             0             0             0
 RS_AIF0            0             0             0             0             0
 RS_AIF1            0             0             0             0             0
 RS_AIM0            0             0             0             0             0
 RS_AIM1            0             0             0             0             0
 RS_ASF0            0             0             0             0             0
 RS_ASF1            0             0             0             0             0
 RS_ASM0            0             0             0             0             0
 RS_ASM1            0             0             0             0             0
 RS_HWF0            0             0             0             0             0
 RS_HWF1            0             0             0             0             0
 RS_HWM0            0             0             0             0             0
 RS_HWM1            0             0             0             0             0
 RS_HLF0            0             0             0             0             0
 RS_HLF1            0             0             0             0             0
 RS_HLM0            0             0             0             0             0
 RS_HLM1            0             0             0             0             0
 RS_MRF0            0             0             0             0             0
 RS_MRF1            0             0             0             0             0
 RS_MRM0            0             0             0             0             0
 RS_MRM1            0             0             0             0             0
 RS_WF1             0             0             0             0             0
 RS_WM0             0             0             0             0             0
 RS_WM1             0             0             0             0             0


           BETA
              RS_WF1        RS_WM0        RS_WM1
              ________      ________      ________
 R_SEG              0            20             0
 PCT_BLAC           0             0             0
 PCT_LATI           0             0             0
 PCT_SPED           0             0             0
 PCT_LOW_           0             0             0
 PCT_LEP_           0             0             0
 RS_AAF0            0             0             0
 RS_AAF1            0             0             0
 RS_AAM0            0             0             0
 RS_AAM1            0             0             0
 RS_AIF0            0             0             0
 RS_AIF1            0             0             0
 RS_AIM0            0             0             0
 RS_AIM1            0             0             0
 RS_ASF0            0             0             0
 RS_ASF1            0             0             0
 RS_ASM0            0             0             0
 RS_ASM1            0             0             0
 RS_HWF0            0             0             0
 RS_HWF1            0             0             0
 RS_HWM0            0             0             0
 RS_HWM1            0             0             0
 RS_HLF0            0             0             0
 RS_HLF1            0             0             0
 RS_HLM0            0             0             0
 RS_HLM1            0             0             0
 RS_MRF0            0             0             0
 RS_MRF1            0             0             0
 RS_MRM0            0             0             0
 RS_MRM1            0             0             0
 RS_WF1             0             0             0
 RS_WM0             0             0             0
 RS_WM1             0             0             0


           PSI
              R_SEG         PCT_BLAC      PCT_LATI      PCT_SPED      PCT_LOW_
              ________      ________      ________      ________      ________
 R_SEG              0
 PCT_BLAC           0            21
 PCT_LATI           0            22            23
 PCT_SPED           0            24            25            26
 PCT_LOW_           0            27            28            29            30
 PCT_LEP_           0            31            32            33            34
 RS_AAF0            0             0             0             0             0
 RS_AAF1            0             0             0             0             0
 RS_AAM0            0             0             0             0             0
 RS_AAM1            0             0             0             0             0
 RS_AIF0            0             0             0             0             0
 RS_AIF1            0             0             0             0             0
 RS_AIM0            0             0             0             0             0
 RS_AIM1            0             0             0             0             0
 RS_ASF0            0             0             0             0             0
 RS_ASF1            0             0             0             0             0
 RS_ASM0            0             0             0             0             0
 RS_ASM1            0             0             0             0             0
 RS_HWF0            0             0             0             0             0
 RS_HWF1            0             0             0             0             0
 RS_HWM0            0             0             0             0             0
 RS_HWM1            0             0             0             0             0
 RS_HLF0            0             0             0             0             0
 RS_HLF1            0             0             0             0             0
 RS_HLM0            0             0             0             0             0
 RS_HLM1            0             0             0             0             0
 RS_MRF0            0             0             0             0             0
 RS_MRF1            0             0             0             0             0
 RS_MRM0            0             0             0             0             0
 RS_MRM1            0             0             0             0             0
 RS_WF1             0             0             0             0             0
 RS_WM0             0             0             0             0             0
 RS_WM1             0             0             0             0             0


           PSI
              PCT_LEP_      RS_AAF0       RS_AAF1       RS_AAM0       RS_AAM1
              ________      ________      ________      ________      ________
 PCT_LEP_          35
 RS_AAF0            0             0
 RS_AAF1            0             0             0
 RS_AAM0            0             0             0             0
 RS_AAM1            0             0             0             0             0
 RS_AIF0            0             0             0             0             0
 RS_AIF1            0             0             0             0             0
 RS_AIM0            0             0             0             0             0
 RS_AIM1            0             0             0             0             0
 RS_ASF0            0             0             0             0             0
 RS_ASF1            0             0             0             0             0
 RS_ASM0            0             0             0             0             0
 RS_ASM1            0             0             0             0             0
 RS_HWF0            0             0             0             0             0
 RS_HWF1            0             0             0             0             0
 RS_HWM0            0             0             0             0             0
 RS_HWM1            0             0             0             0             0
 RS_HLF0            0             0             0             0             0
 RS_HLF1            0             0             0             0             0
 RS_HLM0            0             0             0             0             0
 RS_HLM1            0             0             0             0             0
 RS_MRF0            0             0             0             0             0
 RS_MRF1            0             0             0             0             0
 RS_MRM0            0             0             0             0             0
 RS_MRM1            0             0             0             0             0
 RS_WF1             0             0             0             0             0
 RS_WM0             0             0             0             0             0
 RS_WM1             0             0             0             0             0


           PSI
              RS_AIF0       RS_AIF1       RS_AIM0       RS_AIM1       RS_ASF0
              ________      ________      ________      ________      ________
 RS_AIF0            0
 RS_AIF1            0             0
 RS_AIM0            0             0             0
 RS_AIM1            0             0             0             0
 RS_ASF0            0             0             0             0             0
 RS_ASF1            0             0             0             0             0
 RS_ASM0            0             0             0             0             0
 RS_ASM1            0             0             0             0             0
 RS_HWF0            0             0             0             0             0
 RS_HWF1            0             0             0             0             0
 RS_HWM0            0             0             0             0             0
 RS_HWM1            0             0             0             0             0
 RS_HLF0            0             0             0             0             0
 RS_HLF1            0             0             0             0             0
 RS_HLM0            0             0             0             0             0
 RS_HLM1            0             0             0             0             0
 RS_MRF0            0             0             0             0             0
 RS_MRF1            0             0             0             0             0
 RS_MRM0            0             0             0             0             0
 RS_MRM1            0             0             0             0             0
 RS_WF1             0             0             0             0             0
 RS_WM0             0             0             0             0             0
 RS_WM1             0             0             0             0             0


           PSI
              RS_ASF1       RS_ASM0       RS_ASM1       RS_HWF0       RS_HWF1
              ________      ________      ________      ________      ________
 RS_ASF1            0
 RS_ASM0            0             0
 RS_ASM1            0             0             0
 RS_HWF0            0             0             0             0
 RS_HWF1            0             0             0             0             0
 RS_HWM0            0             0             0             0             0
 RS_HWM1            0             0             0             0             0
 RS_HLF0            0             0             0             0             0
 RS_HLF1            0             0             0             0             0
 RS_HLM0            0             0             0             0             0
 RS_HLM1            0             0             0             0             0
 RS_MRF0            0             0             0             0             0
 RS_MRF1            0             0             0             0             0
 RS_MRM0            0             0             0             0             0
 RS_MRM1            0             0             0             0             0
 RS_WF1             0             0             0             0             0
 RS_WM0             0             0             0             0             0
 RS_WM1             0             0             0             0             0


           PSI
              RS_HWM0       RS_HWM1       RS_HLF0       RS_HLF1       RS_HLM0
              ________      ________      ________      ________      ________
 RS_HWM0            0
 RS_HWM1            0             0
 RS_HLF0            0             0             0
 RS_HLF1            0             0             0             0
 RS_HLM0            0             0             0             0             0
 RS_HLM1            0             0             0             0             0
 RS_MRF0            0             0             0             0             0
 RS_MRF1            0             0             0             0             0
 RS_MRM0            0             0             0             0             0
 RS_MRM1            0             0             0             0             0
 RS_WF1             0             0             0             0             0
 RS_WM0             0             0             0             0             0
 RS_WM1             0             0             0             0             0


           PSI
              RS_HLM1       RS_MRF0       RS_MRF1       RS_MRM0       RS_MRM1
              ________      ________      ________      ________      ________
 RS_HLM1            0
 RS_MRF0            0             0
 RS_MRF1            0             0             0
 RS_MRM0            0             0             0             0
 RS_MRM1            0             0             0             0             0
 RS_WF1             0             0             0             0             0
 RS_WM0             0             0             0             0             0
 RS_WM1             0             0             0             0             0


           PSI
              RS_WF1        RS_WM0        RS_WM1
              ________      ________      ________
 RS_WF1             0
 RS_WM0             0             0
 RS_WM1             0             0             0


     PARAMETER SPECIFICATION FOR BETWEEN


           TAU
              R_SEG$1       R_SEG$2       R_SEG$3
              ________      ________      ________
                  139           140           141


           NU
              R_SEG         PCT_BLAC      PCT_LATI      PCT_SPED      PCT_LOW_
              ________      ________      ________      ________      ________
                    0             0             0             0             0


           NU
              PCT_LEP_
              ________
                    0


           LAMBDA
              S1            S2            S3            S4            S5
              ________      ________      ________      ________      ________
 R_SEG              0             0             0             0             0
 PCT_BLAC           0             0             0             0             0
 PCT_LATI           0             0             0             0             0
 PCT_SPED           0             0             0             0             0
 PCT_LOW_           0             0             0             0             0
 PCT_LEP_           0             0             0             0             0


           LAMBDA
              S6            S7            R_SEG         PCT_BLAC      PCT_LATI
              ________      ________      ________      ________      ________
 R_SEG              0             0             0             0             0
 PCT_BLAC           0             0             0             0             0
 PCT_LATI           0             0             0             0             0
 PCT_SPED           0             0             0             0             0
 PCT_LOW_           0             0             0             0             0
 PCT_LEP_           0             0             0             0             0


           LAMBDA
              PCT_SPED      PCT_LOW_      PCT_LEP_
              ________      ________      ________
 R_SEG              0             0             0
 PCT_BLAC           0             0             0
 PCT_LATI           0             0             0
 PCT_SPED           0             0             0
 PCT_LOW_           0             0             0
 PCT_LEP_           0             0             0


           THETA
              R_SEG         PCT_BLAC      PCT_LATI      PCT_SPED      PCT_LOW_
              ________      ________      ________      ________      ________
 R_SEG              0
 PCT_BLAC           0             0
 PCT_LATI           0             0             0
 PCT_SPED           0             0             0             0
 PCT_LOW_           0             0             0             0             0
 PCT_LEP_           0             0             0             0             0


           THETA
              PCT_LEP_
              ________
 PCT_LEP_           0


           ALPHA
              S1            S2            S3            S4            S5
              ________      ________      ________      ________      ________
                   36            37            38            39            40


           ALPHA
              S6            S7            R_SEG         PCT_BLAC      PCT_LATI
              ________      ________      ________      ________      ________
                   41            42             0            43            44


           ALPHA
              PCT_SPED      PCT_LOW_      PCT_LEP_
              ________      ________      ________
                   45            46            47


           BETA
              S1            S2            S3            S4            S5
              ________      ________      ________      ________      ________
 S1                 0             0             0             0             0
 S2                 0             0             0             0             0
 S3                 0             0             0             0             0
 S4                 0             0             0             0             0
 S5                 0             0             0             0             0
 S6                 0             0             0             0             0
 S7                 0             0             0             0             0
 R_SEG              0             0             0             0             0
 PCT_BLAC           0             0             0             0             0
 PCT_LATI           0             0             0             0             0
 PCT_SPED           0             0             0             0             0
 PCT_LOW_           0             0             0             0             0
 PCT_LEP_           0             0             0             0             0


           BETA
              S6            S7            R_SEG         PCT_BLAC      PCT_LATI
              ________      ________      ________      ________      ________
 S1                 0             0             0            48            49
 S2                 0             0             0            53            54
 S3                 0             0             0            58            59
 S4                 0             0             0            63            64
 S5                 0             0             0            68            69
 S6                 0             0             0            73            74
 S7                 0             0             0            78            79
 R_SEG              0             0             0            83            84
 PCT_BLAC           0             0             0             0             0
 PCT_LATI           0             0             0             0             0
 PCT_SPED           0             0             0             0             0
 PCT_LOW_           0             0             0             0             0
 PCT_LEP_           0             0             0             0             0


           BETA
              PCT_SPED      PCT_LOW_      PCT_LEP_
              ________      ________      ________
 S1                50            51            52
 S2                55            56            57
 S3                60            61            62
 S4                65            66            67
 S5                70            71            72
 S6                75            76            77
 S7                80            81            82
 R_SEG             85            86            87
 PCT_BLAC           0             0             0
 PCT_LATI           0             0             0
 PCT_SPED           0             0             0
 PCT_LOW_           0             0             0
 PCT_LEP_           0             0             0


           PSI
              S1            S2            S3            S4            S5
              ________      ________      ________      ________      ________
 S1                88
 S2                89            90
 S3                91            92            93
 S4                94            95            96            97
 S5                98            99           100           101           102
 S6               103           104           105           106           107
 S7               109           110           111           112           113
 R_SEG            116           117           118           119           120
 PCT_BLAC           0             0             0             0             0
 PCT_LATI           0             0             0             0             0
 PCT_SPED           0             0             0             0             0
 PCT_LOW_           0             0             0             0             0
 PCT_LEP_           0             0             0             0             0


           PSI
              S6            S7            R_SEG         PCT_BLAC      PCT_LATI
              ________      ________      ________      ________      ________
 S6               108
 S7               114           115
 R_SEG            121           122           123
 PCT_BLAC           0             0             0           124
 PCT_LATI           0             0             0           125           126
 PCT_SPED           0             0             0           127           128
 PCT_LOW_           0             0             0           130           131
 PCT_LEP_           0             0             0           134           135


           PSI
              PCT_SPED      PCT_LOW_      PCT_LEP_
              ________      ________      ________
 PCT_SPED         129
 PCT_LOW_         132           133
 PCT_LEP_         136           137           138


     STARTING VALUES FOR WITHIN


           TAU
              R_SEG$1       R_SEG$2       R_SEG$3
              ________      ________      ________
                0.000         0.000         0.000


           NU
              R_SEG         PCT_BLAC      PCT_LATI      PCT_SPED      PCT_LOW_
              ________      ________      ________      ________      ________
                0.000         0.000         0.000         0.000         0.000


           NU
              PCT_LEP_      RS_AAF0       RS_AAF1       RS_AAM0       RS_AAM1
              ________      ________      ________      ________      ________
                0.000         0.000         0.000         0.000         0.000


           NU
              RS_AIF0       RS_AIF1       RS_AIM0       RS_AIM1       RS_ASF0
              ________      ________      ________      ________      ________
                0.000         0.000         0.000         0.000         0.000


           NU
              RS_ASF1       RS_ASM0       RS_ASM1       RS_HWF0       RS_HWF1
              ________      ________      ________      ________      ________
                0.000         0.000         0.000         0.000         0.000


           NU
              RS_HWM0       RS_HWM1       RS_HLF0       RS_HLF1       RS_HLM0
              ________      ________      ________      ________      ________
                0.000         0.000         0.000         0.000         0.000


           NU
              RS_HLM1       RS_MRF0       RS_MRF1       RS_MRM0       RS_MRM1
              ________      ________      ________      ________      ________
                0.000         0.000         0.000         0.000         0.000


           NU
              RS_WF1        RS_WM0        RS_WM1
              ________      ________      ________
                0.000         0.000         0.000


           LAMBDA
              R_SEG         PCT_BLAC      PCT_LATI      PCT_SPED      PCT_LOW_
              ________      ________      ________      ________      ________
 R_SEG          1.000         0.000         0.000         0.000         0.000
 PCT_BLAC       0.000         1.000         0.000         0.000         0.000
 PCT_LATI       0.000         0.000         1.000         0.000         0.000
 PCT_SPED       0.000         0.000         0.000         1.000         0.000
 PCT_LOW_       0.000         0.000         0.000         0.000         1.000
 PCT_LEP_       0.000         0.000         0.000         0.000         0.000
 RS_AAF0        0.000         0.000         0.000         0.000         0.000
 RS_AAF1        0.000         0.000         0.000         0.000         0.000
 RS_AAM0        0.000         0.000         0.000         0.000         0.000
 RS_AAM1        0.000         0.000         0.000         0.000         0.000
 RS_AIF0        0.000         0.000         0.000         0.000         0.000
 RS_AIF1        0.000         0.000         0.000         0.000         0.000
 RS_AIM0        0.000         0.000         0.000         0.000         0.000
 RS_AIM1        0.000         0.000         0.000         0.000         0.000
 RS_ASF0        0.000         0.000         0.000         0.000         0.000
 RS_ASF1        0.000         0.000         0.000         0.000         0.000
 RS_ASM0        0.000         0.000         0.000         0.000         0.000
 RS_ASM1        0.000         0.000         0.000         0.000         0.000
 RS_HWF0        0.000         0.000         0.000         0.000         0.000
 RS_HWF1        0.000         0.000         0.000         0.000         0.000
 RS_HWM0        0.000         0.000         0.000         0.000         0.000
 RS_HWM1        0.000         0.000         0.000         0.000         0.000
 RS_HLF0        0.000         0.000         0.000         0.000         0.000
 RS_HLF1        0.000         0.000         0.000         0.000         0.000
 RS_HLM0        0.000         0.000         0.000         0.000         0.000
 RS_HLM1        0.000         0.000         0.000         0.000         0.000
 RS_MRF0        0.000         0.000         0.000         0.000         0.000
 RS_MRF1        0.000         0.000         0.000         0.000         0.000
 RS_MRM0        0.000         0.000         0.000         0.000         0.000
 RS_MRM1        0.000         0.000         0.000         0.000         0.000
 RS_WF1         0.000         0.000         0.000         0.000         0.000
 RS_WM0         0.000         0.000         0.000         0.000         0.000
 RS_WM1         0.000         0.000         0.000         0.000         0.000


           LAMBDA
              PCT_LEP_      RS_AAF0       RS_AAF1       RS_AAM0       RS_AAM1
              ________      ________      ________      ________      ________
 R_SEG          0.000         0.000         0.000         0.000         0.000
 PCT_BLAC       0.000         0.000         0.000         0.000         0.000
 PCT_LATI       0.000         0.000         0.000         0.000         0.000
 PCT_SPED       0.000         0.000         0.000         0.000         0.000
 PCT_LOW_       0.000         0.000         0.000         0.000         0.000
 PCT_LEP_       1.000         0.000         0.000         0.000         0.000
 RS_AAF0        0.000         1.000         0.000         0.000         0.000
 RS_AAF1        0.000         0.000         1.000         0.000         0.000
 RS_AAM0        0.000         0.000         0.000         1.000         0.000
 RS_AAM1        0.000         0.000         0.000         0.000         1.000
 RS_AIF0        0.000         0.000         0.000         0.000         0.000
 RS_AIF1        0.000         0.000         0.000         0.000         0.000
 RS_AIM0        0.000         0.000         0.000         0.000         0.000
 RS_AIM1        0.000         0.000         0.000         0.000         0.000
 RS_ASF0        0.000         0.000         0.000         0.000         0.000
 RS_ASF1        0.000         0.000         0.000         0.000         0.000
 RS_ASM0        0.000         0.000         0.000         0.000         0.000
 RS_ASM1        0.000         0.000         0.000         0.000         0.000
 RS_HWF0        0.000         0.000         0.000         0.000         0.000
 RS_HWF1        0.000         0.000         0.000         0.000         0.000
 RS_HWM0        0.000         0.000         0.000         0.000         0.000
 RS_HWM1        0.000         0.000         0.000         0.000         0.000
 RS_HLF0        0.000         0.000         0.000         0.000         0.000
 RS_HLF1        0.000         0.000         0.000         0.000         0.000
 RS_HLM0        0.000         0.000         0.000         0.000         0.000
 RS_HLM1        0.000         0.000         0.000         0.000         0.000
 RS_MRF0        0.000         0.000         0.000         0.000         0.000
 RS_MRF1        0.000         0.000         0.000         0.000         0.000
 RS_MRM0        0.000         0.000         0.000         0.000         0.000
 RS_MRM1        0.000         0.000         0.000         0.000         0.000
 RS_WF1         0.000         0.000         0.000         0.000         0.000
 RS_WM0         0.000         0.000         0.000         0.000         0.000
 RS_WM1         0.000         0.000         0.000         0.000         0.000


           LAMBDA
              RS_AIF0       RS_AIF1       RS_AIM0       RS_AIM1       RS_ASF0
              ________      ________      ________      ________      ________
 R_SEG          0.000         0.000         0.000         0.000         0.000
 PCT_BLAC       0.000         0.000         0.000         0.000         0.000
 PCT_LATI       0.000         0.000         0.000         0.000         0.000
 PCT_SPED       0.000         0.000         0.000         0.000         0.000
 PCT_LOW_       0.000         0.000         0.000         0.000         0.000
 PCT_LEP_       0.000         0.000         0.000         0.000         0.000
 RS_AAF0        0.000         0.000         0.000         0.000         0.000
 RS_AAF1        0.000         0.000         0.000         0.000         0.000
 RS_AAM0        0.000         0.000         0.000         0.000         0.000
 RS_AAM1        0.000         0.000         0.000         0.000         0.000
 RS_AIF0        1.000         0.000         0.000         0.000         0.000
 RS_AIF1        0.000         1.000         0.000         0.000         0.000
 RS_AIM0        0.000         0.000         1.000         0.000         0.000
 RS_AIM1        0.000         0.000         0.000         1.000         0.000
 RS_ASF0        0.000         0.000         0.000         0.000         1.000
 RS_ASF1        0.000         0.000         0.000         0.000         0.000
 RS_ASM0        0.000         0.000         0.000         0.000         0.000
 RS_ASM1        0.000         0.000         0.000         0.000         0.000
 RS_HWF0        0.000         0.000         0.000         0.000         0.000
 RS_HWF1        0.000         0.000         0.000         0.000         0.000
 RS_HWM0        0.000         0.000         0.000         0.000         0.000
 RS_HWM1        0.000         0.000         0.000         0.000         0.000
 RS_HLF0        0.000         0.000         0.000         0.000         0.000
 RS_HLF1        0.000         0.000         0.000         0.000         0.000
 RS_HLM0        0.000         0.000         0.000         0.000         0.000
 RS_HLM1        0.000         0.000         0.000         0.000         0.000
 RS_MRF0        0.000         0.000         0.000         0.000         0.000
 RS_MRF1        0.000         0.000         0.000         0.000         0.000
 RS_MRM0        0.000         0.000         0.000         0.000         0.000
 RS_MRM1        0.000         0.000         0.000         0.000         0.000
 RS_WF1         0.000         0.000         0.000         0.000         0.000
 RS_WM0         0.000         0.000         0.000         0.000         0.000
 RS_WM1         0.000         0.000         0.000         0.000         0.000


           LAMBDA
              RS_ASF1       RS_ASM0       RS_ASM1       RS_HWF0       RS_HWF1
              ________      ________      ________      ________      ________
 R_SEG          0.000         0.000         0.000         0.000         0.000
 PCT_BLAC       0.000         0.000         0.000         0.000         0.000
 PCT_LATI       0.000         0.000         0.000         0.000         0.000
 PCT_SPED       0.000         0.000         0.000         0.000         0.000
 PCT_LOW_       0.000         0.000         0.000         0.000         0.000
 PCT_LEP_       0.000         0.000         0.000         0.000         0.000
 RS_AAF0        0.000         0.000         0.000         0.000         0.000
 RS_AAF1        0.000         0.000         0.000         0.000         0.000
 RS_AAM0        0.000         0.000         0.000         0.000         0.000
 RS_AAM1        0.000         0.000         0.000         0.000         0.000
 RS_AIF0        0.000         0.000         0.000         0.000         0.000
 RS_AIF1        0.000         0.000         0.000         0.000         0.000
 RS_AIM0        0.000         0.000         0.000         0.000         0.000
 RS_AIM1        0.000         0.000         0.000         0.000         0.000
 RS_ASF0        0.000         0.000         0.000         0.000         0.000
 RS_ASF1        1.000         0.000         0.000         0.000         0.000
 RS_ASM0        0.000         1.000         0.000         0.000         0.000
 RS_ASM1        0.000         0.000         1.000         0.000         0.000
 RS_HWF0        0.000         0.000         0.000         1.000         0.000
 RS_HWF1        0.000         0.000         0.000         0.000         1.000
 RS_HWM0        0.000         0.000         0.000         0.000         0.000
 RS_HWM1        0.000         0.000         0.000         0.000         0.000
 RS_HLF0        0.000         0.000         0.000         0.000         0.000
 RS_HLF1        0.000         0.000         0.000         0.000         0.000
 RS_HLM0        0.000         0.000         0.000         0.000         0.000
 RS_HLM1        0.000         0.000         0.000         0.000         0.000
 RS_MRF0        0.000         0.000         0.000         0.000         0.000
 RS_MRF1        0.000         0.000         0.000         0.000         0.000
 RS_MRM0        0.000         0.000         0.000         0.000         0.000
 RS_MRM1        0.000         0.000         0.000         0.000         0.000
 RS_WF1         0.000         0.000         0.000         0.000         0.000
 RS_WM0         0.000         0.000         0.000         0.000         0.000
 RS_WM1         0.000         0.000         0.000         0.000         0.000


           LAMBDA
              RS_HWM0       RS_HWM1       RS_HLF0       RS_HLF1       RS_HLM0
              ________      ________      ________      ________      ________
 R_SEG          0.000         0.000         0.000         0.000         0.000
 PCT_BLAC       0.000         0.000         0.000         0.000         0.000
 PCT_LATI       0.000         0.000         0.000         0.000         0.000
 PCT_SPED       0.000         0.000         0.000         0.000         0.000
 PCT_LOW_       0.000         0.000         0.000         0.000         0.000
 PCT_LEP_       0.000         0.000         0.000         0.000         0.000
 RS_AAF0        0.000         0.000         0.000         0.000         0.000
 RS_AAF1        0.000         0.000         0.000         0.000         0.000
 RS_AAM0        0.000         0.000         0.000         0.000         0.000
 RS_AAM1        0.000         0.000         0.000         0.000         0.000
 RS_AIF0        0.000         0.000         0.000         0.000         0.000
 RS_AIF1        0.000         0.000         0.000         0.000         0.000
 RS_AIM0        0.000         0.000         0.000         0.000         0.000
 RS_AIM1        0.000         0.000         0.000         0.000         0.000
 RS_ASF0        0.000         0.000         0.000         0.000         0.000
 RS_ASF1        0.000         0.000         0.000         0.000         0.000
 RS_ASM0        0.000         0.000         0.000         0.000         0.000
 RS_ASM1        0.000         0.000         0.000         0.000         0.000
 RS_HWF0        0.000         0.000         0.000         0.000         0.000
 RS_HWF1        0.000         0.000         0.000         0.000         0.000
 RS_HWM0        1.000         0.000         0.000         0.000         0.000
 RS_HWM1        0.000         1.000         0.000         0.000         0.000
 RS_HLF0        0.000         0.000         1.000         0.000         0.000
 RS_HLF1        0.000         0.000         0.000         1.000         0.000
 RS_HLM0        0.000         0.000         0.000         0.000         1.000
 RS_HLM1        0.000         0.000         0.000         0.000         0.000
 RS_MRF0        0.000         0.000         0.000         0.000         0.000
 RS_MRF1        0.000         0.000         0.000         0.000         0.000
 RS_MRM0        0.000         0.000         0.000         0.000         0.000
 RS_MRM1        0.000         0.000         0.000         0.000         0.000
 RS_WF1         0.000         0.000         0.000         0.000         0.000
 RS_WM0         0.000         0.000         0.000         0.000         0.000
 RS_WM1         0.000         0.000         0.000         0.000         0.000


           LAMBDA
              RS_HLM1       RS_MRF0       RS_MRF1       RS_MRM0       RS_MRM1
              ________      ________      ________      ________      ________
 R_SEG          0.000         0.000         0.000         0.000         0.000
 PCT_BLAC       0.000         0.000         0.000         0.000         0.000
 PCT_LATI       0.000         0.000         0.000         0.000         0.000
 PCT_SPED       0.000         0.000         0.000         0.000         0.000
 PCT_LOW_       0.000         0.000         0.000         0.000         0.000
 PCT_LEP_       0.000         0.000         0.000         0.000         0.000
 RS_AAF0        0.000         0.000         0.000         0.000         0.000
 RS_AAF1        0.000         0.000         0.000         0.000         0.000
 RS_AAM0        0.000         0.000         0.000         0.000         0.000
 RS_AAM1        0.000         0.000         0.000         0.000         0.000
 RS_AIF0        0.000         0.000         0.000         0.000         0.000
 RS_AIF1        0.000         0.000         0.000         0.000         0.000
 RS_AIM0        0.000         0.000         0.000         0.000         0.000
 RS_AIM1        0.000         0.000         0.000         0.000         0.000
 RS_ASF0        0.000         0.000         0.000         0.000         0.000
 RS_ASF1        0.000         0.000         0.000         0.000         0.000
 RS_ASM0        0.000         0.000         0.000         0.000         0.000
 RS_ASM1        0.000         0.000         0.000         0.000         0.000
 RS_HWF0        0.000         0.000         0.000         0.000         0.000
 RS_HWF1        0.000         0.000         0.000         0.000         0.000
 RS_HWM0        0.000         0.000         0.000         0.000         0.000
 RS_HWM1        0.000         0.000         0.000         0.000         0.000
 RS_HLF0        0.000         0.000         0.000         0.000         0.000
 RS_HLF1        0.000         0.000         0.000         0.000         0.000
 RS_HLM0        0.000         0.000         0.000         0.000         0.000
 RS_HLM1        1.000         0.000         0.000         0.000         0.000
 RS_MRF0        0.000         1.000         0.000         0.000         0.000
 RS_MRF1        0.000         0.000         1.000         0.000         0.000
 RS_MRM0        0.000         0.000         0.000         1.000         0.000
 RS_MRM1        0.000         0.000         0.000         0.000         1.000
 RS_WF1         0.000         0.000         0.000         0.000         0.000
 RS_WM0         0.000         0.000         0.000         0.000         0.000
 RS_WM1         0.000         0.000         0.000         0.000         0.000


           LAMBDA
              RS_WF1        RS_WM0        RS_WM1
              ________      ________      ________
 R_SEG          0.000         0.000         0.000
 PCT_BLAC       0.000         0.000         0.000
 PCT_LATI       0.000         0.000         0.000
 PCT_SPED       0.000         0.000         0.000
 PCT_LOW_       0.000         0.000         0.000
 PCT_LEP_       0.000         0.000         0.000
 RS_AAF0        0.000         0.000         0.000
 RS_AAF1        0.000         0.000         0.000
 RS_AAM0        0.000         0.000         0.000
 RS_AAM1        0.000         0.000         0.000
 RS_AIF0        0.000         0.000         0.000
 RS_AIF1        0.000         0.000         0.000
 RS_AIM0        0.000         0.000         0.000
 RS_AIM1        0.000         0.000         0.000
 RS_ASF0        0.000         0.000         0.000
 RS_ASF1        0.000         0.000         0.000
 RS_ASM0        0.000         0.000         0.000
 RS_ASM1        0.000         0.000         0.000
 RS_HWF0        0.000         0.000         0.000
 RS_HWF1        0.000         0.000         0.000
 RS_HWM0        0.000         0.000         0.000
 RS_HWM1        0.000         0.000         0.000
 RS_HLF0        0.000         0.000         0.000
 RS_HLF1        0.000         0.000         0.000
 RS_HLM0        0.000         0.000         0.000
 RS_HLM1        0.000         0.000         0.000
 RS_MRF0        0.000         0.000         0.000
 RS_MRF1        0.000         0.000         0.000
 RS_MRM0        0.000         0.000         0.000
 RS_MRM1        0.000         0.000         0.000
 RS_WF1         1.000         0.000         0.000
 RS_WM0         0.000         1.000         0.000
 RS_WM1         0.000         0.000         1.000


           THETA
              R_SEG         PCT_BLAC      PCT_LATI      PCT_SPED      PCT_LOW_
              ________      ________      ________      ________      ________
 R_SEG          0.000
 PCT_BLAC       0.000         0.000
 PCT_LATI       0.000         0.000         0.000
 PCT_SPED       0.000         0.000         0.000         0.000
 PCT_LOW_       0.000         0.000         0.000         0.000         0.000
 PCT_LEP_       0.000         0.000         0.000         0.000         0.000
 RS_AAF0        0.000         0.000         0.000         0.000         0.000
 RS_AAF1        0.000         0.000         0.000         0.000         0.000
 RS_AAM0        0.000         0.000         0.000         0.000         0.000
 RS_AAM1        0.000         0.000         0.000         0.000         0.000
 RS_AIF0        0.000         0.000         0.000         0.000         0.000
 RS_AIF1        0.000         0.000         0.000         0.000         0.000
 RS_AIM0        0.000         0.000         0.000         0.000         0.000
 RS_AIM1        0.000         0.000         0.000         0.000         0.000
 RS_ASF0        0.000         0.000         0.000         0.000         0.000
 RS_ASF1        0.000         0.000         0.000         0.000         0.000
 RS_ASM0        0.000         0.000         0.000         0.000         0.000
 RS_ASM1        0.000         0.000         0.000         0.000         0.000
 RS_HWF0        0.000         0.000         0.000         0.000         0.000
 RS_HWF1        0.000         0.000         0.000         0.000         0.000
 RS_HWM0        0.000         0.000         0.000         0.000         0.000
 RS_HWM1        0.000         0.000         0.000         0.000         0.000
 RS_HLF0        0.000         0.000         0.000         0.000         0.000
 RS_HLF1        0.000         0.000         0.000         0.000         0.000
 RS_HLM0        0.000         0.000         0.000         0.000         0.000
 RS_HLM1        0.000         0.000         0.000         0.000         0.000
 RS_MRF0        0.000         0.000         0.000         0.000         0.000
 RS_MRF1        0.000         0.000         0.000         0.000         0.000
 RS_MRM0        0.000         0.000         0.000         0.000         0.000
 RS_MRM1        0.000         0.000         0.000         0.000         0.000
 RS_WF1         0.000         0.000         0.000         0.000         0.000
 RS_WM0         0.000         0.000         0.000         0.000         0.000
 RS_WM1         0.000         0.000         0.000         0.000         0.000


           THETA
              PCT_LEP_      RS_AAF0       RS_AAF1       RS_AAM0       RS_AAM1
              ________      ________      ________      ________      ________
 PCT_LEP_       0.000
 RS_AAF0        0.000         0.000
 RS_AAF1        0.000         0.000         0.000
 RS_AAM0        0.000         0.000         0.000         0.000
 RS_AAM1        0.000         0.000         0.000         0.000         0.000
 RS_AIF0        0.000         0.000         0.000         0.000         0.000
 RS_AIF1        0.000         0.000         0.000         0.000         0.000
 RS_AIM0        0.000         0.000         0.000         0.000         0.000
 RS_AIM1        0.000         0.000         0.000         0.000         0.000
 RS_ASF0        0.000         0.000         0.000         0.000         0.000
 RS_ASF1        0.000         0.000         0.000         0.000         0.000
 RS_ASM0        0.000         0.000         0.000         0.000         0.000
 RS_ASM1        0.000         0.000         0.000         0.000         0.000
 RS_HWF0        0.000         0.000         0.000         0.000         0.000
 RS_HWF1        0.000         0.000         0.000         0.000         0.000
 RS_HWM0        0.000         0.000         0.000         0.000         0.000
 RS_HWM1        0.000         0.000         0.000         0.000         0.000
 RS_HLF0        0.000         0.000         0.000         0.000         0.000
 RS_HLF1        0.000         0.000         0.000         0.000         0.000
 RS_HLM0        0.000         0.000         0.000         0.000         0.000
 RS_HLM1        0.000         0.000         0.000         0.000         0.000
 RS_MRF0        0.000         0.000         0.000         0.000         0.000
 RS_MRF1        0.000         0.000         0.000         0.000         0.000
 RS_MRM0        0.000         0.000         0.000         0.000         0.000
 RS_MRM1        0.000         0.000         0.000         0.000         0.000
 RS_WF1         0.000         0.000         0.000         0.000         0.000
 RS_WM0         0.000         0.000         0.000         0.000         0.000
 RS_WM1         0.000         0.000         0.000         0.000         0.000


           THETA
              RS_AIF0       RS_AIF1       RS_AIM0       RS_AIM1       RS_ASF0
              ________      ________      ________      ________      ________
 RS_AIF0        0.000
 RS_AIF1        0.000         0.000
 RS_AIM0        0.000         0.000         0.000
 RS_AIM1        0.000         0.000         0.000         0.000
 RS_ASF0        0.000         0.000         0.000         0.000         0.000
 RS_ASF1        0.000         0.000         0.000         0.000         0.000
 RS_ASM0        0.000         0.000         0.000         0.000         0.000
 RS_ASM1        0.000         0.000         0.000         0.000         0.000
 RS_HWF0        0.000         0.000         0.000         0.000         0.000
 RS_HWF1        0.000         0.000         0.000         0.000         0.000
 RS_HWM0        0.000         0.000         0.000         0.000         0.000
 RS_HWM1        0.000         0.000         0.000         0.000         0.000
 RS_HLF0        0.000         0.000         0.000         0.000         0.000
 RS_HLF1        0.000         0.000         0.000         0.000         0.000
 RS_HLM0        0.000         0.000         0.000         0.000         0.000
 RS_HLM1        0.000         0.000         0.000         0.000         0.000
 RS_MRF0        0.000         0.000         0.000         0.000         0.000
 RS_MRF1        0.000         0.000         0.000         0.000         0.000
 RS_MRM0        0.000         0.000         0.000         0.000         0.000
 RS_MRM1        0.000         0.000         0.000         0.000         0.000
 RS_WF1         0.000         0.000         0.000         0.000         0.000
 RS_WM0         0.000         0.000         0.000         0.000         0.000
 RS_WM1         0.000         0.000         0.000         0.000         0.000


           THETA
              RS_ASF1       RS_ASM0       RS_ASM1       RS_HWF0       RS_HWF1
              ________      ________      ________      ________      ________
 RS_ASF1        0.000
 RS_ASM0        0.000         0.000
 RS_ASM1        0.000         0.000         0.000
 RS_HWF0        0.000         0.000         0.000         0.000
 RS_HWF1        0.000         0.000         0.000         0.000         0.000
 RS_HWM0        0.000         0.000         0.000         0.000         0.000
 RS_HWM1        0.000         0.000         0.000         0.000         0.000
 RS_HLF0        0.000         0.000         0.000         0.000         0.000
 RS_HLF1        0.000         0.000         0.000         0.000         0.000
 RS_HLM0        0.000         0.000         0.000         0.000         0.000
 RS_HLM1        0.000         0.000         0.000         0.000         0.000
 RS_MRF0        0.000         0.000         0.000         0.000         0.000
 RS_MRF1        0.000         0.000         0.000         0.000         0.000
 RS_MRM0        0.000         0.000         0.000         0.000         0.000
 RS_MRM1        0.000         0.000         0.000         0.000         0.000
 RS_WF1         0.000         0.000         0.000         0.000         0.000
 RS_WM0         0.000         0.000         0.000         0.000         0.000
 RS_WM1         0.000         0.000         0.000         0.000         0.000


           THETA
              RS_HWM0       RS_HWM1       RS_HLF0       RS_HLF1       RS_HLM0
              ________      ________      ________      ________      ________
 RS_HWM0        0.000
 RS_HWM1        0.000         0.000
 RS_HLF0        0.000         0.000         0.000
 RS_HLF1        0.000         0.000         0.000         0.000
 RS_HLM0        0.000         0.000         0.000         0.000         0.000
 RS_HLM1        0.000         0.000         0.000         0.000         0.000
 RS_MRF0        0.000         0.000         0.000         0.000         0.000
 RS_MRF1        0.000         0.000         0.000         0.000         0.000
 RS_MRM0        0.000         0.000         0.000         0.000         0.000
 RS_MRM1        0.000         0.000         0.000         0.000         0.000
 RS_WF1         0.000         0.000         0.000         0.000         0.000
 RS_WM0         0.000         0.000         0.000         0.000         0.000
 RS_WM1         0.000         0.000         0.000         0.000         0.000


           THETA
              RS_HLM1       RS_MRF0       RS_MRF1       RS_MRM0       RS_MRM1
              ________      ________      ________      ________      ________
 RS_HLM1        0.000
 RS_MRF0        0.000         0.000
 RS_MRF1        0.000         0.000         0.000
 RS_MRM0        0.000         0.000         0.000         0.000
 RS_MRM1        0.000         0.000         0.000         0.000         0.000
 RS_WF1         0.000         0.000         0.000         0.000         0.000
 RS_WM0         0.000         0.000         0.000         0.000         0.000
 RS_WM1         0.000         0.000         0.000         0.000         0.000


           THETA
              RS_WF1        RS_WM0        RS_WM1
              ________      ________      ________
 RS_WF1         0.000
 RS_WM0         0.000         0.000
 RS_WM1         0.000         0.000         0.000


           ALPHA
              R_SEG         PCT_BLAC      PCT_LATI      PCT_SPED      PCT_LOW_
              ________      ________      ________      ________      ________
                0.000         0.000         0.000         0.000         0.000


           ALPHA
              PCT_LEP_      RS_AAF0       RS_AAF1       RS_AAM0       RS_AAM1
              ________      ________      ________      ________      ________
                0.000         0.000         0.000         0.000         0.000


           ALPHA
              RS_AIF0       RS_AIF1       RS_AIM0       RS_AIM1       RS_ASF0
              ________      ________      ________      ________      ________
                0.000         0.000         0.000         0.000         0.000


           ALPHA
              RS_ASF1       RS_ASM0       RS_ASM1       RS_HWF0       RS_HWF1
              ________      ________      ________      ________      ________
                0.000         0.000         0.000         0.000         0.000


           ALPHA
              RS_HWM0       RS_HWM1       RS_HLF0       RS_HLF1       RS_HLM0
              ________      ________      ________      ________      ________
                0.000         0.000         0.000         0.000         0.000


           ALPHA
              RS_HLM1       RS_MRF0       RS_MRF1       RS_MRM0       RS_MRM1
              ________      ________      ________      ________      ________
                0.000         0.000         0.000         0.000         0.000


           ALPHA
              RS_WF1        RS_WM0        RS_WM1
              ________      ________      ________
                0.000         0.000         0.000


           BETA
              R_SEG         PCT_BLAC      PCT_LATI      PCT_SPED      PCT_LOW_
              ________      ________      ________      ________      ________
 R_SEG          0.000         0.000         0.000         0.000         0.000
 PCT_BLAC       0.000         0.000         0.000         0.000         0.000
 PCT_LATI       0.000         0.000         0.000         0.000         0.000
 PCT_SPED       0.000         0.000         0.000         0.000         0.000
 PCT_LOW_       0.000         0.000         0.000         0.000         0.000
 PCT_LEP_       0.000         0.000         0.000         0.000         0.000
 RS_AAF0        0.000         0.000         0.000         0.000         0.000
 RS_AAF1        0.000         0.000         0.000         0.000         0.000
 RS_AAM0        0.000         0.000         0.000         0.000         0.000
 RS_AAM1        0.000         0.000         0.000         0.000         0.000
 RS_AIF0        0.000         0.000         0.000         0.000         0.000
 RS_AIF1        0.000         0.000         0.000         0.000         0.000
 RS_AIM0        0.000         0.000         0.000         0.000         0.000
 RS_AIM1        0.000         0.000         0.000         0.000         0.000
 RS_ASF0        0.000         0.000         0.000         0.000         0.000
 RS_ASF1        0.000         0.000         0.000         0.000         0.000
 RS_ASM0        0.000         0.000         0.000         0.000         0.000
 RS_ASM1        0.000         0.000         0.000         0.000         0.000
 RS_HWF0        0.000         0.000         0.000         0.000         0.000
 RS_HWF1        0.000         0.000         0.000         0.000         0.000
 RS_HWM0        0.000         0.000         0.000         0.000         0.000
 RS_HWM1        0.000         0.000         0.000         0.000         0.000
 RS_HLF0        0.000         0.000         0.000         0.000         0.000
 RS_HLF1        0.000         0.000         0.000         0.000         0.000
 RS_HLM0        0.000         0.000         0.000         0.000         0.000
 RS_HLM1        0.000         0.000         0.000         0.000         0.000
 RS_MRF0        0.000         0.000         0.000         0.000         0.000
 RS_MRF1        0.000         0.000         0.000         0.000         0.000
 RS_MRM0        0.000         0.000         0.000         0.000         0.000
 RS_MRM1        0.000         0.000         0.000         0.000         0.000
 RS_WF1         0.000         0.000         0.000         0.000         0.000
 RS_WM0         0.000         0.000         0.000         0.000         0.000
 RS_WM1         0.000         0.000         0.000         0.000         0.000


           BETA
              PCT_LEP_      RS_AAF0       RS_AAF1       RS_AAM0       RS_AAM1
              ________      ________      ________      ________      ________
 R_SEG          0.000         0.000         0.000         0.000         0.000
 PCT_BLAC       0.000         0.000         0.000         0.000         0.000
 PCT_LATI       0.000         0.000         0.000         0.000         0.000
 PCT_SPED       0.000         0.000         0.000         0.000         0.000
 PCT_LOW_       0.000         0.000         0.000         0.000         0.000
 PCT_LEP_       0.000         0.000         0.000         0.000         0.000
 RS_AAF0        0.000         0.000         0.000         0.000         0.000
 RS_AAF1        0.000         0.000         0.000         0.000         0.000
 RS_AAM0        0.000         0.000         0.000         0.000         0.000
 RS_AAM1        0.000         0.000         0.000         0.000         0.000
 RS_AIF0        0.000         0.000         0.000         0.000         0.000
 RS_AIF1        0.000         0.000         0.000         0.000         0.000
 RS_AIM0        0.000         0.000         0.000         0.000         0.000
 RS_AIM1        0.000         0.000         0.000         0.000         0.000
 RS_ASF0        0.000         0.000         0.000         0.000         0.000
 RS_ASF1        0.000         0.000         0.000         0.000         0.000
 RS_ASM0        0.000         0.000         0.000         0.000         0.000
 RS_ASM1        0.000         0.000         0.000         0.000         0.000
 RS_HWF0        0.000         0.000         0.000         0.000         0.000
 RS_HWF1        0.000         0.000         0.000         0.000         0.000
 RS_HWM0        0.000         0.000         0.000         0.000         0.000
 RS_HWM1        0.000         0.000         0.000         0.000         0.000
 RS_HLF0        0.000         0.000         0.000         0.000         0.000
 RS_HLF1        0.000         0.000         0.000         0.000         0.000
 RS_HLM0        0.000         0.000         0.000         0.000         0.000
 RS_HLM1        0.000         0.000         0.000         0.000         0.000
 RS_MRF0        0.000         0.000         0.000         0.000         0.000
 RS_MRF1        0.000         0.000         0.000         0.000         0.000
 RS_MRM0        0.000         0.000         0.000         0.000         0.000
 RS_MRM1        0.000         0.000         0.000         0.000         0.000
 RS_WF1         0.000         0.000         0.000         0.000         0.000
 RS_WM0         0.000         0.000         0.000         0.000         0.000
 RS_WM1         0.000         0.000         0.000         0.000         0.000


           BETA
              RS_AIF0       RS_AIF1       RS_AIM0       RS_AIM1       RS_ASF0
              ________      ________      ________      ________      ________
 R_SEG          0.000         0.000         0.000         0.000         0.000
 PCT_BLAC       0.000         0.000         0.000         0.000         0.000
 PCT_LATI       0.000         0.000         0.000         0.000         0.000
 PCT_SPED       0.000         0.000         0.000         0.000         0.000
 PCT_LOW_       0.000         0.000         0.000         0.000         0.000
 PCT_LEP_       0.000         0.000         0.000         0.000         0.000
 RS_AAF0        0.000         0.000         0.000         0.000         0.000
 RS_AAF1        0.000         0.000         0.000         0.000         0.000
 RS_AAM0        0.000         0.000         0.000         0.000         0.000
 RS_AAM1        0.000         0.000         0.000         0.000         0.000
 RS_AIF0        0.000         0.000         0.000         0.000         0.000
 RS_AIF1        0.000         0.000         0.000         0.000         0.000
 RS_AIM0        0.000         0.000         0.000         0.000         0.000
 RS_AIM1        0.000         0.000         0.000         0.000         0.000
 RS_ASF0        0.000         0.000         0.000         0.000         0.000
 RS_ASF1        0.000         0.000         0.000         0.000         0.000
 RS_ASM0        0.000         0.000         0.000         0.000         0.000
 RS_ASM1        0.000         0.000         0.000         0.000         0.000
 RS_HWF0        0.000         0.000         0.000         0.000         0.000
 RS_HWF1        0.000         0.000         0.000         0.000         0.000
 RS_HWM0        0.000         0.000         0.000         0.000         0.000
 RS_HWM1        0.000         0.000         0.000         0.000         0.000
 RS_HLF0        0.000         0.000         0.000         0.000         0.000
 RS_HLF1        0.000         0.000         0.000         0.000         0.000
 RS_HLM0        0.000         0.000         0.000         0.000         0.000
 RS_HLM1        0.000         0.000         0.000         0.000         0.000
 RS_MRF0        0.000         0.000         0.000         0.000         0.000
 RS_MRF1        0.000         0.000         0.000         0.000         0.000
 RS_MRM0        0.000         0.000         0.000         0.000         0.000
 RS_MRM1        0.000         0.000         0.000         0.000         0.000
 RS_WF1         0.000         0.000         0.000         0.000         0.000
 RS_WM0         0.000         0.000         0.000         0.000         0.000
 RS_WM1         0.000         0.000         0.000         0.000         0.000


           BETA
              RS_ASF1       RS_ASM0       RS_ASM1       RS_HWF0       RS_HWF1
              ________      ________      ________      ________      ________
 R_SEG          0.000         0.000         0.000         0.000         0.000
 PCT_BLAC       0.000         0.000         0.000         0.000         0.000
 PCT_LATI       0.000         0.000         0.000         0.000         0.000
 PCT_SPED       0.000         0.000         0.000         0.000         0.000
 PCT_LOW_       0.000         0.000         0.000         0.000         0.000
 PCT_LEP_       0.000         0.000         0.000         0.000         0.000
 RS_AAF0        0.000         0.000         0.000         0.000         0.000
 RS_AAF1        0.000         0.000         0.000         0.000         0.000
 RS_AAM0        0.000         0.000         0.000         0.000         0.000
 RS_AAM1        0.000         0.000         0.000         0.000         0.000
 RS_AIF0        0.000         0.000         0.000         0.000         0.000
 RS_AIF1        0.000         0.000         0.000         0.000         0.000
 RS_AIM0        0.000         0.000         0.000         0.000         0.000
 RS_AIM1        0.000         0.000         0.000         0.000         0.000
 RS_ASF0        0.000         0.000         0.000         0.000         0.000
 RS_ASF1        0.000         0.000         0.000         0.000         0.000
 RS_ASM0        0.000         0.000         0.000         0.000         0.000
 RS_ASM1        0.000         0.000         0.000         0.000         0.000
 RS_HWF0        0.000         0.000         0.000         0.000         0.000
 RS_HWF1        0.000         0.000         0.000         0.000         0.000
 RS_HWM0        0.000         0.000         0.000         0.000         0.000
 RS_HWM1        0.000         0.000         0.000         0.000         0.000
 RS_HLF0        0.000         0.000         0.000         0.000         0.000
 RS_HLF1        0.000         0.000         0.000         0.000         0.000
 RS_HLM0        0.000         0.000         0.000         0.000         0.000
 RS_HLM1        0.000         0.000         0.000         0.000         0.000
 RS_MRF0        0.000         0.000         0.000         0.000         0.000
 RS_MRF1        0.000         0.000         0.000         0.000         0.000
 RS_MRM0        0.000         0.000         0.000         0.000         0.000
 RS_MRM1        0.000         0.000         0.000         0.000         0.000
 RS_WF1         0.000         0.000         0.000         0.000         0.000
 RS_WM0         0.000         0.000         0.000         0.000         0.000
 RS_WM1         0.000         0.000         0.000         0.000         0.000


           BETA
              RS_HWM0       RS_HWM1       RS_HLF0       RS_HLF1       RS_HLM0
              ________      ________      ________      ________      ________
 R_SEG          0.000         0.000         0.000         0.000         0.000
 PCT_BLAC       0.000         0.000         0.000         0.000         0.000
 PCT_LATI       0.000         0.000         0.000         0.000         0.000
 PCT_SPED       0.000         0.000         0.000         0.000         0.000
 PCT_LOW_       0.000         0.000         0.000         0.000         0.000
 PCT_LEP_       0.000         0.000         0.000         0.000         0.000
 RS_AAF0        0.000         0.000         0.000         0.000         0.000
 RS_AAF1        0.000         0.000         0.000         0.000         0.000
 RS_AAM0        0.000         0.000         0.000         0.000         0.000
 RS_AAM1        0.000         0.000         0.000         0.000         0.000
 RS_AIF0        0.000         0.000         0.000         0.000         0.000
 RS_AIF1        0.000         0.000         0.000         0.000         0.000
 RS_AIM0        0.000         0.000         0.000         0.000         0.000
 RS_AIM1        0.000         0.000         0.000         0.000         0.000
 RS_ASF0        0.000         0.000         0.000         0.000         0.000
 RS_ASF1        0.000         0.000         0.000         0.000         0.000
 RS_ASM0        0.000         0.000         0.000         0.000         0.000
 RS_ASM1        0.000         0.000         0.000         0.000         0.000
 RS_HWF0        0.000         0.000         0.000         0.000         0.000
 RS_HWF1        0.000         0.000         0.000         0.000         0.000
 RS_HWM0        0.000         0.000         0.000         0.000         0.000
 RS_HWM1        0.000         0.000         0.000         0.000         0.000
 RS_HLF0        0.000         0.000         0.000         0.000         0.000
 RS_HLF1        0.000         0.000         0.000         0.000         0.000
 RS_HLM0        0.000         0.000         0.000         0.000         0.000
 RS_HLM1        0.000         0.000         0.000         0.000         0.000
 RS_MRF0        0.000         0.000         0.000         0.000         0.000
 RS_MRF1        0.000         0.000         0.000         0.000         0.000
 RS_MRM0        0.000         0.000         0.000         0.000         0.000
 RS_MRM1        0.000         0.000         0.000         0.000         0.000
 RS_WF1         0.000         0.000         0.000         0.000         0.000
 RS_WM0         0.000         0.000         0.000         0.000         0.000
 RS_WM1         0.000         0.000         0.000         0.000         0.000


           BETA
              RS_HLM1       RS_MRF0       RS_MRF1       RS_MRM0       RS_MRM1
              ________      ________      ________      ________      ________
 R_SEG          0.000         0.000         0.000         0.000         0.000
 PCT_BLAC       0.000         0.000         0.000         0.000         0.000
 PCT_LATI       0.000         0.000         0.000         0.000         0.000
 PCT_SPED       0.000         0.000         0.000         0.000         0.000
 PCT_LOW_       0.000         0.000         0.000         0.000         0.000
 PCT_LEP_       0.000         0.000         0.000         0.000         0.000
 RS_AAF0        0.000         0.000         0.000         0.000         0.000
 RS_AAF1        0.000         0.000         0.000         0.000         0.000
 RS_AAM0        0.000         0.000         0.000         0.000         0.000
 RS_AAM1        0.000         0.000         0.000         0.000         0.000
 RS_AIF0        0.000         0.000         0.000         0.000         0.000
 RS_AIF1        0.000         0.000         0.000         0.000         0.000
 RS_AIM0        0.000         0.000         0.000         0.000         0.000
 RS_AIM1        0.000         0.000         0.000         0.000         0.000
 RS_ASF0        0.000         0.000         0.000         0.000         0.000
 RS_ASF1        0.000         0.000         0.000         0.000         0.000
 RS_ASM0        0.000         0.000         0.000         0.000         0.000
 RS_ASM1        0.000         0.000         0.000         0.000         0.000
 RS_HWF0        0.000         0.000         0.000         0.000         0.000
 RS_HWF1        0.000         0.000         0.000         0.000         0.000
 RS_HWM0        0.000         0.000         0.000         0.000         0.000
 RS_HWM1        0.000         0.000         0.000         0.000         0.000
 RS_HLF0        0.000         0.000         0.000         0.000         0.000
 RS_HLF1        0.000         0.000         0.000         0.000         0.000
 RS_HLM0        0.000         0.000         0.000         0.000         0.000
 RS_HLM1        0.000         0.000         0.000         0.000         0.000
 RS_MRF0        0.000         0.000         0.000         0.000         0.000
 RS_MRF1        0.000         0.000         0.000         0.000         0.000
 RS_MRM0        0.000         0.000         0.000         0.000         0.000
 RS_MRM1        0.000         0.000         0.000         0.000         0.000
 RS_WF1         0.000         0.000         0.000         0.000         0.000
 RS_WM0         0.000         0.000         0.000         0.000         0.000
 RS_WM1         0.000         0.000         0.000         0.000         0.000


           BETA
              RS_WF1        RS_WM0        RS_WM1
              ________      ________      ________
 R_SEG          0.000         0.000         0.000
 PCT_BLAC       0.000         0.000         0.000
 PCT_LATI       0.000         0.000         0.000
 PCT_SPED       0.000         0.000         0.000
 PCT_LOW_       0.000         0.000         0.000
 PCT_LEP_       0.000         0.000         0.000
 RS_AAF0        0.000         0.000         0.000
 RS_AAF1        0.000         0.000         0.000
 RS_AAM0        0.000         0.000         0.000
 RS_AAM1        0.000         0.000         0.000
 RS_AIF0        0.000         0.000         0.000
 RS_AIF1        0.000         0.000         0.000
 RS_AIM0        0.000         0.000         0.000
 RS_AIM1        0.000         0.000         0.000
 RS_ASF0        0.000         0.000         0.000
 RS_ASF1        0.000         0.000         0.000
 RS_ASM0        0.000         0.000         0.000
 RS_ASM1        0.000         0.000         0.000
 RS_HWF0        0.000         0.000         0.000
 RS_HWF1        0.000         0.000         0.000
 RS_HWM0        0.000         0.000         0.000
 RS_HWM1        0.000         0.000         0.000
 RS_HLF0        0.000         0.000         0.000
 RS_HLF1        0.000         0.000         0.000
 RS_HLM0        0.000         0.000         0.000
 RS_HLM1        0.000         0.000         0.000
 RS_MRF0        0.000         0.000         0.000
 RS_MRF1        0.000         0.000         0.000
 RS_MRM0        0.000         0.000         0.000
 RS_MRM1        0.000         0.000         0.000
 RS_WF1         0.000         0.000         0.000
 RS_WM0         0.000         0.000         0.000
 RS_WM1         0.000         0.000         0.000


           PSI
              R_SEG         PCT_BLAC      PCT_LATI      PCT_SPED      PCT_LOW_
              ________      ________      ________      ________      ________
 R_SEG          1.000
 PCT_BLAC       0.000       161.635
 PCT_LATI       0.000         0.000       111.583
 PCT_SPED       0.000         0.000         0.000        38.755
 PCT_LOW_       0.000         0.000         0.000         0.000        91.811
 PCT_LEP_       0.000         0.000         0.000         0.000         0.000
 RS_AAF0        0.000         0.000         0.000         0.000         0.000
 RS_AAF1        0.000         0.000         0.000         0.000         0.000
 RS_AAM0        0.000         0.000         0.000         0.000         0.000
 RS_AAM1        0.000         0.000         0.000         0.000         0.000
 RS_AIF0        0.000         0.000         0.000         0.000         0.000
 RS_AIF1        0.000         0.000         0.000         0.000         0.000
 RS_AIM0        0.000         0.000         0.000         0.000         0.000
 RS_AIM1        0.000         0.000         0.000         0.000         0.000
 RS_ASF0        0.000         0.000         0.000         0.000         0.000
 RS_ASF1        0.000         0.000         0.000         0.000         0.000
 RS_ASM0        0.000         0.000         0.000         0.000         0.000
 RS_ASM1        0.000         0.000         0.000         0.000         0.000
 RS_HWF0        0.000         0.000         0.000         0.000         0.000
 RS_HWF1        0.000         0.000         0.000         0.000         0.000
 RS_HWM0        0.000         0.000         0.000         0.000         0.000
 RS_HWM1        0.000         0.000         0.000         0.000         0.000
 RS_HLF0        0.000         0.000         0.000         0.000         0.000
 RS_HLF1        0.000         0.000         0.000         0.000         0.000
 RS_HLM0        0.000         0.000         0.000         0.000         0.000
 RS_HLM1        0.000         0.000         0.000         0.000         0.000
 RS_MRF0        0.000         0.000         0.000         0.000         0.000
 RS_MRF1        0.000         0.000         0.000         0.000         0.000
 RS_MRM0        0.000         0.000         0.000         0.000         0.000
 RS_MRM1        0.000         0.000         0.000         0.000         0.000
 RS_WF1         0.000         0.000         0.000         0.000         0.000
 RS_WM0         0.000         0.000         0.000         0.000         0.000
 RS_WM1         0.000         0.000         0.000         0.000         0.000


           PSI
              PCT_LEP_      RS_AAF0       RS_AAF1       RS_AAM0       RS_AAM1
              ________      ________      ________      ________      ________
 PCT_LEP_      64.369
 RS_AAF0        0.000         0.040
 RS_AAF1        0.000         0.000         0.030
 RS_AAM0        0.000         0.000         0.000         0.041
 RS_AAM1        0.000         0.000         0.000         0.000         0.030
 RS_AIF0        0.000         0.000         0.000         0.000         0.000
 RS_AIF1        0.000         0.000         0.000         0.000         0.000
 RS_AIM0        0.000         0.000         0.000         0.000         0.000
 RS_AIM1        0.000         0.000         0.000         0.000         0.000
 RS_ASF0        0.000         0.000         0.000         0.000         0.000
 RS_ASF1        0.000         0.000         0.000         0.000         0.000
 RS_ASM0        0.000         0.000         0.000         0.000         0.000
 RS_ASM1        0.000         0.000         0.000         0.000         0.000
 RS_HWF0        0.000         0.000         0.000         0.000         0.000
 RS_HWF1        0.000         0.000         0.000         0.000         0.000
 RS_HWM0        0.000         0.000         0.000         0.000         0.000
 RS_HWM1        0.000         0.000         0.000         0.000         0.000
 RS_HLF0        0.000         0.000         0.000         0.000         0.000
 RS_HLF1        0.000         0.000         0.000         0.000         0.000
 RS_HLM0        0.000         0.000         0.000         0.000         0.000
 RS_HLM1        0.000         0.000         0.000         0.000         0.000
 RS_MRF0        0.000         0.000         0.000         0.000         0.000
 RS_MRF1        0.000         0.000         0.000         0.000         0.000
 RS_MRM0        0.000         0.000         0.000         0.000         0.000
 RS_MRM1        0.000         0.000         0.000         0.000         0.000
 RS_WF1         0.000         0.000         0.000         0.000         0.000
 RS_WM0         0.000         0.000         0.000         0.000         0.000
 RS_WM1         0.000         0.000         0.000         0.000         0.000


           PSI
              RS_AIF0       RS_AIF1       RS_AIM0       RS_AIM1       RS_ASF0
              ________      ________      ________      ________      ________
 RS_AIF0        0.001
 RS_AIF1        0.000         0.000
 RS_AIM0        0.000         0.000         0.001
 RS_AIM1        0.000         0.000         0.000         0.000
 RS_ASF0        0.000         0.000         0.000         0.000         0.010
 RS_ASF1        0.000         0.000         0.000         0.000         0.000
 RS_ASM0        0.000         0.000         0.000         0.000         0.000
 RS_ASM1        0.000         0.000         0.000         0.000         0.000
 RS_HWF0        0.000         0.000         0.000         0.000         0.000
 RS_HWF1        0.000         0.000         0.000         0.000         0.000
 RS_HWM0        0.000         0.000         0.000         0.000         0.000
 RS_HWM1        0.000         0.000         0.000         0.000         0.000
 RS_HLF0        0.000         0.000         0.000         0.000         0.000
 RS_HLF1        0.000         0.000         0.000         0.000         0.000
 RS_HLM0        0.000         0.000         0.000         0.000         0.000
 RS_HLM1        0.000         0.000         0.000         0.000         0.000
 RS_MRF0        0.000         0.000         0.000         0.000         0.000
 RS_MRF1        0.000         0.000         0.000         0.000         0.000
 RS_MRM0        0.000         0.000         0.000         0.000         0.000
 RS_MRM1        0.000         0.000         0.000         0.000         0.000
 RS_WF1         0.000         0.000         0.000         0.000         0.000
 RS_WM0         0.000         0.000         0.000         0.000         0.000
 RS_WM1         0.000         0.000         0.000         0.000         0.000


           PSI
              RS_ASF1       RS_ASM0       RS_ASM1       RS_HWF0       RS_HWF1
              ________      ________      ________      ________      ________
 RS_ASF1        0.001
 RS_ASM0        0.000         0.011
 RS_ASM1        0.000         0.000         0.001
 RS_HWF0        0.000         0.000         0.000         0.000
 RS_HWF1        0.000         0.000         0.000         0.000         0.000
 RS_HWM0        0.000         0.000         0.000         0.000         0.000
 RS_HWM1        0.000         0.000         0.000         0.000         0.000
 RS_HLF0        0.000         0.000         0.000         0.000         0.000
 RS_HLF1        0.000         0.000         0.000         0.000         0.000
 RS_HLM0        0.000         0.000         0.000         0.000         0.000
 RS_HLM1        0.000         0.000         0.000         0.000         0.000
 RS_MRF0        0.000         0.000         0.000         0.000         0.000
 RS_MRF1        0.000         0.000         0.000         0.000         0.000
 RS_MRM0        0.000         0.000         0.000         0.000         0.000
 RS_MRM1        0.000         0.000         0.000         0.000         0.000
 RS_WF1         0.000         0.000         0.000         0.000         0.000
 RS_WM0         0.000         0.000         0.000         0.000         0.000
 RS_WM1         0.000         0.000         0.000         0.000         0.000


           PSI
              RS_HWM0       RS_HWM1       RS_HLF0       RS_HLF1       RS_HLM0
              ________      ________      ________      ________      ________
 RS_HWM0        0.000
 RS_HWM1        0.000         0.000
 RS_HLF0        0.000         0.000         0.033
 RS_HLF1        0.000         0.000         0.000         0.014
 RS_HLM0        0.000         0.000         0.000         0.000         0.033
 RS_HLM1        0.000         0.000         0.000         0.000         0.000
 RS_MRF0        0.000         0.000         0.000         0.000         0.000
 RS_MRF1        0.000         0.000         0.000         0.000         0.000
 RS_MRM0        0.000         0.000         0.000         0.000         0.000
 RS_MRM1        0.000         0.000         0.000         0.000         0.000
 RS_WF1         0.000         0.000         0.000         0.000         0.000
 RS_WM0         0.000         0.000         0.000         0.000         0.000
 RS_WM1         0.000         0.000         0.000         0.000         0.000


           PSI
              RS_HLM1       RS_MRF0       RS_MRF1       RS_MRM0       RS_MRM1
              ________      ________      ________      ________      ________
 RS_HLM1        0.014
 RS_MRF0        0.000         0.009
 RS_MRF1        0.000         0.000         0.005
 RS_MRM0        0.000         0.000         0.000         0.009
 RS_MRM1        0.000         0.000         0.000         0.000         0.005
 RS_WF1         0.000         0.000         0.000         0.000         0.000
 RS_WM0         0.000         0.000         0.000         0.000         0.000
 RS_WM1         0.000         0.000         0.000         0.000         0.000


           PSI
              RS_WF1        RS_WM0        RS_WM1
              ________      ________      ________
 RS_WF1         0.015
 RS_WM0         0.000         0.070
 RS_WM1         0.000         0.000         0.016


     STARTING VALUES FOR BETWEEN


           TAU
              R_SEG$1       R_SEG$2       R_SEG$3
              ________      ________      ________
                0.943         1.599         1.990


           NU
              R_SEG         PCT_BLAC      PCT_LATI      PCT_SPED      PCT_LOW_
              ________      ________      ________      ________      ________
                0.000         0.000         0.000         0.000         0.000


           NU
              PCT_LEP_
              ________
                0.000


           LAMBDA
              S1            S2            S3            S4            S5
              ________      ________      ________      ________      ________
 R_SEG          0.000         0.000         0.000         0.000         0.000
 PCT_BLAC       0.000         0.000         0.000         0.000         0.000
 PCT_LATI       0.000         0.000         0.000         0.000         0.000
 PCT_SPED       0.000         0.000         0.000         0.000         0.000
 PCT_LOW_       0.000         0.000         0.000         0.000         0.000
 PCT_LEP_       0.000         0.000         0.000         0.000         0.000


           LAMBDA
              S6            S7            R_SEG         PCT_BLAC      PCT_LATI
              ________      ________      ________      ________      ________
 R_SEG          0.000         0.000         1.000         0.000         0.000
 PCT_BLAC       0.000         0.000         0.000         1.000         0.000
 PCT_LATI       0.000         0.000         0.000         0.000         1.000
 PCT_SPED       0.000         0.000         0.000         0.000         0.000
 PCT_LOW_       0.000         0.000         0.000         0.000         0.000
 PCT_LEP_       0.000         0.000         0.000         0.000         0.000


           LAMBDA
              PCT_SPED      PCT_LOW_      PCT_LEP_
              ________      ________      ________
 R_SEG          0.000         0.000         0.000
 PCT_BLAC       0.000         0.000         0.000
 PCT_LATI       0.000         0.000         0.000
 PCT_SPED       1.000         0.000         0.000
 PCT_LOW_       0.000         1.000         0.000
 PCT_LEP_       0.000         0.000         1.000


           THETA
              R_SEG         PCT_BLAC      PCT_LATI      PCT_SPED      PCT_LOW_
              ________      ________      ________      ________      ________
 R_SEG          0.000
 PCT_BLAC       0.000         0.000
 PCT_LATI       0.000         0.000         0.000
 PCT_SPED       0.000         0.000         0.000         0.000
 PCT_LOW_       0.000         0.000         0.000         0.000         0.000
 PCT_LEP_       0.000         0.000         0.000         0.000         0.000


           THETA
              PCT_LEP_
              ________
 PCT_LEP_       0.000


           ALPHA
              S1            S2            S3            S4            S5
              ________      ________      ________      ________      ________
                0.000         0.000         0.000         0.000         0.000


           ALPHA
              S6            S7            R_SEG         PCT_BLAC      PCT_LATI
              ________      ________      ________      ________      ________
                0.000         0.000         0.000        -2.458         0.637


           ALPHA
              PCT_SPED      PCT_LOW_      PCT_LEP_
              ________      ________      ________
               -6.539        -3.558         0.023


           BETA
              S1            S2            S3            S4            S5
              ________      ________      ________      ________      ________
 S1             0.000         0.000         0.000         0.000         0.000
 S2             0.000         0.000         0.000         0.000         0.000
 S3             0.000         0.000         0.000         0.000         0.000
 S4             0.000         0.000         0.000         0.000         0.000
 S5             0.000         0.000         0.000         0.000         0.000
 S6             0.000         0.000         0.000         0.000         0.000
 S7             0.000         0.000         0.000         0.000         0.000
 R_SEG          0.000         0.000         0.000         0.000         0.000
 PCT_BLAC       0.000         0.000         0.000         0.000         0.000
 PCT_LATI       0.000         0.000         0.000         0.000         0.000
 PCT_SPED       0.000         0.000         0.000         0.000         0.000
 PCT_LOW_       0.000         0.000         0.000         0.000         0.000
 PCT_LEP_       0.000         0.000         0.000         0.000         0.000


           BETA
              S6            S7            R_SEG         PCT_BLAC      PCT_LATI
              ________      ________      ________      ________      ________
 S1             0.000         0.000         0.000         0.000         0.000
 S2             0.000         0.000         0.000         0.000         0.000
 S3             0.000         0.000         0.000         0.000         0.000
 S4             0.000         0.000         0.000         0.000         0.000
 S5             0.000         0.000         0.000         0.000         0.000
 S6             0.000         0.000         0.000         0.000         0.000
 S7             0.000         0.000         0.000         0.000         0.000
 R_SEG          0.000         0.000         0.000         0.000         0.000
 PCT_BLAC       0.000         0.000         0.000         0.000         0.000
 PCT_LATI       0.000         0.000         0.000         0.000         0.000
 PCT_SPED       0.000         0.000         0.000         0.000         0.000
 PCT_LOW_       0.000         0.000         0.000         0.000         0.000
 PCT_LEP_       0.000         0.000         0.000         0.000         0.000


           BETA
              PCT_SPED      PCT_LOW_      PCT_LEP_
              ________      ________      ________
 S1             0.000         0.000         0.000
 S2             0.000         0.000         0.000
 S3             0.000         0.000         0.000
 S4             0.000         0.000         0.000
 S5             0.000         0.000         0.000
 S6             0.000         0.000         0.000
 S7             0.000         0.000         0.000
 R_SEG          0.000         0.000         0.000
 PCT_BLAC       0.000         0.000         0.000
 PCT_LATI       0.000         0.000         0.000
 PCT_SPED       0.000         0.000         0.000
 PCT_LOW_       0.000         0.000         0.000
 PCT_LEP_       0.000         0.000         0.000


           PSI
              S1            S2            S3            S4            S5
              ________      ________      ________      ________      ________
 S1             1.000
 S2             0.000         1.000
 S3             0.000         0.000         1.000
 S4             0.000         0.000         0.000         1.000
 S5             0.000         0.000         0.000         0.000         1.000
 S6             0.000         0.000         0.000         0.000         0.000
 S7             0.000         0.000         0.000         0.000         0.000
 R_SEG          0.000         0.000         0.000         0.000         0.000
 PCT_BLAC       0.000         0.000         0.000         0.000         0.000
 PCT_LATI       0.000         0.000         0.000         0.000         0.000
 PCT_SPED       0.000         0.000         0.000         0.000         0.000
 PCT_LOW_       0.000         0.000         0.000         0.000         0.000
 PCT_LEP_       0.000         0.000         0.000         0.000         0.000


           PSI
              S6            S7            R_SEG         PCT_BLAC      PCT_LATI
              ________      ________      ________      ________      ________
 S6             1.000
 S7             0.000         1.000
 R_SEG          0.000         0.000         1.000
 PCT_BLAC       0.000         0.000         0.000       161.635
 PCT_LATI       0.000         0.000         0.000         0.000       111.583
 PCT_SPED       0.000         0.000         0.000         0.000         0.000
 PCT_LOW_       0.000         0.000         0.000         0.000         0.000
 PCT_LEP_       0.000         0.000         0.000         0.000         0.000


           PSI
              PCT_SPED      PCT_LOW_      PCT_LEP_
              ________      ________      ________
 PCT_SPED      38.755
 PCT_LOW_       0.000        91.811
 PCT_LEP_       0.000         0.000        64.369



     PRIORS FOR ALL PARAMETERS            PRIOR MEAN      PRIOR VARIANCE     PRIOR STD. DEV.

     Parameter 1~N(0.000,5.000)              0.0000              5.0000              2.2361
     Parameter 2~N(0.000,5.000)              0.0000              5.0000              2.2361
     Parameter 3~N(0.000,5.000)              0.0000              5.0000              2.2361
     Parameter 4~N(0.000,5.000)              0.0000              5.0000              2.2361
     Parameter 5~N(0.000,5.000)              0.0000              5.0000              2.2361
     Parameter 6~N(0.000,5.000)              0.0000              5.0000              2.2361
     Parameter 7~N(0.000,5.000)              0.0000              5.0000              2.2361
     Parameter 8~N(0.000,5.000)              0.0000              5.0000              2.2361
     Parameter 9~N(0.000,5.000)              0.0000              5.0000              2.2361
     Parameter 10~N(0.000,5.000)             0.0000              5.0000              2.2361
     Parameter 11~N(0.000,5.000)             0.0000              5.0000              2.2361
     Parameter 12~N(0.000,5.000)             0.0000              5.0000              2.2361
     Parameter 13~N(0.000,5.000)             0.0000              5.0000              2.2361
     Parameter 14~N(0.000,5.000)             0.0000              5.0000              2.2361
     Parameter 15~N(0.000,5.000)             0.0000              5.0000              2.2361
     Parameter 16~N(0.000,5.000)             0.0000              5.0000              2.2361
     Parameter 17~N(0.000,5.000)             0.0000              5.0000              2.2361
     Parameter 18~N(0.000,5.000)             0.0000              5.0000              2.2361
     Parameter 19~N(0.000,5.000)             0.0000              5.0000              2.2361
     Parameter 20~N(0.000,5.000)             0.0000              5.0000              2.2361
     Parameter 21~IW(1.000,6)              infinity            infinity            infinity
     Parameter 22~IW(0.000,6)              infinity            infinity            infinity
     Parameter 23~IW(1.000,6)              infinity            infinity            infinity
     Parameter 24~IW(0.000,6)              infinity            infinity            infinity
     Parameter 25~IW(0.000,6)              infinity            infinity            infinity
     Parameter 26~IW(1.000,6)              infinity            infinity            infinity
     Parameter 27~IW(0.000,6)              infinity            infinity            infinity
     Parameter 28~IW(0.000,6)              infinity            infinity            infinity
     Parameter 29~IW(0.000,6)              infinity            infinity            infinity
     Parameter 30~IW(1.000,6)              infinity            infinity            infinity
     Parameter 31~IW(0.000,6)              infinity            infinity            infinity
     Parameter 32~IW(0.000,6)              infinity            infinity            infinity
     Parameter 33~IW(0.000,6)              infinity            infinity            infinity
     Parameter 34~IW(0.000,6)              infinity            infinity            infinity
     Parameter 35~IW(1.000,6)              infinity            infinity            infinity
     Parameter 36~N(0.000,infinity)          0.0000            infinity            infinity
     Parameter 37~N(0.000,infinity)          0.0000            infinity            infinity
     Parameter 38~N(0.000,infinity)          0.0000            infinity            infinity
     Parameter 39~N(0.000,infinity)          0.0000            infinity            infinity
     Parameter 40~N(0.000,infinity)          0.0000            infinity            infinity
     Parameter 41~N(0.000,infinity)          0.0000            infinity            infinity
     Parameter 42~N(0.000,infinity)          0.0000            infinity            infinity
     Parameter 43~N(0.000,infinity)          0.0000            infinity            infinity
     Parameter 44~N(0.000,infinity)          0.0000            infinity            infinity
     Parameter 45~N(0.000,infinity)          0.0000            infinity            infinity
     Parameter 46~N(0.000,infinity)          0.0000            infinity            infinity
     Parameter 47~N(0.000,infinity)          0.0000            infinity            infinity
     Parameter 48~N(0.000,infinity)          0.0000            infinity            infinity
     Parameter 49~N(0.000,infinity)          0.0000            infinity            infinity
     Parameter 50~N(0.000,infinity)          0.0000            infinity            infinity
     Parameter 51~N(0.000,infinity)          0.0000            infinity            infinity
     Parameter 52~N(0.000,infinity)          0.0000            infinity            infinity
     Parameter 53~N(0.000,infinity)          0.0000            infinity            infinity
     Parameter 54~N(0.000,infinity)          0.0000            infinity            infinity
     Parameter 55~N(0.000,infinity)          0.0000            infinity            infinity
     Parameter 56~N(0.000,infinity)          0.0000            infinity            infinity
     Parameter 57~N(0.000,infinity)          0.0000            infinity            infinity
     Parameter 58~N(0.000,infinity)          0.0000            infinity            infinity
     Parameter 59~N(0.000,infinity)          0.0000            infinity            infinity
     Parameter 60~N(0.000,infinity)          0.0000            infinity            infinity
     Parameter 61~N(0.000,infinity)          0.0000            infinity            infinity
     Parameter 62~N(0.000,infinity)          0.0000            infinity            infinity
     Parameter 63~N(0.000,infinity)          0.0000            infinity            infinity
     Parameter 64~N(0.000,infinity)          0.0000            infinity            infinity
     Parameter 65~N(0.000,infinity)          0.0000            infinity            infinity
     Parameter 66~N(0.000,infinity)          0.0000            infinity            infinity
     Parameter 67~N(0.000,infinity)          0.0000            infinity            infinity
     Parameter 68~N(0.000,infinity)          0.0000            infinity            infinity
     Parameter 69~N(0.000,infinity)          0.0000            infinity            infinity
     Parameter 70~N(0.000,infinity)          0.0000            infinity            infinity
     Parameter 71~N(0.000,infinity)          0.0000            infinity            infinity
     Parameter 72~N(0.000,infinity)          0.0000            infinity            infinity
     Parameter 73~N(0.000,infinity)          0.0000            infinity            infinity
     Parameter 74~N(0.000,infinity)          0.0000            infinity            infinity
     Parameter 75~N(0.000,infinity)          0.0000            infinity            infinity
     Parameter 76~N(0.000,infinity)          0.0000            infinity            infinity
     Parameter 77~N(0.000,infinity)          0.0000            infinity            infinity
     Parameter 78~N(0.000,infinity)          0.0000            infinity            infinity
     Parameter 79~N(0.000,infinity)          0.0000            infinity            infinity
     Parameter 80~N(0.000,infinity)          0.0000            infinity            infinity
     Parameter 81~N(0.000,infinity)          0.0000            infinity            infinity
     Parameter 82~N(0.000,infinity)          0.0000            infinity            infinity
     Parameter 83~N(0.000,5.000)             0.0000              5.0000              2.2361
     Parameter 84~N(0.000,5.000)             0.0000              5.0000              2.2361
     Parameter 85~N(0.000,5.000)             0.0000              5.0000              2.2361
     Parameter 86~N(0.000,5.000)             0.0000              5.0000              2.2361
     Parameter 87~N(0.000,5.000)             0.0000              5.0000              2.2361
     Parameter 88~IW(1.000,9)              infinity            infinity            infinity
     Parameter 89~IW(0.000,9)              infinity            infinity            infinity
     Parameter 90~IW(1.000,9)              infinity            infinity            infinity
     Parameter 91~IW(0.000,9)              infinity            infinity            infinity
     Parameter 92~IW(0.000,9)              infinity            infinity            infinity
     Parameter 93~IW(1.000,9)              infinity            infinity            infinity
     Parameter 94~IW(0.000,9)              infinity            infinity            infinity
     Parameter 95~IW(0.000,9)              infinity            infinity            infinity
     Parameter 96~IW(0.000,9)              infinity            infinity            infinity
     Parameter 97~IW(1.000,9)              infinity            infinity            infinity
     Parameter 98~IW(0.000,9)              infinity            infinity            infinity
     Parameter 99~IW(0.000,9)              infinity            infinity            infinity
     Parameter 100~IW(0.000,9)             infinity            infinity            infinity
     Parameter 101~IW(0.000,9)             infinity            infinity            infinity
     Parameter 102~IW(1.000,9)             infinity            infinity            infinity
     Parameter 103~IW(0.000,9)             infinity            infinity            infinity
     Parameter 104~IW(0.000,9)             infinity            infinity            infinity
     Parameter 105~IW(0.000,9)             infinity            infinity            infinity
     Parameter 106~IW(0.000,9)             infinity            infinity            infinity
     Parameter 107~IW(0.000,9)             infinity            infinity            infinity
     Parameter 108~IW(1.000,9)             infinity            infinity            infinity
     Parameter 109~IW(0.000,9)             infinity            infinity            infinity
     Parameter 110~IW(0.000,9)             infinity            infinity            infinity
     Parameter 111~IW(0.000,9)             infinity            infinity            infinity
     Parameter 112~IW(0.000,9)             infinity            infinity            infinity
     Parameter 113~IW(0.000,9)             infinity            infinity            infinity
     Parameter 114~IW(0.000,9)             infinity            infinity            infinity
     Parameter 115~IW(1.000,9)             infinity            infinity            infinity
     Parameter 116~IW(0.000,9)             infinity            infinity            infinity
     Parameter 117~IW(0.000,9)             infinity            infinity            infinity
     Parameter 118~IW(0.000,9)             infinity            infinity            infinity
     Parameter 119~IW(0.000,9)             infinity            infinity            infinity
     Parameter 120~IW(0.000,9)             infinity            infinity            infinity
     Parameter 121~IW(0.000,9)             infinity            infinity            infinity
     Parameter 122~IW(0.000,9)             infinity            infinity            infinity
     Parameter 123~IW(1.000,9)             infinity            infinity            infinity
     Parameter 124~IW(1.000,6)             infinity            infinity            infinity
     Parameter 125~IW(0.000,6)             infinity            infinity            infinity
     Parameter 126~IW(1.000,6)             infinity            infinity            infinity
     Parameter 127~IW(0.000,6)             infinity            infinity            infinity
     Parameter 128~IW(0.000,6)             infinity            infinity            infinity
     Parameter 129~IW(1.000,6)             infinity            infinity            infinity
     Parameter 130~IW(0.000,6)             infinity            infinity            infinity
     Parameter 131~IW(0.000,6)             infinity            infinity            infinity
     Parameter 132~IW(0.000,6)             infinity            infinity            infinity
     Parameter 133~IW(1.000,6)             infinity            infinity            infinity
     Parameter 134~IW(0.000,6)             infinity            infinity            infinity
     Parameter 135~IW(0.000,6)             infinity            infinity            infinity
     Parameter 136~IW(0.000,6)             infinity            infinity            infinity
     Parameter 137~IW(0.000,6)             infinity            infinity            infinity
     Parameter 138~IW(1.000,6)             infinity            infinity            infinity
     Parameter 139~N(0.000,5.000)            0.0000              5.0000              2.2361
     Parameter 140~N(0.000,5.000)            0.0000              5.0000              2.2361
     Parameter 141~N(0.000,5.000)            0.0000              5.0000              2.2361


TECHNICAL 8 OUTPUT


   TECHNICAL 8 OUTPUT FOR BAYES ESTIMATION

     PROCESSOR    BSEED
     1            0
     2            285380
     3            253358
     4            93468

                     POTENTIAL       PARAMETER WITH
     ITERATION    SCALE REDUCTION      HIGHEST PSR
     100              5.096               139
     200              4.369               139
     300              2.734               141
     400              2.482               141
     500              2.858               141
     600              2.159               141
     700              1.669               139
     800              1.669               139
     900              1.830               140
     1000             1.885               140
     1100             1.926               139
     1200             2.118               140
     1300             2.333               140
     1400             2.376               140
     1500             2.249               140
     1600             1.598               140
     1700             1.276               139
     1800             1.120               140
     1900             1.041               140
     2000             1.020               6
     2100             1.018               6
     2200             1.018               36
     2300             1.022               36
     2400             1.056               139
     2500             1.102               139
     2600             1.146               139
     2700             1.169               139
     2800             1.138               139
     2900             1.082               140
     3000             1.081               141
     3100             1.086               140
     3200             1.081               141
     3300             1.077               140
     3400             1.055               139
     3500             1.053               139
     3600             1.036               140
     3700             1.024               140
     3800             1.017               39
     3900             1.017               11
     4000             1.024               140
     4100             1.035               139
     4200             1.032               39
     4300             1.031               39
     4400             1.024               139
     4500             1.020               39
     4600             1.008               112
     4700             1.007               112
     4800             1.008               112
     4900             1.008               112
     5000             1.007               40
     5100             1.006               90
     5200             1.009               41
     5300             1.008               41
     5400             1.014               41
     5500             1.021               41
     5600             1.026               141
     5700             1.025               41
     5800             1.021               41
     5900             1.015               41
     6000             1.011               41
     6100             1.013               41
     6200             1.012               41
     6300             1.014               141
     6400             1.023               141
     6500             1.029               141
     6600             1.023               141
     6700             1.024               141
     6800             1.021               141
     6900             1.019               141
     7000             1.017               141
     7100             1.016               141
     7200             1.015               141
     7300             1.014               141
     7400             1.014               41
     7500             1.016               141
     7600             1.019               41
     7700             1.020               141
     7800             1.019               141
     7900             1.021               141
     8000             1.017               141
     8100             1.013               141
     8200             1.016               41
     8300             1.015               41
     8400             1.013               41
     8500             1.016               41
     8600             1.018               41
     8700             1.019               41
     8800             1.027               141
     8900             1.032               141
     9000             1.037               141
     9100             1.036               141
     9200             1.028               141
     9300             1.023               141
     9400             1.022               141
     9500             1.026               141
     9600             1.034               141
     9700             1.041               141
     9800             1.039               141
     9900             1.038               141
     10000            1.029               141
     10100            1.020               141
     10200            1.010               141
     10300            1.006               8
     10400            1.005               106
     10500            1.006               106
     10600            1.005               106
     10700            1.004               106
     10800            1.004               106
     10900            1.006               139
     11000            1.011               139
     11100            1.017               139
     11200            1.019               139
     11300            1.015               139
     11400            1.012               139
     11500            1.012               139
     11600            1.014               139
     11700            1.016               139
     11800            1.018               139
     11900            1.024               139
     12000            1.030               140
     12100            1.036               139
     12200            1.038               139
     12300            1.040               139
     12400            1.042               139
     12500            1.043               139
     12600            1.046               139
     12700            1.048               139
     12800            1.049               139
     12900            1.050               139
     13000            1.051               139
     13100            1.048               140
     13200            1.049               139
     13300            1.057               139
     13400            1.065               139
     13500            1.072               139
     13600            1.077               139
     13700            1.078               139
     13800            1.080               139
     13900            1.082               140
     14000            1.085               139
     14100            1.086               139
     14200            1.087               139
     14300            1.086               139
     14400            1.085               140
     14500            1.084               140
     14600            1.083               139
     14700            1.084               139
     14800            1.087               139
     14900            1.091               139
     15000            1.090               139
     15100            1.094               140
     15200            1.103               140
     15300            1.114               139
     15400            1.124               139
     15500            1.133               139
     15600            1.137               140
     15700            1.135               141
     15800            1.129               141
     15900            1.127               141
     16000            1.124               141
     16100            1.121               141
     16200            1.119               141
     16300            1.116               141
     16400            1.110               141
     16500            1.111               141
     16600            1.112               141
     16700            1.113               141
     16800            1.118               141
     16900            1.119               141
     17000            1.125               141
     17100            1.130               141
     17200            1.137               141
     17300            1.137               140
     17400            1.141               140
     17500            1.145               141
     17600            1.150               141
     17700            1.156               141
     17800            1.161               141
     17900            1.168               141
     18000            1.171               141
     18100            1.176               141
     18200            1.179               140
     18300            1.175               141
     18400            1.169               141
     18500            1.160               141
     18600            1.158               141
     18700            1.156               141
     18800            1.143               141
     18900            1.133               141
     19000            1.131               141
     19100            1.128               141
     19200            1.131               141
     19300            1.137               141
     19400            1.136               141
     19500            1.131               141
     19600            1.134               141
     19700            1.138               141
     19800            1.145               140
     19900            1.148               140
     20000            1.148               140
     20100            1.149               140
     20200            1.150               140
     20300            1.143               140
     20400            1.131               141
     20500            1.127               141
     20600            1.126               141
     20700            1.124               140
     20800            1.119               140
     20900            1.113               140
     21000            1.104               141
     21100            1.102               141


DIAGRAM INFORMATION

  Mplus diagrams are currently not available for multilevel analysis.
  No diagram output was produced.


     Beginning Time:  17:37:25
        Ending Time:  19:15:03
       Elapsed Time:  01:37:38



MUTHEN & MUTHEN
3463 Stoner Ave.
Los Angeles, CA  90066

Tel: (310) 391-9971
Fax: (310) 391-8971
Web: www.StatModel.com
Support: Support@StatModel.com

Copyright (c) 1998-2024 Muthen & Muthen
