Mplus VERSION 8.11
MUTHEN & MUTHEN
09/26/2026   2:54 PM

INPUT INSTRUCTIONS

  TITLE:  Bayesian Multi-Level Modeling - is_sped on regses categories With Level 2 Variable
            Nesting by Schoolt (Refrences: White Females Resources, White)

  DATA:
    FILE IS "S:\Ibrahim\UConn Spencer Project Analysis Delaware Data\K-12_24.txt";

  VARIABLE: NAMES ARE Schl is_sped reg_num regses_num District
            pct_black_c pct_latine_c pct_white_c
            pct_sped_c pct_low_ses_c pct_lep_c r_seg;
            USEVARIABLES ARE Schl is_sped
            pct_black_c pct_latine_c pct_sped_c pct_low_ses_c pct_lep_c
            rs_aaf0 rs_aaf1 rs_aam0 rs_aam1 rs_aif0 rs_aif1 rs_aim0 rs_aim1
            rs_asf0 rs_asf1 rs_asm0 rs_asm1 rs_hwf0 rs_hwf1 rs_hwm0 rs_hwm1
            rs_hlf0 rs_hlf1 rs_hlm0 rs_hlm1 rs_mrf0 rs_mrf1 rs_mrm0 rs_mrm1
            rs_wf1  rs_wm0  rs_wm1;
           !pct_white_c is removed from the USEVARIABLES as a reference

  CATEGORICAL is_sped;
      CLUSTER IS Schl;
      MISSING ARE ALL (-999); !tells MPLUS the empty cells are all NAs
      WITHIN = rs_aaf0 rs_aaf1 rs_aam0 rs_aam1 rs_aif0 rs_aif1 rs_aim0 rs_aim1
               rs_asf0 rs_asf1 rs_asm0 rs_asm1 rs_hwf0 rs_hwf1 rs_hwm0 rs_hwm1
               rs_hlf0 rs_hlf1 rs_hlm0 rs_hlm1 rs_mrf0 rs_mrf1 rs_mrm0 rs_mrm1
               rs_wf1  rs_wm0  rs_wm1;

    DEFINE:
      ! Reference Group: White_Female_0 (Code 27) - Excluded from definitions

      ! African American Groups
      rs_aaf0  = (regses_num == 1);   ! African American Female Non-SES
      rs_aaf1  = (regses_num == 2);   ! African American Female Low-Income
      rs_aam0  = (regses_num == 3);   ! African American Male Non-SES
      rs_aam1  = (regses_num == 4);   ! African American Male Low-Income

      ! American Indian Groups
      rs_aif0  = (regses_num == 5);   ! American Indian Female Non-SES
      rs_aif1  = (regses_num == 6);   ! American Indian Female Low-Income
      rs_aim0  = (regses_num == 7);   ! American Indian Male Non-SES
      rs_aim1  = (regses_num == 8);   ! American Indian Male Low-Income

      ! Asian Groups
      rs_asf0  = (regses_num == 9);   ! Asian Female Non-SES
      rs_asf1  = (regses_num== 10);  ! Asian Female Low-Income
      rs_asm0  = (regses_num == 11);  ! Asian Male Non-SES
      rs_asm1  = (regses_num == 12);  ! Asian Male Low-Income

      ! Hawaiian/Pacific Islander Groups
      rs_hwf0  = (regses_num == 13);  ! Hawaiian Female Non-SES
      rs_hwf1  = (regses_num == 14);  ! Hawaiian Female Low-Income
      rs_hwm0  = (regses_num== 15);  ! Hawaiian Male Non-SES
      rs_hwm1  = (regses_num == 16);  ! Hawaiian Male Low-Income

      ! Hispanic/Latino Groups
      rs_hlf0  = (regses_num == 17);  ! Hispanic/Latino Female Non-SES
      rs_hlf1  = (regses_num== 18);  ! Hispanic/Latino Female Low-Income
      rs_hlm0  = (regses_num == 19);  ! Hispanic/Latino Male Non-SES
      rs_hlm1  = (regses_num == 20);  ! Hispanic/Latino Male Low-Income

      ! Multi-Racial Groups
      rs_mrf0  = (regses_num == 21);  ! Multi-Racial Female Non-SES
      rs_mrf1  = (regses_num== 22);  ! Multi-Racial Female Low-Income
      rs_mrm0  = (regses_num == 23);  ! Multi-Racial Male Non-SES
      rs_mrm1  = (regses_num == 24);  ! Multi-Racial Male Low-Income

      ! White Comparison Groups
      rs_wf1   = (regses_num == 28);  ! White Female Low-Income
      rs_wm0   = (regses_num == 29);  ! White Male Non-SES
      rs_wm1   = (regses_num == 30);  ! White Male Low-Income

    ANALYSIS:
      TYPE = TWOLEVEL RANDOM;
      ESTIMATOR = BAYES;
      PROCESSORS = 4;
      BITERATIONS = (20000);
      BCONVERGENCE = 0.05;

  MODEL:
      %WITHIN%
      is_sped ON rs_aaf0 rs_aam0 rs_aif0 rs_aif1 rs_aim0 rs_aim1
                 rs_asf0 rs_asf1 rs_asm0 rs_asm1 rs_hwf0 rs_hwf1
                 rs_hwm0 rs_hwm1
                 rs_hlf0 rs_hlm0 rs_mrf0 rs_mrf1 rs_mrm0 rs_mrm1
                 rs_wm0;

  ! Random Slopes: define latent random slope variables
      s1 | is_sped ON rs_aaf1;
      s2 | is_sped ON rs_aam1;
      s3 | is_sped ON rs_hlf1;
      s4 | is_sped ON rs_hlm1;
      s5 | is_sped ON rs_wf1;
      s6 | is_sped ON rs_wm1;

      %BETWEEN%
      is_sped ON pct_black_c pct_latine_c pct_sped_c pct_low_ses_c pct_lep_c;

      ! Allow the random intercept and radnom slopes to correlate
      is_sped WITH s1 s2 s3 s4 s5 s6;
      s1 WITH s2 s3 s4 s5 s6;
      s2 WITH s3 s4 s5 s6;
      s3 WITH s4 s5 s6;
      s4 WITH s5 s6;
      s5 WITH s6;

    OUTPUT:
      TECH1 TECH8 STANDARDIZED;






*** WARNING
  Input line exceeded 90 characters. Some input may be truncated.
  TITLE:  Bayesian Multi-Level Modeling - is_sped on regses categories With Level 2 Variables
*** WARNING in VARIABLE command
  Note that only the first 8 characters of variable names are used in the output.
  Shorten variable names to avoid any confusion.
*** WARNING in MODEL command
  A within-between variable is used on the between level but has not been used on the within level.
  Please check that this is what is intended.  If this is not intended, specify the variable as a
  between variable.  Problem with:  PCT_BLACK_C
*** WARNING in MODEL command
  A within-between variable is used on the between level but has not been used on the within level.
  Please check that this is what is intended.  If this is not intended, specify the variable as a
  between variable.  Problem with:  PCT_LATINE_C
*** WARNING in MODEL command
  A within-between variable is used on the between level but has not been used on the within level.
  Please check that this is what is intended.  If this is not intended, specify the variable as a
  between variable.  Problem with:  PCT_SPED_C
*** WARNING in MODEL command
  A within-between variable is used on the between level but has not been used on the within level.
  Please check that this is what is intended.  If this is not intended, specify the variable as a
  between variable.  Problem with:  PCT_LOW_SES_C
*** WARNING in MODEL command
  A within-between variable is used on the between level but has not been used on the within level.
  Please check that this is what is intended.  If this is not intended, specify the variable as a
  between variable.  Problem with:  PCT_LEP_C
*** WARNING
  One or more individual-level variables have no variation within a
  cluster for the following clusters.

     Variable   Cluster IDs with no within-cluster variation

      IS_SPED     618 539 768 763 512 578 295
      PCT_BLAC    618 745 530 615 539 768 358 763 514 362 655 537 540 516 570 628 4075 752 512
                  543 27 29 36 750 650 324 640 630 22 310 638 334 728 740 244 636 246 339 264
                  314 322 642 632 326 635 658 156 332 410 318 132 612 124 420 662 266 260 670
                  418 37 432 538 248 573 761 759 4080 456 584 4055 749 762 684 760 256 613 14
                  782 660 4090 330 571 240 35 682 130 321 274 280 112 320 16 412 128 611 646 732
                  680 21 242 710 668 254 616 622 110 696 252 722 681 4040 350 312 352 250 327
                  776 20 721 736 578 620 10 712 673 623 28 11 581 575 669 292 634 779 621 271
                  775 633 270 282 476 610 637 4050 690 686 374 718 720 780 474 672 724 176 730
                  692 756 733 372 586 427 276 742 170 741 579 625 32 178 4045 376 764 734 766
                  33 294 738 180 743 26 23 392 470 151 665 17 261 286 664 190 295 685 194 290
                  394 675 422 196 746 66 783 576 284 44 34 652 18 678 770 390 587 24 568 80 688
                  648 726 748 490 585 626 588
      PCT_LATI    618 745 530 615 539 768 358 763 514 362 655 537 540 516 570 628 4075 752 512
                  543 27 29 36 750 650 324 640 630 22 310 638 334 728 740 244 636 246 339 264
                  314 322 642 632 326 635 658 156 332 410 318 132 612 124 420 662 266 260 670
                  418 37 432 538 248 573 761 759 4080 456 584 4055 749 762 684 760 256 613 14
                  782 660 4090 330 571 240 35 682 130 321 274 280 112 320 16 412 128 611 646 732
                  680 21 242 710 668 254 616 622 110 696 252 722 681 4040 350 312 352 250 327
                  776 20 721 736 578 620 10 712 673 623 28 11 581 575 669 292 634 779 621 271
                  775 633 270 282 476 610 637 4050 690 686 374 718 720 780 474 672 724 176 730
                  692 756 733 372 586 427 276 742 170 741 579 625 32 178 4045 376 764 734 766
                  33 294 738 180 743 26 23 392 470 151 665 17 261 286 664 190 295 685 194 290
                  394 675 422 196 746 66 783 576 284 44 34 652 18 678 770 390 587 24 568 80 688
                  648 726 748 490 585 626 588
      PCT_SPED    618 745 530 615 539 768 358 763 514 362 655 537 540 516 570 628 4075 752 512
                  543 27 29 36 750 650 324 640 630 22 310 638 334 728 740 244 636 246 339 264
                  314 322 642 632 326 635 658 156 332 410 318 132 612 124 420 662 266 260 670
                  418 37 432 538 248 573 761 759 4080 456 584 4055 749 762 684 760 256 613 14
                  782 660 4090 330 571 240 35 682 130 321 274 280 112 320 16 412 128 611 646 732
                  680 21 242 710 668 254 616 622 110 696 252 722 681 4040 350 312 352 250 327
                  776 20 721 736 578 620 10 712 673 623 28 11 581 575 669 292 634 779 621 271
                  775 633 270 282 476 610 637 4050 690 686 374 718 720 780 474 672 724 176 730
                  692 756 733 372 586 427 276 742 170 741 579 625 32 178 4045 376 764 734 766
                  33 294 738 180 743 26 23 392 470 151 665 17 261 286 664 190 295 685 194 290
                  394 675 422 196 746 66 783 576 284 44 34 652 18 678 770 390 587 24 568 80 688
                  648 726 748 490 585 626 588
      PCT_LOW_    618 745 530 615 539 768 358 763 514 362 655 537 540 516 570 628 4075 752 512
                  543 27 29 36 750 650 324 640 630 22 310 638 334 728 740 244 636 246 339 264
                  314 322 642 632 326 635 658 156 332 410 318 132 612 124 420 662 266 260 670
                  418 37 432 538 248 573 761 759 4080 456 584 4055 749 762 684 760 256 613 14
                  782 660 4090 330 571 240 35 682 130 321 274 280 112 320 16 412 128 611 646 732
                  680 21 242 710 668 254 616 622 110 696 252 722 681 4040 350 312 352 250 327
                  776 20 721 736 578 620 10 712 673 623 28 11 581 575 669 292 634 779 621 271
                  775 633 270 282 476 610 637 4050 690 686 374 718 720 780 474 672 724 176 730
                  692 756 733 372 586 427 276 742 170 741 579 625 32 178 4045 376 764 734 766
                  33 294 738 180 743 26 23 392 470 151 665 17 261 286 664 190 295 685 194 290
                  394 675 422 196 746 66 783 576 284 44 34 652 18 678 770 390 587 24 568 80 688
                  648 726 748 490 585 626 588
      PCT_LEP_    618 745 530 615 539 768 358 763 514 362 655 537 540 516 570 628 4075 752 512
                  543 27 29 36 750 650 324 640 630 22 310 638 334 728 740 244 636 246 339 264
                  314 322 642 632 326 635 658 156 332 410 318 132 612 124 420 662 266 260 670
                  418 37 432 538 248 573 761 759 4080 456 584 4055 749 762 684 760 256 613 14
                  782 660 4090 330 571 240 35 682 130 321 274 280 112 320 16 412 128 611 646 732
                  680 21 242 710 668 254 616 622 110 696 252 722 681 4040 350 312 352 250 327
                  776 20 721 736 578 620 10 712 673 623 28 11 581 575 669 292 634 779 621 271
                  775 633 270 282 476 610 637 4050 690 686 374 718 720 780 474 672 724 176 730
                  692 756 733 372 586 427 276 742 170 741 579 625 32 178 4045 376 764 734 766
                  33 294 738 180 743 26 23 392 470 151 665 17 261 286 664 190 295 685 194 290
                  394 675 422 196 746 66 783 576 284 44 34 652 18 678 770 390 587 24 568 80 688
                  648 726 748 490 585 626 588
      RS_AAF0     745
      RS_AAF1     745
      RS_AAM0     618 745 530
      RS_AAM1     618 745 763 628 612 749
      RS_AIF0     618 745 530 615 539 768 358 763 514 362 655 540 570 628 4075 752 512 543 27
                  29 750 324 640 310 334 728 740 244 339 264 322 642 632 326 635 658 156 332 410
                  420 266 670 432 248 761 759 456 584 4055 749 762 684 760 613 14 660 4090 330
                  571 240 35 130 280 320 128 611 646 732 680 21 242 710 254 616 622 110 252 722
                  681 4040 350 352 250 327 776 736 578 620 10 712 28 581 575 779 271 775 282 637
                  686 374 780 474 672 176 692 372 427 276 742 170 579 32 178 376 764 392 261 394
                  675 284 678 390 568
      RS_AIF1     618 745 530 615 539 768 358 763 514 362 655 537 540 516 628 752 512 543 27 29
                  36 750 650 324 640 630 22 310 334 728 636 246 339 264 314 642 632 658 156 332
                  410 318 132 612 124 420 662 266 260 670 418 37 538 248 573 759 4080 456 584
                  4055 684 256 613 782 660 4090 330 571 240 35 682 130 274 16 128 611 680 21 242
                  710 668 254 616 622 696 252 722 681 350 312 250 327 776 20 721 736 620 10 712
                  28 11 669 292 634 779 621 271 633 270 282 476 637 690 686 374 718 720 176 730
                  692 756 733 372 586 427 276 742 170 579 32 178 4045 376 764 766 33 180 23 392
                  151 17 261 664 295 290 394 675 422 196 576 284 44 34 652 18 587 24 568 688 626
                  588
      RS_AIM0     618 745 530 615 539 768 358 763 514 362 537 540 570 628 752 512 543 27 29 36
                  750 650 324 640 22 310 638 334 728 740 244 339 264 314 322 642 326 156 332 410
                  318 612 124 420 662 260 670 418 37 248 573 761 456 749 762 684 256 14 660 330
                  571 240 682 130 274 280 320 412 128 732 21 242 710 668 254 616 622 696 252 722
                  681 350 352 776 578 620 712 623 581 575 292 634 779 621 271 775 270 282 476
                  610 4050 374 780 474 672 176 372 427 742 170 625 4045 764 734 738 261 290 422
                  746 18 568 585
      RS_AIM1     618 745 530 615 539 768 358 514 362 655 537 540 516 570 628 4075 512 543 27
                  29 36 750 650 324 640 630 22 334 728 740 244 636 246 339 264 314 322 326 658
                  156 332 410 318 132 612 124 662 266 260 670 418 37 432 538 248 573 761 759 4080
                  456 584 4055 749 762 684 760 256 613 14 782 660 4090 330 571 240 682 321 112
                  16 128 611 646 732 680 21 242 710 668 616 622 696 252 722 681 312 250 776 20
                  721 736 578 620 712 673 623 11 575 669 779 621 775 270 282 610 4050 686 718
                  720 780 474 672 724 730 692 733 586 427 742 170 32 4045 376 734 766 738 180
                  743 26 23 665 17 261 286 664 295 685 394 675 422 746 66 284 652 678 587 24 588
      RS_ASF0     618 745 530 615 539 768 358 763 362 655 537 570 4075 752 543 750 244 410 266
                  456 782 571 274 352 581 575 692 4045
      RS_ASF1     618 745 530 615 539 768 358 763 514 362 655 537 540 570 628 4075 752 543 36
                  750 650 324 640 630 22 638 728 740 244 636 246 339 264 322 642 632 635 658 156
                  410 420 662 266 260 418 37 432 573 761 759 584 749 684 14 782 660 4090 240 35
                  280 16 646 732 680 242 710 254 616 622 696 252 722 681 4040 350 352 250 327
                  721 736 578 620 712 673 623 11 581 575 292 779 621 271 633 270 282 476 610 690
                  686 720 672 724 730 692 733 586 427 276 742 741 579 4045 734 766 33 738 743
                  665 286 685 675 746 576 284 568 726 748
      RS_ASM0     745 530 615 539 768 358 655 537 570 628 4075 752 543 244 246 266 670 432 248
                  761 4080 456 584 782 571 240 4040 776 581 575 672 692 579 4045
      RS_ASM1     618 745 530 615 539 768 358 763 514 362 655 537 540 516 570 628 4075 752 512
                  543 27 29 36 750 650 324 640 630 22 638 334 728 740 244 636 246 264 642 632
                  658 156 410 662 266 670 418 37 432 573 761 4080 456 584 749 762 760 14 660 4090
                  682 274 412 611 646 732 680 242 710 668 696 252 722 681 4040 350 352 250 327
                  776 721 736 10 712 11 581 575 292 634 271 775 633 282 476 637 690 718 720 780
                  474 672 724 176 730 692 756 733 372 586 742 741 579 4045 734 766 294 738 743
                  665 261 286 190 685 675 746 66 783 576 652 18 80 490 626
      RS_HWF0     618 745 530 615 539 768 358 763 514 362 655 537 540 516 570 4075 752 512 543
                  27 29 36 750 650 324 640 630 22 310 638 728 740 244 339 264 314 322 642 632
                  326 658 156 332 410 318 132 124 662 266 260 670 418 37 538 248 573 761 759 4080
                  456 584 749 762 760 256 613 782 660 4090 240 35 682 130 321 274 280 112 16 412
                  128 611 646 732 680 242 668 254 616 622 110 252 722 681 350 312 352 250 327
                  776 20 721 736 578 620 10 712 673 623 28 11 581 575 669 292 634 775 270 282
                  476 610 637 4050 690 686 374 720 780 474 672 724 176 692 733 372 586 742 170
                  741 625 32 178 4045 376 734 766 294 738 180 743 23 392 470 665 17 286 664 190
                  685 194 290 675 196 783 284 678 587 80 726 748 585 588
      RS_HWF1     618 745 530 615 539 768 358 763 514 362 655 537 540 516 570 628 4075 752 512
                  543 27 29 36 750 650 324 640 630 22 310 638 334 728 740 244 636 246 339 264
                  314 322 642 632 326 658 156 332 318 132 612 420 662 266 260 670 418 37 432 538
                  248 573 761 759 4080 456 584 4055 749 762 684 760 256 613 14 782 660 4090 330
                  571 240 35 682 130 321 274 280 112 320 16 412 611 646 732 680 21 242 710 668
                  254 616 622 110 696 722 681 350 312 352 250 327 776 20 721 736 578 620 10 712
                  673 623 28 11 581 669 292 634 779 621 271 775 270 282 476 610 637 4050 690 686
                  718 720 780 474 672 724 176 730 692 733 372 586 427 276 742 170 741 579 625
                  32 178 4045 376 764 734 766 33 294 738 180 743 26 23 392 470 151 665 261 286
                  664 190 295 685 290 394 422 196 66 783 576 284 44 34 652 18 678 770 587 568
                  80 688 726 490 585 588
      RS_HWM0     618 745 530 615 539 768 358 763 514 362 655 537 540 516 570 628 4075 752 543
                  27 29 36 750 650 324 640 630 22 310 638 334 728 740 244 636 246 339 264 322
                  642 632 326 635 658 156 332 410 132 124 420 662 266 260 670 418 37 538 248 573
                  761 759 4080 456 584 749 762 684 760 256 613 14 660 4090 240 682 321 280 112
                  320 16 412 128 611 646 732 680 242 668 254 622 110 696 252 722 4040 350 312
                  352 250 776 20 736 578 620 10 712 11 581 575 669 292 634 621 271 775 270 282
                  476 637 4050 690 686 720 474 672 724 730 692 733 586 427 276 742 741 579 4045
                  376 764 734 766 33 294 743 26 470 151 665 261 286 664 190 295 685 290 394 422
                  746 576 284 44 18 678 770 24 568 80 748 588
      RS_HWM1     618 745 530 615 539 768 358 763 514 362 655 537 540 516 570 628 4075 752 512
                  543 27 29 36 750 650 324 640 630 22 310 638 334 728 740 244 246 339 264 314
                  322 642 632 326 635 658 156 332 410 318 132 612 124 662 266 260 670 418 37 538
                  248 573 761 759 4080 456 584 4055 749 762 684 760 613 14 782 660 4090 330 571
                  240 35 682 130 321 274 280 320 16 128 611 646 732 680 21 242 710 668 254 616
                  622 110 696 722 681 4040 350 312 352 250 327 776 20 721 620 10 712 673 623 28
                  11 581 575 669 292 634 779 621 775 633 270 282 476 610 637 4050 690 686 374
                  718 720 780 474 672 724 176 730 692 756 733 372 586 427 276 742 170 579 625
                  32 178 4045 734 766 33 294 738 180 743 26 23 392 470 151 665 17 286 664 190
                  295 685 194 290 394 675 422 196 746 66 783 576 284 44 34 652 678 770 587 24
                  568 688 726 748 490 585 626 588
      RS_HLF0     618 530 615 539 570 575
      RS_HLF1     618 745 530 615 539 763 514 655 628 4075 29 612 124
      RS_HLM0     618 745 655 575
      RS_HLM1     618 530 539 768 628 27 29 4090 4050
      RS_MRF0     618 745 530 615 539 358 763 514 4075 244 248
      RS_MRF1     618 745 615 539 358 763 514 655 540 628 4075 512 27 630 728 246 612 37 571 35
                  736 271 579 295 284
      RS_MRM0     618 745 530 539 516 246 248 571
      RS_MRM1     618 745 615 539 358 362 655 516 628 4075 29 612 248 4080 571 578
      RS_WF1      618 615 539 358 537 628 4075
      RS_WM0      618 358
      RS_WM1      745 530 358 628

   8 WARNING(S) FOUND IN THE INPUT INSTRUCTIONS



Bayesian Multi-Level Modeling - is_sped on regses categories With Level 2 Variables
Nesting by Schoolt (Refrences: White Females Resources, White)

SUMMARY OF ANALYSIS

Number of groups                                                 1
Number of observations                                      139601

Number of dependent variables                                    1
Number of independent variables                                 32
Number of continuous latent variables                            6

Observed dependent variables

  Binary and ordered categorical (ordinal)
   IS_SPED

Observed independent variables
   PCT_BLAC    PCT_LATI    PCT_SPED    PCT_LOW_    PCT_LEP_    RS_AAF0
   RS_AAF1     RS_AAM0     RS_AAM1     RS_AIF0     RS_AIF1     RS_AIM0
   RS_AIM1     RS_ASF0     RS_ASF1     RS_ASM0     RS_ASM1     RS_HWF0
   RS_HWF1     RS_HWM0     RS_HWM1     RS_HLF0     RS_HLF1     RS_HLM0
   RS_HLM1     RS_MRF0     RS_MRF1     RS_MRM0     RS_MRM1     RS_WF1
   RS_WM0      RS_WM1

Continuous latent variables
   S1          S2          S3          S4          S5          S6

Variables with special functions

  Cluster variable      SCHL

  Within variables
   RS_AAF0     RS_AAF1     RS_AAM0     RS_AAM1     RS_AIF0     RS_AIF1
   RS_AIM0     RS_AIM1     RS_ASF0     RS_ASF1     RS_ASM0     RS_ASM1
   RS_HWF0     RS_HWF1     RS_HWM0     RS_HWM1     RS_HLF0     RS_HLF1
   RS_HLM0     RS_HLM1     RS_MRF0     RS_MRF1     RS_MRM0     RS_MRM1
   RS_WF1      RS_WM0      RS_WM1


Estimator                                                    BAYES
Specifications for Bayesian Estimation
  Point estimate                                            MEDIAN
  Number of Markov chain Monte Carlo (MCMC) chains               2
  Random seed for the first chain                                0
  Starting value information                           UNPERTURBED
  Algorithm used for Markov chain Monte Carlo           GIBBS(PX1)
  Convergence criterion                                  0.500D-01
  Maximum number of iterations                               50000
  K-th iteration used for thinning                               1
Link                                                        PROBIT

Input data file(s)
  S:\Ibrahim\UConn Spencer Project Analysis Delaware Data\K-12_24.txt
Input data format  FREE


SUMMARY OF DATA

     Number of clusters                        222

       Size (s)    Cluster ID with Size s

          5        618
          9        745
         18        530
         26        615
         42        539
         61        768
         62        358
         63        763
         84        514
         85        362
         86        655
         91        537
        101        540
        120        516
        122        570
        132        628
        145        4075
        172        752
        183        512
        191        543
        192        27
        201        29
        211        36
        232        750
        239        650
        251        324
        257        640
        259        630
        268        22
        272        310
        273        638
        275        334
        294        728
        301        740
        303        244
        315        636
        316        246
        322        339
        324        264
        327        314
        328        322
        329        642
        338        632
        339        326
        340        635 658
        343        156
        346        332
        356        410
        357        318
        358        132
        362        612
        366        124
        368        420
        371        662
        374        266
        375        260
        379        670
        384        418
        387        37
        388        432
        392        538
        394        248
        403        573
        405        761
        408        759
        411        4080
        415        456 584
        416        4055
        419        749
        426        762 684
        427        760
        431        256
        434        613 14
        437        782
        439        660 4090
        442        330
        446        571
        452        240
        454        35
        457        682
        460        130
        461        321
        467        274
        472        280
        476        112
        477        320
        478        16
        479        412 128 611
        481        646
        482        732
        488        680
        490        21
        493        242
        497        710
        503        668
        509        254
        512        616 622
        514        110
        519        696
        528        252 722
        529        681
        533        4040
        535        350 312
        545        352
        547        250
        548        327
        557        776
        559        20
        565        721
        566        736
        567        578
        568        620
        570        10 712
        572        673
        574        623
        577        28
        596        11
        599        581
        601        575
        602        669
        605        292
        606        634
        607        779
        615        621 271 775 633
        617        270
        619        282
        625        476
        633        610
        638        637
        643        4050
        656        690
        664        686
        678        374
        681        718
        682        720
        687        780
        688        474
        689        672
        705        724
        710        176
        714        730
        723        692
        724        756
        732        733
        734        372
        741        586
        743        427
        747        276
        749        742 170
        756        741
        764        579
        786        625
        788        32
        800        178
        805        4045
        807        376
        812        764
        817        734
        833        766
        854        33
        870        294
        875        738
        880        180
        886        743
        902        26
        903        23
        907        392
        908        470
        913        151
        918        665
        927        17
        932        261
        934        286
        939        664
        941        190
        971        295
       1009        685
       1015        194
       1032        290
       1055        394
       1058        675
       1063        422
       1074        196
       1092        746
       1094        66
       1134        783
       1158        576
       1163        284
       1188        44
       1190        34
       1225        652
       1235        18
       1315        678
       1323        770
       1340        390
       1396        587
       1399        24
       1444        568
       1598        80
       1790        688
       1867        648
       1918        726
       2012        748
       2077        490
       2192        585
       2242        626
       3047        588



COVARIANCE COVERAGE OF DATA

Minimum covariance coverage value   0.100

     Number of missing data patterns             1


     PROPORTION OF DATA PRESENT


           Covariance Coverage
              IS_SPED       PCT_BLAC      PCT_LATI      PCT_SPED      PCT_LOW_
              ________      ________      ________      ________      ________
 IS_SPED        1.000
 PCT_BLAC       1.000         1.000
 PCT_LATI       1.000         1.000         1.000
 PCT_SPED       1.000         1.000         1.000         1.000
 PCT_LOW_       1.000         1.000         1.000         1.000         1.000
 PCT_LEP_       1.000         1.000         1.000         1.000         1.000
 RS_AAF0        1.000         1.000         1.000         1.000         1.000
 RS_AAF1        1.000         1.000         1.000         1.000         1.000
 RS_AAM0        1.000         1.000         1.000         1.000         1.000
 RS_AAM1        1.000         1.000         1.000         1.000         1.000
 RS_AIF0        1.000         1.000         1.000         1.000         1.000
 RS_AIF1        1.000         1.000         1.000         1.000         1.000
 RS_AIM0        1.000         1.000         1.000         1.000         1.000
 RS_AIM1        1.000         1.000         1.000         1.000         1.000
 RS_ASF0        1.000         1.000         1.000         1.000         1.000
 RS_ASF1        1.000         1.000         1.000         1.000         1.000
 RS_ASM0        1.000         1.000         1.000         1.000         1.000
 RS_ASM1        1.000         1.000         1.000         1.000         1.000
 RS_HWF0        1.000         1.000         1.000         1.000         1.000
 RS_HWF1        1.000         1.000         1.000         1.000         1.000
 RS_HWM0        1.000         1.000         1.000         1.000         1.000
 RS_HWM1        1.000         1.000         1.000         1.000         1.000
 RS_HLF0        1.000         1.000         1.000         1.000         1.000
 RS_HLF1        1.000         1.000         1.000         1.000         1.000
 RS_HLM0        1.000         1.000         1.000         1.000         1.000
 RS_HLM1        1.000         1.000         1.000         1.000         1.000
 RS_MRF0        1.000         1.000         1.000         1.000         1.000
 RS_MRF1        1.000         1.000         1.000         1.000         1.000
 RS_MRM0        1.000         1.000         1.000         1.000         1.000
 RS_MRM1        1.000         1.000         1.000         1.000         1.000
 RS_WF1         1.000         1.000         1.000         1.000         1.000
 RS_WM0         1.000         1.000         1.000         1.000         1.000
 RS_WM1         1.000         1.000         1.000         1.000         1.000


           Covariance Coverage
              PCT_LEP_      RS_AAF0       RS_AAF1       RS_AAM0       RS_AAM1
              ________      ________      ________      ________      ________
 PCT_LEP_       1.000
 RS_AAF0        1.000         1.000
 RS_AAF1        1.000         1.000         1.000
 RS_AAM0        1.000         1.000         1.000         1.000
 RS_AAM1        1.000         1.000         1.000         1.000         1.000
 RS_AIF0        1.000         1.000         1.000         1.000         1.000
 RS_AIF1        1.000         1.000         1.000         1.000         1.000
 RS_AIM0        1.000         1.000         1.000         1.000         1.000
 RS_AIM1        1.000         1.000         1.000         1.000         1.000
 RS_ASF0        1.000         1.000         1.000         1.000         1.000
 RS_ASF1        1.000         1.000         1.000         1.000         1.000
 RS_ASM0        1.000         1.000         1.000         1.000         1.000
 RS_ASM1        1.000         1.000         1.000         1.000         1.000
 RS_HWF0        1.000         1.000         1.000         1.000         1.000
 RS_HWF1        1.000         1.000         1.000         1.000         1.000
 RS_HWM0        1.000         1.000         1.000         1.000         1.000
 RS_HWM1        1.000         1.000         1.000         1.000         1.000
 RS_HLF0        1.000         1.000         1.000         1.000         1.000
 RS_HLF1        1.000         1.000         1.000         1.000         1.000
 RS_HLM0        1.000         1.000         1.000         1.000         1.000
 RS_HLM1        1.000         1.000         1.000         1.000         1.000
 RS_MRF0        1.000         1.000         1.000         1.000         1.000
 RS_MRF1        1.000         1.000         1.000         1.000         1.000
 RS_MRM0        1.000         1.000         1.000         1.000         1.000
 RS_MRM1        1.000         1.000         1.000         1.000         1.000
 RS_WF1         1.000         1.000         1.000         1.000         1.000
 RS_WM0         1.000         1.000         1.000         1.000         1.000
 RS_WM1         1.000         1.000         1.000         1.000         1.000


           Covariance Coverage
              RS_AIF0       RS_AIF1       RS_AIM0       RS_AIM1       RS_ASF0
              ________      ________      ________      ________      ________
 RS_AIF0        1.000
 RS_AIF1        1.000         1.000
 RS_AIM0        1.000         1.000         1.000
 RS_AIM1        1.000         1.000         1.000         1.000
 RS_ASF0        1.000         1.000         1.000         1.000         1.000
 RS_ASF1        1.000         1.000         1.000         1.000         1.000
 RS_ASM0        1.000         1.000         1.000         1.000         1.000
 RS_ASM1        1.000         1.000         1.000         1.000         1.000
 RS_HWF0        1.000         1.000         1.000         1.000         1.000
 RS_HWF1        1.000         1.000         1.000         1.000         1.000
 RS_HWM0        1.000         1.000         1.000         1.000         1.000
 RS_HWM1        1.000         1.000         1.000         1.000         1.000
 RS_HLF0        1.000         1.000         1.000         1.000         1.000
 RS_HLF1        1.000         1.000         1.000         1.000         1.000
 RS_HLM0        1.000         1.000         1.000         1.000         1.000
 RS_HLM1        1.000         1.000         1.000         1.000         1.000
 RS_MRF0        1.000         1.000         1.000         1.000         1.000
 RS_MRF1        1.000         1.000         1.000         1.000         1.000
 RS_MRM0        1.000         1.000         1.000         1.000         1.000
 RS_MRM1        1.000         1.000         1.000         1.000         1.000
 RS_WF1         1.000         1.000         1.000         1.000         1.000
 RS_WM0         1.000         1.000         1.000         1.000         1.000
 RS_WM1         1.000         1.000         1.000         1.000         1.000


           Covariance Coverage
              RS_ASF1       RS_ASM0       RS_ASM1       RS_HWF0       RS_HWF1
              ________      ________      ________      ________      ________
 RS_ASF1        1.000
 RS_ASM0        1.000         1.000
 RS_ASM1        1.000         1.000         1.000
 RS_HWF0        1.000         1.000         1.000         1.000
 RS_HWF1        1.000         1.000         1.000         1.000         1.000
 RS_HWM0        1.000         1.000         1.000         1.000         1.000
 RS_HWM1        1.000         1.000         1.000         1.000         1.000
 RS_HLF0        1.000         1.000         1.000         1.000         1.000
 RS_HLF1        1.000         1.000         1.000         1.000         1.000
 RS_HLM0        1.000         1.000         1.000         1.000         1.000
 RS_HLM1        1.000         1.000         1.000         1.000         1.000
 RS_MRF0        1.000         1.000         1.000         1.000         1.000
 RS_MRF1        1.000         1.000         1.000         1.000         1.000
 RS_MRM0        1.000         1.000         1.000         1.000         1.000
 RS_MRM1        1.000         1.000         1.000         1.000         1.000
 RS_WF1         1.000         1.000         1.000         1.000         1.000
 RS_WM0         1.000         1.000         1.000         1.000         1.000
 RS_WM1         1.000         1.000         1.000         1.000         1.000


           Covariance Coverage
              RS_HWM0       RS_HWM1       RS_HLF0       RS_HLF1       RS_HLM0
              ________      ________      ________      ________      ________
 RS_HWM0        1.000
 RS_HWM1        1.000         1.000
 RS_HLF0        1.000         1.000         1.000
 RS_HLF1        1.000         1.000         1.000         1.000
 RS_HLM0        1.000         1.000         1.000         1.000         1.000
 RS_HLM1        1.000         1.000         1.000         1.000         1.000
 RS_MRF0        1.000         1.000         1.000         1.000         1.000
 RS_MRF1        1.000         1.000         1.000         1.000         1.000
 RS_MRM0        1.000         1.000         1.000         1.000         1.000
 RS_MRM1        1.000         1.000         1.000         1.000         1.000
 RS_WF1         1.000         1.000         1.000         1.000         1.000
 RS_WM0         1.000         1.000         1.000         1.000         1.000
 RS_WM1         1.000         1.000         1.000         1.000         1.000


           Covariance Coverage
              RS_HLM1       RS_MRF0       RS_MRF1       RS_MRM0       RS_MRM1
              ________      ________      ________      ________      ________
 RS_HLM1        1.000
 RS_MRF0        1.000         1.000
 RS_MRF1        1.000         1.000         1.000
 RS_MRM0        1.000         1.000         1.000         1.000
 RS_MRM1        1.000         1.000         1.000         1.000         1.000
 RS_WF1         1.000         1.000         1.000         1.000         1.000
 RS_WM0         1.000         1.000         1.000         1.000         1.000
 RS_WM1         1.000         1.000         1.000         1.000         1.000


           Covariance Coverage
              RS_WF1        RS_WM0        RS_WM1
              ________      ________      ________
 RS_WF1         1.000
 RS_WM0         1.000         1.000
 RS_WM1         1.000         1.000         1.000


UNIVARIATE PROPORTIONS AND COUNTS FOR CATEGORICAL VARIABLES

    IS_SPED
      Category 1    0.829       115683.000
      Category 2    0.171        23918.000



UNIVARIATE SAMPLE STATISTICS


     UNIVARIATE HIGHER-ORDER MOMENT DESCRIPTIVE STATISTICS

         Variable/         Mean/     Skewness/   Minimum/ % with                Percentiles
        Sample Size      Variance    Kurtosis    Maximum  Min/Max      20%/60%    40%/80%    Median

     PCT_BLACK_C          -2.350       1.115     -33.106    0.01%     -18.633     -7.586     -3.939
          139601.000     323.348       1.764      63.566    0.43%      -0.226     10.618
     PCT_LATINE_C          0.578       1.827     -19.062    0.00%     -10.583     -7.021     -4.036
          139601.000     221.227       3.785      66.404    0.58%      -0.345      7.904
     PCT_SPED_C           -5.720       5.395     -21.497    0.70%     -11.061     -8.701     -7.633
          139601.000     143.312      34.398      77.473    1.43%      -6.516     -2.778
     PCT_LOW_SES_C        -3.526       0.723     -29.306    0.09%     -15.437     -8.903     -3.779
          139601.000     182.567       0.786      45.385    0.43%      -0.648      6.576
     PCT_LEP_C            -0.057       1.903     -12.077    0.43%      -8.941     -6.209     -3.506
          139601.000     127.985       4.781      57.494    0.52%      -1.363      6.624
     RS_AAF0               0.086       2.946       0.000   91.37%       0.000      0.000      0.000
          139601.000       0.079       6.678       1.000    8.63%       0.000      0.000
     RS_AAF1               0.064       3.555       0.000   93.58%       0.000      0.000      0.000
          139601.000       0.060      10.640       1.000    6.42%       0.000      0.000
     RS_AAM0               0.091       2.840       0.000   90.88%       0.000      0.000      0.000
          139601.000       0.083       6.064       1.000    9.12%       0.000      0.000
     RS_AAM1               0.066       3.503       0.000   93.42%       0.000      0.000      0.000
          139601.000       0.061      10.269       1.000    6.58%       0.000      0.000
     RS_AIF0               0.001      26.839       0.000   99.86%       0.000      0.000      0.000
          139601.000       0.001     718.323       1.000    0.14%       0.000      0.000
     RS_AIF1               0.001      40.975       0.000   99.94%       0.000      0.000      0.000
          139601.000       0.001    1676.940       1.000    0.06%       0.000      0.000
     RS_AIM0               0.001      26.429       0.000   99.86%       0.000      0.000      0.000
          139601.000       0.001     696.514       1.000    0.14%       0.000      0.000
     RS_AIM1               0.001      41.479       0.000   99.94%       0.000      0.000      0.000
          139601.000       0.001    1718.470       1.000    0.06%       0.000      0.000
     RS_ASF0               0.019       6.969       0.000   98.06%       0.000      0.000      0.000
          139601.000       0.019      46.571       1.000    1.94%       0.000      0.000
     RS_ASF1               0.002      24.630       0.000   99.84%       0.000      0.000      0.000
          139601.000       0.002     604.613       1.000    0.16%       0.000      0.000
     RS_ASM0               0.022       6.589       0.000   97.84%       0.000      0.000      0.000
          139601.000       0.021      41.417       1.000    2.16%       0.000      0.000
     RS_ASM1               0.002      24.157       0.000   99.83%       0.000      0.000      0.000
          139601.000       0.002     581.561       1.000    0.17%       0.000      0.000
     RS_HWF0               0.000      45.276       0.000   99.95%       0.000      0.000      0.000
          139601.000       0.000    2047.956       1.000    0.05%       0.000      0.000
     RS_HWF1               0.000      73.255       0.000   99.98%       0.000      0.000      0.000
          139601.000       0.000    5364.269       1.000    0.02%       0.000      0.000
     RS_HWM0               0.001      44.624       0.000   99.95%       0.000      0.000      0.000
          139601.000       0.001    1989.301       1.000    0.05%       0.000      0.000
     RS_HWM1               0.000      83.529       0.000   99.99%       0.000      0.000      0.000
          139601.000       0.000    6975.050       1.000    0.01%       0.000      0.000
     RS_HLF0               0.069       3.389       0.000   93.06%       0.000      0.000      0.000
          139601.000       0.065       9.486       1.000    6.94%       0.000      0.000
     RS_HLF1               0.028       5.708       0.000   97.19%       0.000      0.000      0.000
          139601.000       0.027      30.578       1.000    2.81%       0.000      0.000
     RS_HLM0               0.071       3.340       0.000   92.90%       0.000      0.000      0.000
          139601.000       0.066       9.158       1.000    7.10%       0.000      0.000
     RS_HLM1               0.028       5.737       0.000   97.21%       0.000      0.000      0.000
          139601.000       0.027      30.916       1.000    2.79%       0.000      0.000
     RS_MRF0               0.018       7.314       0.000   98.23%       0.000      0.000      0.000
          139601.000       0.017      51.491       1.000    1.77%       0.000      0.000
     RS_MRF1               0.010      10.032       0.000   99.04%       0.000      0.000      0.000
          139601.000       0.010      98.648       1.000    0.96%       0.000      0.000
     RS_MRM0               0.018       7.217       0.000   98.18%       0.000      0.000      0.000
          139601.000       0.018      50.088       1.000    1.82%       0.000      0.000
     RS_MRM1               0.009      10.303       0.000   99.08%       0.000      0.000      0.000
          139601.000       0.009     104.158       1.000    0.92%       0.000      0.000
     RS_WF1                0.030       5.473       0.000   96.96%       0.000      0.000      0.000
          139601.000       0.029      27.948       1.000    3.04%       0.000      0.000
     RS_WM0                0.170       1.758       0.000   83.01%       0.000      0.000      0.000
          139601.000       0.141       1.091       1.000   16.99%       0.000      0.000
     RS_WM1                0.033       5.237       0.000   96.71%       0.000      0.000      0.000
          139601.000       0.032      25.422       1.000    3.29%       0.000      0.000


THE MODEL ESTIMATION TERMINATED NORMALLY

     USE THE FBITERATIONS OPTION TO INCREASE THE NUMBER OF ITERATIONS BY A FACTOR
     OF AT LEAST TWO TO CHECK CONVERGENCE AND THAT THE PSR VALUE DOES NOT INCREASE.



MODEL FIT INFORMATION

Number of Free Parameters                              96



MODEL RESULTS

                                Posterior  One-Tailed         95% C.I.
                    Estimate       S.D.      P-Value   Lower 2.5%  Upper 2.5%  Significance

Within Level

 IS_SPED    ON
    RS_AAF0            0.086       0.019      0.000       0.049       0.123      *
    RS_AAM0            0.447       0.017      0.000       0.413       0.481      *
    RS_AIF0            0.031       0.118      0.394      -0.207       0.257
    RS_AIF1            0.211       0.168      0.109      -0.125       0.533
    RS_AIM0            0.401       0.103      0.000       0.195       0.602      *
    RS_AIM1            0.537       0.153      0.000       0.226       0.829      *
    RS_ASF0           -0.550       0.047      0.000      -0.643      -0.459      *
    RS_ASF1           -0.407       0.140      0.001      -0.695      -0.148      *
    RS_ASM0           -0.090       0.035      0.005      -0.160      -0.021      *
    RS_ASM1            0.109       0.102      0.151      -0.099       0.302
    RS_HWF0            0.303       0.182      0.050      -0.062       0.648
    RS_HWF1           -0.565       0.479      0.090      -1.672       0.219
    RS_HWM0            0.062       0.195      0.376      -0.337       0.423
    RS_HWM1            0.413       0.332      0.114      -0.276       1.026
    RS_HLF0           -0.066       0.022      0.001      -0.109      -0.023      *
    RS_HLM0            0.243       0.020      0.000       0.205       0.281      *
    RS_MRF0           -0.031       0.036      0.204      -0.102       0.040
    RS_MRF1            0.187       0.044      0.000       0.099       0.272      *
    RS_MRM0            0.314       0.032      0.000       0.252       0.377      *
    RS_MRM1            0.643       0.040      0.000       0.566       0.721      *
    RS_WM0             0.317       0.015      0.000       0.289       0.347      *

 PCT_LATI WITH
    PCT_BLACK_         0.000       0.000      0.498       0.000       0.000

 PCT_SPED WITH
    PCT_BLACK_         0.000       0.000      0.495       0.000       0.000
    PCT_LATINE         0.000       0.000      0.495       0.000       0.000

 PCT_LOW_ WITH
    PCT_BLACK_         0.000       0.000      0.497       0.000       0.000
    PCT_LATINE         0.000       0.000      0.496       0.000       0.000
    PCT_SPED_C         0.000       0.000      0.499       0.000       0.000

 PCT_LEP_ WITH
    PCT_BLACK_         0.000       0.000      0.495       0.000       0.000
    PCT_LATINE         0.000       0.000      0.496       0.000       0.000
    PCT_SPED_C         0.000       0.000      0.498       0.000       0.000
    PCT_LOW_SE         0.000       0.000      0.496       0.000       0.000

 Variances
    PCT_BLACK_         0.000       0.000      0.000       0.000       0.000      *
    PCT_LATINE         0.000       0.000      0.000       0.000       0.000      *
    PCT_SPED_C         0.000       0.000      0.000       0.000       0.000      *
    PCT_LOW_SE         0.000       0.000      0.000       0.000       0.000      *
    PCT_LEP_C          0.000       0.000      0.000       0.000       0.000      *

Between Level

 IS_SPED    ON
    PCT_BLACK_        -0.002       0.002      0.108      -0.007       0.002
    PCT_LATINE         0.002       0.003      0.232      -0.004       0.009
    PCT_SPED_C         0.010       0.001      0.000       0.007       0.012      *
    PCT_LOW_SE         0.004       0.003      0.062      -0.001       0.009
    PCT_LEP_C         -0.004       0.004      0.149      -0.013       0.004

 IS_SPED  WITH
    S1                -0.003       0.014      0.412      -0.031       0.023
    S2                 0.002       0.012      0.421      -0.021       0.026
    S3                -0.015       0.018      0.194      -0.052       0.020
    S4                 0.013       0.016      0.182      -0.016       0.047
    S5                -0.008       0.015      0.287      -0.039       0.022
    S6                 0.004       0.013      0.372      -0.021       0.031

 S1       WITH
    S2                 0.015       0.007      0.010       0.002       0.030      *
    S3                 0.015       0.010      0.050      -0.003       0.037
    S4                 0.012       0.009      0.066      -0.004       0.032
    S5                 0.010       0.008      0.099      -0.005       0.028
    S6                 0.005       0.008      0.251      -0.010       0.021

 S2       WITH
    S3                 0.011       0.009      0.087      -0.005       0.029
    S4                 0.012       0.008      0.040      -0.002       0.030
    S5                 0.004       0.007      0.272      -0.010       0.019
    S6                 0.007       0.007      0.145      -0.006       0.022

 S3       WITH
    S4                 0.012       0.011      0.134      -0.009       0.035
    S5                 0.007       0.011      0.232      -0.013       0.029
    S6                -0.002       0.010      0.407      -0.023       0.017

 S4       WITH
    S5                 0.002       0.009      0.400      -0.016       0.021
    S6                 0.005       0.009      0.288      -0.012       0.024

 S5       WITH
    S6                 0.013       0.009      0.057      -0.003       0.032

 PCT_LATI WITH
    PCT_BLACK_       -79.878      19.523      0.000    -120.571     -44.316      *

 PCT_SPED WITH
    PCT_BLACK_        63.163      31.348      0.018       3.845     126.844      *
    PCT_LATINE       -26.817      22.266      0.111     -71.680      16.363

 PCT_LOW_ WITH
    PCT_BLACK_       201.708      24.196      0.000     160.016     254.698      *
    PCT_LATINE        33.835      14.478      0.006       6.537      63.345      *
    PCT_SPED_C        61.376      24.323      0.004      15.495     111.630      *

 PCT_LEP_ WITH
    PCT_BLACK_       -53.952      15.535      0.000     -86.150     -25.072      *
    PCT_LATINE       137.538      14.325      0.000     113.123     169.146      *
    PCT_SPED_C       -49.628      18.225      0.002     -87.297     -16.170      *
    PCT_LOW_SE        37.145      11.809      0.000      15.426      61.482      *

 Means
    PCT_BLACK_         0.021       1.315      0.493      -2.585       2.577
    PCT_LATINE        -0.002       0.935      0.499      -1.862       1.817
    PCT_SPED_C         0.009       1.558      0.498      -3.110       3.049
    PCT_LOW_SE         0.014       1.017      0.494      -2.005       2.017
    PCT_LEP_C          0.000       0.758      0.500      -1.483       1.479
    S1                 0.256       0.028      0.000       0.201       0.310      *
    S2                 0.614       0.025      0.000       0.563       0.662      *
    S3                 0.158       0.037      0.000       0.086       0.230      *
    S4                 0.512       0.033      0.000       0.447       0.578      *
    S5                 0.363       0.032      0.000       0.299       0.425      *
    S6                 0.666       0.030      0.000       0.605       0.722      *

 Thresholds
    IS_SPED$1          1.162       0.026      0.000       1.111       1.212      *

 Variances
    PCT_BLACK_       380.960      36.791      0.000     317.908     461.073      *
    PCT_LATINE       195.951      18.966      0.000     163.689     238.326      *
    PCT_SPED_C       547.222      52.854      0.000     457.411     662.785      *
    PCT_LOW_SE       226.631      21.761      0.000     189.494     273.959      *
    PCT_LEP_C        127.470      12.319      0.000     106.139     154.306      *
    S1                 0.055       0.011      0.000       0.037       0.081      *
    S2                 0.046       0.009      0.000       0.032       0.067      *
    S3                 0.072       0.017      0.000       0.045       0.113      *
    S4                 0.059       0.015      0.000       0.037       0.095      *
    S5                 0.054       0.013      0.000       0.035       0.084      *
    S6                 0.054       0.012      0.000       0.035       0.080      *

 Residual Variances
    IS_SPED            0.108       0.014      0.000       0.084       0.140      *


STANDARDIZED MODEL RESULTS


STDYX Standardization

                                Posterior  One-Tailed         95% C.I.
                    Estimate       S.D.      P-Value   Lower 2.5%  Upper 2.5%  Significance

Within-Level Standardized Estimates Averaged Over Clusters

 S1 | IS_SPED ON
    RS_AAF1            0.056       0.005      0.000       0.047       0.066      *

 S2 | IS_SPED ON
    RS_AAM1            0.141       0.005      0.000       0.132       0.150      *

 S3 | IS_SPED ON
    RS_HLF1            0.020       0.004      0.000       0.012       0.028      *

 S4 | IS_SPED ON
    RS_HLM1            0.074       0.004      0.000       0.066       0.081      *

 S5 | IS_SPED ON
    RS_WF1             0.059       0.004      0.000       0.051       0.067      *

 S6 | IS_SPED ON
    RS_WM1             0.115       0.004      0.000       0.107       0.122      *

 IS_SPED    ON
    RS_AAF0            0.022       0.005      0.000       0.013       0.032      *
    RS_AAM0            0.118       0.004      0.000       0.110       0.126      *
    RS_AIF0            0.000       0.003      0.437      -0.005       0.006
    RS_AIF1            0.003       0.002      0.108      -0.001       0.007
    RS_AIM0            0.009       0.002      0.000       0.004       0.013      *
    RS_AIM1            0.007       0.002      0.000       0.003       0.010      *
    RS_ASF0           -0.052       0.004      0.000      -0.060      -0.043      *
    RS_ASF1           -0.010       0.003      0.001      -0.016      -0.004      *
    RS_ASM0           -0.009       0.003      0.004      -0.016      -0.002      *
    RS_ASM1            0.002       0.002      0.167      -0.002       0.007
    RS_HWF0            0.003       0.002      0.047      -0.001       0.006
    RS_HWF1           -0.002       0.002      0.091      -0.006       0.001
    RS_HWM0            0.000       0.002      0.389      -0.003       0.004
    RS_HWM1            0.001       0.001      0.119      -0.001       0.003
    RS_HLF0           -0.015       0.005      0.003      -0.024      -0.005      *
    RS_HLM0            0.055       0.004      0.000       0.047       0.063      *
    RS_MRF0           -0.004       0.004      0.190      -0.012       0.004
    RS_MRF1            0.017       0.004      0.000       0.009       0.024      *
    RS_MRM0            0.039       0.004      0.000       0.031       0.046      *
    RS_MRM1            0.057       0.003      0.000       0.050       0.064      *
    RS_WM0             0.106       0.004      0.000       0.097       0.114      *

 PCT_LATI WITH
    PCT_BLACK_         0.000       0.012      0.492      -0.025       0.025

 PCT_SPED WITH
    PCT_BLACK_         0.000       0.013      0.494      -0.026       0.024
    PCT_LATINE         0.000       0.012      0.498      -0.024       0.023

 PCT_LOW_ WITH
    PCT_BLACK_         0.000       0.013      0.483      -0.026       0.026
    PCT_LATINE         0.000       0.013      0.492      -0.025       0.027
    PCT_SPED_C         0.000       0.012      0.489      -0.025       0.023

 PCT_LEP_ WITH
    PCT_BLACK_         0.000       0.013      0.493      -0.025       0.025
    PCT_LATINE         0.000       0.012      0.493      -0.023       0.025
    PCT_SPED_C         0.000       0.012      0.491      -0.024       0.024
    PCT_LOW_SE         0.000       0.012      0.499      -0.023       0.025

 Variances
    PCT_BLACK_         1.000       0.000      0.000       1.000       1.000
    PCT_LATINE         1.000       0.000      0.000       1.000       1.000
    PCT_SPED_C         1.000       0.000      0.000       1.000       1.000
    PCT_LOW_SE         1.000       0.000      0.000       1.000       1.000
    PCT_LEP_C          1.000       0.000      0.000       1.000       1.000

Between Level

 IS_SPED    ON
    PCT_BLACK_        -0.118       0.097      0.108      -0.311       0.072
    PCT_LATINE         0.084       0.115      0.232      -0.139       0.310
    PCT_SPED_C         0.551       0.061      0.000       0.422       0.661      *
    PCT_LOW_SE         0.151       0.097      0.062      -0.042       0.341
    PCT_LEP_C         -0.123       0.118      0.149      -0.358       0.109

 IS_SPED  WITH
    S1                -0.040       0.171      0.412      -0.376       0.289
    S2                 0.035       0.162      0.421      -0.281       0.345
    S3                -0.178       0.193      0.194      -0.521       0.222
    S4                 0.172       0.182      0.182      -0.196       0.509
    S5                -0.111       0.189      0.287      -0.454       0.281
    S6                 0.056       0.169      0.372      -0.274       0.376

 S1       WITH
    S2                 0.300       0.118      0.010       0.047       0.511      *
    S3                 0.242       0.137      0.050      -0.045       0.491
    S4                 0.220       0.140      0.066      -0.066       0.477
    S5                 0.186       0.137      0.099      -0.100       0.440
    S6                 0.095       0.138      0.251      -0.181       0.356

 S2       WITH
    S3                 0.194       0.137      0.087      -0.092       0.443
    S4                 0.241       0.131      0.040      -0.031       0.483
    S5                 0.085       0.137      0.272      -0.196       0.340
    S6                 0.148       0.135      0.145      -0.124       0.401

 S3       WITH
    S4                 0.185       0.157      0.134      -0.140       0.464
    S5                 0.121       0.161      0.232      -0.197       0.418
    S6                -0.037       0.153      0.407      -0.330       0.268

 S4       WITH
    S5                 0.040       0.157      0.400      -0.269       0.341
    S6                 0.089       0.151      0.288      -0.211       0.376

 S5       WITH
    S6                 0.241       0.142      0.057      -0.057       0.493

 PCT_LATI WITH
    PCT_BLACK_        -0.294       0.062      0.000      -0.409      -0.168      *

 PCT_SPED WITH
    PCT_BLACK_         0.139       0.066      0.018       0.009       0.264      *
    PCT_LATINE        -0.082       0.066      0.111      -0.211       0.049

 PCT_LOW_ WITH
    PCT_BLACK_         0.688       0.035      0.000       0.613       0.751      *
    PCT_LATINE         0.161       0.065      0.006       0.031       0.287      *
    PCT_SPED_C         0.175       0.065      0.004       0.045       0.299      *

 PCT_LEP_ WITH
    PCT_BLACK_        -0.246       0.063      0.000      -0.366      -0.118      *
    PCT_LATINE         0.871       0.016      0.000       0.836       0.899      *
    PCT_SPED_C        -0.189       0.064      0.002      -0.314      -0.062      *
    PCT_LOW_SE         0.220       0.064      0.000       0.092       0.343      *

 Means
    PCT_BLACK_         0.001       0.067      0.493      -0.132       0.131
    PCT_LATINE         0.000       0.067      0.499      -0.131       0.129
    PCT_SPED_C         0.000       0.066      0.498      -0.132       0.129
    PCT_LOW_SE         0.001       0.067      0.494      -0.133       0.132
    PCT_LEP_C          0.000       0.067      0.500      -0.131       0.131
    S1                 1.086       0.166      0.000       0.783       1.439      *
    S2                 2.865       0.302      0.000       2.323       3.514      *
    S3                 0.591       0.156      0.000       0.303       0.913      *
    S4                 2.111       0.282      0.000       1.603       2.707      *
    S5                 1.560       0.236      0.000       1.137       2.063      *
    S6                 2.879       0.345      0.000       2.266       3.617      *

 Variances
    PCT_BLACK_         1.000       0.000      0.000       1.000       1.000
    PCT_LATINE         1.000       0.000      0.000       1.000       1.000
    PCT_SPED_C         1.000       0.000      0.000       1.000       1.000
    PCT_LOW_SE         1.000       0.000      0.000       1.000       1.000
    PCT_LEP_C          1.000       0.000      0.000       1.000       1.000
    S1                 1.000       0.000      0.000       1.000       1.000
    S2                 1.000       0.000      0.000       1.000       1.000
    S3                 1.000       0.000      0.000       1.000       1.000
    S4                 1.000       0.000      0.000       1.000       1.000
    S5                 1.000       0.000      0.000       1.000       1.000
    S6                 1.000       0.000      0.000       1.000       1.000

 Residual Variances
    IS_SPED            0.643       0.062      0.000       0.522       0.765      *


STDY Standardization

                                Posterior  One-Tailed         95% C.I.
                    Estimate       S.D.      P-Value   Lower 2.5%  Upper 2.5%  Significance

Within-Level Standardized Estimates Averaged Over Clusters

 S1 | IS_SPED ON
    RS_AAF1            0.246       0.022      0.000       0.202       0.288      *

 S2 | IS_SPED ON
    RS_AAM1            0.594       0.020      0.000       0.555       0.631      *

 S3 | IS_SPED ON
    RS_HLF1            0.154       0.031      0.000       0.092       0.211      *

 S4 | IS_SPED ON
    RS_HLM1            0.493       0.026      0.000       0.441       0.546      *

 S5 | IS_SPED ON
    RS_WF1             0.352       0.025      0.000       0.302       0.404      *

 S6 | IS_SPED ON
    RS_WM1             0.644       0.023      0.000       0.600       0.689      *

 IS_SPED    ON
    RS_AAF0            0.084       0.018      0.000       0.051       0.121      *
    RS_AAM0            0.433       0.016      0.000       0.403       0.464      *
    RS_AIF0            0.018       0.116      0.437      -0.203       0.259
    RS_AIF1            0.201       0.164      0.108      -0.113       0.518
    RS_AIM0            0.385       0.101      0.000       0.175       0.578      *
    RS_AIM1            0.520       0.143      0.000       0.229       0.788      *
    RS_ASF0           -0.538       0.046      0.000      -0.626      -0.443      *
    RS_ASF1           -0.402       0.138      0.001      -0.688      -0.150      *
    RS_ASM0           -0.086       0.034      0.004      -0.152      -0.020      *
    RS_ASM1            0.097       0.098      0.167      -0.093       0.289
    RS_HWF0            0.281       0.172      0.047      -0.066       0.607
    RS_HWF1           -0.535       0.463      0.091      -1.624       0.238
    RS_HWM0            0.049       0.187      0.389      -0.323       0.399
    RS_HWM1            0.404       0.328      0.119      -0.291       0.977
    RS_HLF0           -0.064       0.021      0.003      -0.104      -0.022      *
    RS_HLM0            0.236       0.018      0.000       0.201       0.270      *
    RS_MRF0           -0.030       0.034      0.190      -0.097       0.036
    RS_MRF1            0.184       0.044      0.000       0.096       0.269      *
    RS_MRM0            0.308       0.030      0.000       0.245       0.365      *
    RS_MRM1            0.625       0.038      0.000       0.552       0.697      *
    RS_WM0             0.308       0.013      0.000       0.281       0.332      *

 PCT_LATI WITH
    PCT_BLACK_         0.000       0.012      0.492      -0.025       0.025

 PCT_SPED WITH
    PCT_BLACK_         0.000       0.013      0.494      -0.026       0.024
    PCT_LATINE         0.000       0.012      0.498      -0.024       0.023

 PCT_LOW_ WITH
    PCT_BLACK_         0.000       0.013      0.483      -0.026       0.026
    PCT_LATINE         0.000       0.013      0.492      -0.025       0.027
    PCT_SPED_C         0.000       0.012      0.489      -0.025       0.023

 PCT_LEP_ WITH
    PCT_BLACK_         0.000       0.013      0.493      -0.025       0.025
    PCT_LATINE         0.000       0.012      0.493      -0.023       0.025
    PCT_SPED_C         0.000       0.012      0.491      -0.024       0.024
    PCT_LOW_SE         0.000       0.012      0.499      -0.023       0.025

 Variances
    PCT_BLACK_         1.000       0.000      0.000       1.000       1.000
    PCT_LATINE         1.000       0.000      0.000       1.000       1.000
    PCT_SPED_C         1.000       0.000      0.000       1.000       1.000
    PCT_LOW_SE         1.000       0.000      0.000       1.000       1.000
    PCT_LEP_C          1.000       0.000      0.000       1.000       1.000

Between Level

 IS_SPED    ON
    PCT_BLACK_        -0.118       0.097      0.108      -0.311       0.072
    PCT_LATINE         0.084       0.115      0.232      -0.139       0.310
    PCT_SPED_C         0.551       0.061      0.000       0.422       0.661      *
    PCT_LOW_SE         0.151       0.097      0.062      -0.042       0.341
    PCT_LEP_C         -0.123       0.118      0.149      -0.358       0.109

 IS_SPED  WITH
    S1                -0.040       0.171      0.412      -0.376       0.289
    S2                 0.035       0.162      0.421      -0.281       0.345
    S3                -0.178       0.193      0.194      -0.521       0.222
    S4                 0.172       0.182      0.182      -0.196       0.509
    S5                -0.111       0.189      0.287      -0.454       0.281
    S6                 0.056       0.169      0.372      -0.274       0.376

 S1       WITH
    S2                 0.300       0.118      0.010       0.047       0.511      *
    S3                 0.242       0.137      0.050      -0.045       0.491
    S4                 0.220       0.140      0.066      -0.066       0.477
    S5                 0.186       0.137      0.099      -0.100       0.440
    S6                 0.095       0.138      0.251      -0.181       0.356

 S2       WITH
    S3                 0.194       0.137      0.087      -0.092       0.443
    S4                 0.241       0.131      0.040      -0.031       0.483
    S5                 0.085       0.137      0.272      -0.196       0.340
    S6                 0.148       0.135      0.145      -0.124       0.401

 S3       WITH
    S4                 0.185       0.157      0.134      -0.140       0.464
    S5                 0.121       0.161      0.232      -0.197       0.418
    S6                -0.037       0.153      0.407      -0.330       0.268

 S4       WITH
    S5                 0.040       0.157      0.400      -0.269       0.341
    S6                 0.089       0.151      0.288      -0.211       0.376

 S5       WITH
    S6                 0.241       0.142      0.057      -0.057       0.493

 PCT_LATI WITH
    PCT_BLACK_        -0.294       0.062      0.000      -0.409      -0.168      *

 PCT_SPED WITH
    PCT_BLACK_         0.139       0.066      0.018       0.009       0.264      *
    PCT_LATINE        -0.082       0.066      0.111      -0.211       0.049

 PCT_LOW_ WITH
    PCT_BLACK_         0.688       0.035      0.000       0.613       0.751      *
    PCT_LATINE         0.161       0.065      0.006       0.031       0.287      *
    PCT_SPED_C         0.175       0.065      0.004       0.045       0.299      *

 PCT_LEP_ WITH
    PCT_BLACK_        -0.246       0.063      0.000      -0.366      -0.118      *
    PCT_LATINE         0.871       0.016      0.000       0.836       0.899      *
    PCT_SPED_C        -0.189       0.064      0.002      -0.314      -0.062      *
    PCT_LOW_SE         0.220       0.064      0.000       0.092       0.343      *

 Means
    PCT_BLACK_         0.001       0.067      0.493      -0.132       0.131
    PCT_LATINE         0.000       0.067      0.499      -0.131       0.129
    PCT_SPED_C         0.000       0.066      0.498      -0.132       0.129
    PCT_LOW_SE         0.001       0.067      0.494      -0.133       0.132
    PCT_LEP_C          0.000       0.067      0.500      -0.131       0.131
    S1                 1.086       0.166      0.000       0.783       1.439      *
    S2                 2.865       0.302      0.000       2.323       3.514      *
    S3                 0.591       0.156      0.000       0.303       0.913      *
    S4                 2.111       0.282      0.000       1.603       2.707      *
    S5                 1.560       0.236      0.000       1.137       2.063      *
    S6                 2.879       0.345      0.000       2.266       3.617      *

 Variances
    PCT_BLACK_         1.000       0.000      0.000       1.000       1.000
    PCT_LATINE         1.000       0.000      0.000       1.000       1.000
    PCT_SPED_C         1.000       0.000      0.000       1.000       1.000
    PCT_LOW_SE         1.000       0.000      0.000       1.000       1.000
    PCT_LEP_C          1.000       0.000      0.000       1.000       1.000
    S1                 1.000       0.000      0.000       1.000       1.000
    S2                 1.000       0.000      0.000       1.000       1.000
    S3                 1.000       0.000      0.000       1.000       1.000
    S4                 1.000       0.000      0.000       1.000       1.000
    S5                 1.000       0.000      0.000       1.000       1.000
    S6                 1.000       0.000      0.000       1.000       1.000

 Residual Variances
    IS_SPED            0.643       0.062      0.000       0.522       0.765      *


STD Standardization

                                Posterior  One-Tailed         95% C.I.
                    Estimate       S.D.      P-Value   Lower 2.5%  Upper 2.5%  Significance

Within-Level Standardized Estimates Averaged Over Clusters

 S1 | IS_SPED ON
    RS_AAF1            0.254       0.022      0.000       0.209       0.298      *

 S2 | IS_SPED ON
    RS_AAM1            0.614       0.021      0.000       0.573       0.653      *

 S3 | IS_SPED ON
    RS_HLF1            0.159       0.032      0.000       0.095       0.218      *

 S4 | IS_SPED ON
    RS_HLM1            0.510       0.027      0.000       0.455       0.565      *

 S5 | IS_SPED ON
    RS_WF1             0.364       0.026      0.000       0.312       0.417      *

 S6 | IS_SPED ON
    RS_WM1             0.665       0.024      0.000       0.619       0.712      *

 IS_SPED    ON
    RS_AAF0            0.086       0.018      0.000       0.052       0.125      *
    RS_AAM0            0.447       0.016      0.000       0.415       0.479      *
    RS_AIF0            0.018       0.119      0.437      -0.210       0.267
    RS_AIF1            0.207       0.169      0.108      -0.116       0.535
    RS_AIM0            0.397       0.104      0.000       0.181       0.596      *
    RS_AIM1            0.537       0.148      0.000       0.236       0.813      *
    RS_ASF0           -0.555       0.048      0.000      -0.647      -0.457      *
    RS_ASF1           -0.415       0.142      0.001      -0.711      -0.155      *
    RS_ASM0           -0.089       0.035      0.004      -0.158      -0.021      *
    RS_ASM1            0.100       0.101      0.167      -0.096       0.299
    RS_HWF0            0.290       0.178      0.047      -0.068       0.626
    RS_HWF1           -0.552       0.478      0.091      -1.678       0.246
    RS_HWM0            0.050       0.193      0.389      -0.333       0.412
    RS_HWM1            0.416       0.338      0.119      -0.300       1.008
    RS_HLF0           -0.066       0.021      0.003      -0.107      -0.023      *
    RS_HLM0            0.243       0.018      0.000       0.207       0.278      *
    RS_MRF0           -0.031       0.035      0.190      -0.100       0.037
    RS_MRF1            0.189       0.045      0.000       0.099       0.278      *
    RS_MRM0            0.317       0.031      0.000       0.253       0.377      *
    RS_MRM1            0.645       0.039      0.000       0.570       0.721      *
    RS_WM0             0.318       0.013      0.000       0.290       0.343      *

 PCT_LATI WITH
    PCT_BLACK_         0.000       0.000      0.492       0.000       0.000

 PCT_SPED WITH
    PCT_BLACK_         0.000       0.000      0.494       0.000       0.000
    PCT_LATINE         0.000       0.000      0.498       0.000       0.000

 PCT_LOW_ WITH
    PCT_BLACK_         0.000       0.000      0.483       0.000       0.000
    PCT_LATINE         0.000       0.000      0.492       0.000       0.000
    PCT_SPED_C         0.000       0.000      0.489       0.000       0.000

 PCT_LEP_ WITH
    PCT_BLACK_         0.000       0.000      0.493       0.000       0.000
    PCT_LATINE         0.000       0.000      0.493       0.000       0.000
    PCT_SPED_C         0.000       0.000      0.491       0.000       0.000
    PCT_LOW_SE         0.000       0.000      0.499       0.000       0.000

 Variances
    PCT_BLACK_         0.000       0.000      0.000       0.000       0.000      *
    PCT_LATINE         0.000       0.000      0.000       0.000       0.000      *
    PCT_SPED_C         0.000       0.000      0.000       0.000       0.000      *
    PCT_LOW_SE         0.000       0.000      0.000       0.000       0.000      *
    PCT_LEP_C          0.000       0.000      0.000       0.000       0.000      *

Between Level

 IS_SPED    ON
    PCT_BLACK_        -0.002       0.002      0.108      -0.007       0.002
    PCT_LATINE         0.002       0.003      0.232      -0.004       0.009
    PCT_SPED_C         0.010       0.001      0.000       0.007       0.012      *
    PCT_LOW_SE         0.004       0.003      0.062      -0.001       0.009
    PCT_LEP_C         -0.004       0.004      0.149      -0.013       0.004

 IS_SPED  WITH
    S1                -0.013       0.057      0.412      -0.127       0.095
    S2                 0.011       0.054      0.421      -0.095       0.114
    S3                -0.058       0.065      0.194      -0.177       0.073
    S4                 0.056       0.061      0.182      -0.065       0.169
    S5                -0.036       0.063      0.287      -0.154       0.091
    S6                 0.018       0.056      0.372      -0.092       0.125

 S1       WITH
    S2                 0.300       0.118      0.010       0.047       0.511      *
    S3                 0.242       0.137      0.050      -0.045       0.491
    S4                 0.220       0.140      0.066      -0.066       0.477
    S5                 0.186       0.137      0.099      -0.100       0.440
    S6                 0.095       0.138      0.251      -0.181       0.356

 S2       WITH
    S3                 0.194       0.137      0.087      -0.092       0.443
    S4                 0.241       0.131      0.040      -0.031       0.483
    S5                 0.085       0.137      0.272      -0.196       0.340
    S6                 0.148       0.135      0.145      -0.124       0.401

 S3       WITH
    S4                 0.185       0.157      0.134      -0.140       0.464
    S5                 0.121       0.161      0.232      -0.197       0.418
    S6                -0.037       0.153      0.407      -0.330       0.268

 S4       WITH
    S5                 0.040       0.157      0.400      -0.269       0.341
    S6                 0.089       0.151      0.288      -0.211       0.376

 S5       WITH
    S6                 0.241       0.142      0.057      -0.057       0.493

 PCT_LATI WITH
    PCT_BLACK_       -79.878      19.523      0.000    -120.571     -44.316      *

 PCT_SPED WITH
    PCT_BLACK_        63.163      31.348      0.018       3.845     126.844      *
    PCT_LATINE       -26.817      22.266      0.111     -71.680      16.363

 PCT_LOW_ WITH
    PCT_BLACK_       201.708      24.196      0.000     160.016     254.698      *
    PCT_LATINE        33.835      14.478      0.006       6.537      63.345      *
    PCT_SPED_C        61.376      24.323      0.004      15.495     111.630      *

 PCT_LEP_ WITH
    PCT_BLACK_       -53.952      15.535      0.000     -86.150     -25.072      *
    PCT_LATINE       137.538      14.325      0.000     113.123     169.146      *
    PCT_SPED_C       -49.628      18.225      0.002     -87.297     -16.170      *
    PCT_LOW_SE        37.145      11.809      0.000      15.426      61.482      *

 Means
    PCT_BLACK_         0.021       1.315      0.493      -2.585       2.577
    PCT_LATINE        -0.002       0.935      0.499      -1.862       1.817
    PCT_SPED_C         0.009       1.558      0.498      -3.110       3.049
    PCT_LOW_SE         0.014       1.017      0.494      -2.005       2.017
    PCT_LEP_C          0.000       0.758      0.500      -1.483       1.479
    S1                 1.086       0.166      0.000       0.783       1.439      *
    S2                 2.865       0.302      0.000       2.323       3.514      *
    S3                 0.591       0.156      0.000       0.303       0.913      *
    S4                 2.111       0.282      0.000       1.603       2.707      *
    S5                 1.560       0.236      0.000       1.137       2.063      *
    S6                 2.879       0.345      0.000       2.266       3.617      *

 Variances
    PCT_BLACK_       380.960      36.791      0.000     317.908     461.073      *
    PCT_LATINE       195.951      18.966      0.000     163.689     238.326      *
    PCT_SPED_C       547.222      52.854      0.000     457.411     662.785      *
    PCT_LOW_SE       226.631      21.761      0.000     189.494     273.959      *
    PCT_LEP_C        127.470      12.319      0.000     106.139     154.306      *
    S1                 1.000       0.000      0.000       1.000       1.000
    S2                 1.000       0.000      0.000       1.000       1.000
    S3                 1.000       0.000      0.000       1.000       1.000
    S4                 1.000       0.000      0.000       1.000       1.000
    S5                 1.000       0.000      0.000       1.000       1.000
    S6                 1.000       0.000      0.000       1.000       1.000

 Residual Variances
    IS_SPED            0.108       0.014      0.000       0.084       0.140      *


R-SQUARE

Within-Level R-Square Averaged Across Clusters

                                Posterior  One-Tailed         95% C.I.
    Variable        Estimate       S.D.      P-Value   Lower 2.5%  Upper 2.5%

    IS_SPED            0.061       0.002      0.000       0.057       0.065

Between Level

                                Posterior  One-Tailed         95% C.I.
    Variable        Estimate       S.D.      P-Value   Lower 2.5%  Upper 2.5%

    IS_SPED            0.357       0.062      0.000       0.235       0.478


TECHNICAL 1 OUTPUT


     PARAMETER SPECIFICATION FOR WITHIN


           TAU
              IS_SPED$
              ________
                    0


           NU
              IS_SPED       PCT_BLAC      PCT_LATI      PCT_SPED      PCT_LOW_
              ________      ________      ________      ________      ________
                    0             0             0             0             0


           NU
              PCT_LEP_      RS_AAF0       RS_AAF1       RS_AAM0       RS_AAM1
              ________      ________      ________      ________      ________
                    0             0             0             0             0


           NU
              RS_AIF0       RS_AIF1       RS_AIM0       RS_AIM1       RS_ASF0
              ________      ________      ________      ________      ________
                    0             0             0             0             0


           NU
              RS_ASF1       RS_ASM0       RS_ASM1       RS_HWF0       RS_HWF1
              ________      ________      ________      ________      ________
                    0             0             0             0             0


           NU
              RS_HWM0       RS_HWM1       RS_HLF0       RS_HLF1       RS_HLM0
              ________      ________      ________      ________      ________
                    0             0             0             0             0


           NU
              RS_HLM1       RS_MRF0       RS_MRF1       RS_MRM0       RS_MRM1
              ________      ________      ________      ________      ________
                    0             0             0             0             0


           NU
              RS_WF1        RS_WM0        RS_WM1
              ________      ________      ________
                    0             0             0


           LAMBDA
              IS_SPED       PCT_BLAC      PCT_LATI      PCT_SPED      PCT_LOW_
              ________      ________      ________      ________      ________
 IS_SPED            0             0             0             0             0
 PCT_BLAC           0             0             0             0             0
 PCT_LATI           0             0             0             0             0
 PCT_SPED           0             0             0             0             0
 PCT_LOW_           0             0             0             0             0
 PCT_LEP_           0             0             0             0             0
 RS_AAF0            0             0             0             0             0
 RS_AAF1            0             0             0             0             0
 RS_AAM0            0             0             0             0             0
 RS_AAM1            0             0             0             0             0
 RS_AIF0            0             0             0             0             0
 RS_AIF1            0             0             0             0             0
 RS_AIM0            0             0             0             0             0
 RS_AIM1            0             0             0             0             0
 RS_ASF0            0             0             0             0             0
 RS_ASF1            0             0             0             0             0
 RS_ASM0            0             0             0             0             0
 RS_ASM1            0             0             0             0             0
 RS_HWF0            0             0             0             0             0
 RS_HWF1            0             0             0             0             0
 RS_HWM0            0             0             0             0             0
 RS_HWM1            0             0             0             0             0
 RS_HLF0            0             0             0             0             0
 RS_HLF1            0             0             0             0             0
 RS_HLM0            0             0             0             0             0
 RS_HLM1            0             0             0             0             0
 RS_MRF0            0             0             0             0             0
 RS_MRF1            0             0             0             0             0
 RS_MRM0            0             0             0             0             0
 RS_MRM1            0             0             0             0             0
 RS_WF1             0             0             0             0             0
 RS_WM0             0             0             0             0             0
 RS_WM1             0             0             0             0             0


           LAMBDA
              PCT_LEP_      RS_AAF0       RS_AAF1       RS_AAM0       RS_AAM1
              ________      ________      ________      ________      ________
 IS_SPED            0             0             0             0             0
 PCT_BLAC           0             0             0             0             0
 PCT_LATI           0             0             0             0             0
 PCT_SPED           0             0             0             0             0
 PCT_LOW_           0             0             0             0             0
 PCT_LEP_           0             0             0             0             0
 RS_AAF0            0             0             0             0             0
 RS_AAF1            0             0             0             0             0
 RS_AAM0            0             0             0             0             0
 RS_AAM1            0             0             0             0             0
 RS_AIF0            0             0             0             0             0
 RS_AIF1            0             0             0             0             0
 RS_AIM0            0             0             0             0             0
 RS_AIM1            0             0             0             0             0
 RS_ASF0            0             0             0             0             0
 RS_ASF1            0             0             0             0             0
 RS_ASM0            0             0             0             0             0
 RS_ASM1            0             0             0             0             0
 RS_HWF0            0             0             0             0             0
 RS_HWF1            0             0             0             0             0
 RS_HWM0            0             0             0             0             0
 RS_HWM1            0             0             0             0             0
 RS_HLF0            0             0             0             0             0
 RS_HLF1            0             0             0             0             0
 RS_HLM0            0             0             0             0             0
 RS_HLM1            0             0             0             0             0
 RS_MRF0            0             0             0             0             0
 RS_MRF1            0             0             0             0             0
 RS_MRM0            0             0             0             0             0
 RS_MRM1            0             0             0             0             0
 RS_WF1             0             0             0             0             0
 RS_WM0             0             0             0             0             0
 RS_WM1             0             0             0             0             0


           LAMBDA
              RS_AIF0       RS_AIF1       RS_AIM0       RS_AIM1       RS_ASF0
              ________      ________      ________      ________      ________
 IS_SPED            0             0             0             0             0
 PCT_BLAC           0             0             0             0             0
 PCT_LATI           0             0             0             0             0
 PCT_SPED           0             0             0             0             0
 PCT_LOW_           0             0             0             0             0
 PCT_LEP_           0             0             0             0             0
 RS_AAF0            0             0             0             0             0
 RS_AAF1            0             0             0             0             0
 RS_AAM0            0             0             0             0             0
 RS_AAM1            0             0             0             0             0
 RS_AIF0            0             0             0             0             0
 RS_AIF1            0             0             0             0             0
 RS_AIM0            0             0             0             0             0
 RS_AIM1            0             0             0             0             0
 RS_ASF0            0             0             0             0             0
 RS_ASF1            0             0             0             0             0
 RS_ASM0            0             0             0             0             0
 RS_ASM1            0             0             0             0             0
 RS_HWF0            0             0             0             0             0
 RS_HWF1            0             0             0             0             0
 RS_HWM0            0             0             0             0             0
 RS_HWM1            0             0             0             0             0
 RS_HLF0            0             0             0             0             0
 RS_HLF1            0             0             0             0             0
 RS_HLM0            0             0             0             0             0
 RS_HLM1            0             0             0             0             0
 RS_MRF0            0             0             0             0             0
 RS_MRF1            0             0             0             0             0
 RS_MRM0            0             0             0             0             0
 RS_MRM1            0             0             0             0             0
 RS_WF1             0             0             0             0             0
 RS_WM0             0             0             0             0             0
 RS_WM1             0             0             0             0             0


           LAMBDA
              RS_ASF1       RS_ASM0       RS_ASM1       RS_HWF0       RS_HWF1
              ________      ________      ________      ________      ________
 IS_SPED            0             0             0             0             0
 PCT_BLAC           0             0             0             0             0
 PCT_LATI           0             0             0             0             0
 PCT_SPED           0             0             0             0             0
 PCT_LOW_           0             0             0             0             0
 PCT_LEP_           0             0             0             0             0
 RS_AAF0            0             0             0             0             0
 RS_AAF1            0             0             0             0             0
 RS_AAM0            0             0             0             0             0
 RS_AAM1            0             0             0             0             0
 RS_AIF0            0             0             0             0             0
 RS_AIF1            0             0             0             0             0
 RS_AIM0            0             0             0             0             0
 RS_AIM1            0             0             0             0             0
 RS_ASF0            0             0             0             0             0
 RS_ASF1            0             0             0             0             0
 RS_ASM0            0             0             0             0             0
 RS_ASM1            0             0             0             0             0
 RS_HWF0            0             0             0             0             0
 RS_HWF1            0             0             0             0             0
 RS_HWM0            0             0             0             0             0
 RS_HWM1            0             0             0             0             0
 RS_HLF0            0             0             0             0             0
 RS_HLF1            0             0             0             0             0
 RS_HLM0            0             0             0             0             0
 RS_HLM1            0             0             0             0             0
 RS_MRF0            0             0             0             0             0
 RS_MRF1            0             0             0             0             0
 RS_MRM0            0             0             0             0             0
 RS_MRM1            0             0             0             0             0
 RS_WF1             0             0             0             0             0
 RS_WM0             0             0             0             0             0
 RS_WM1             0             0             0             0             0


           LAMBDA
              RS_HWM0       RS_HWM1       RS_HLF0       RS_HLF1       RS_HLM0
              ________      ________      ________      ________      ________
 IS_SPED            0             0             0             0             0
 PCT_BLAC           0             0             0             0             0
 PCT_LATI           0             0             0             0             0
 PCT_SPED           0             0             0             0             0
 PCT_LOW_           0             0             0             0             0
 PCT_LEP_           0             0             0             0             0
 RS_AAF0            0             0             0             0             0
 RS_AAF1            0             0             0             0             0
 RS_AAM0            0             0             0             0             0
 RS_AAM1            0             0             0             0             0
 RS_AIF0            0             0             0             0             0
 RS_AIF1            0             0             0             0             0
 RS_AIM0            0             0             0             0             0
 RS_AIM1            0             0             0             0             0
 RS_ASF0            0             0             0             0             0
 RS_ASF1            0             0             0             0             0
 RS_ASM0            0             0             0             0             0
 RS_ASM1            0             0             0             0             0
 RS_HWF0            0             0             0             0             0
 RS_HWF1            0             0             0             0             0
 RS_HWM0            0             0             0             0             0
 RS_HWM1            0             0             0             0             0
 RS_HLF0            0             0             0             0             0
 RS_HLF1            0             0             0             0             0
 RS_HLM0            0             0             0             0             0
 RS_HLM1            0             0             0             0             0
 RS_MRF0            0             0             0             0             0
 RS_MRF1            0             0             0             0             0
 RS_MRM0            0             0             0             0             0
 RS_MRM1            0             0             0             0             0
 RS_WF1             0             0             0             0             0
 RS_WM0             0             0             0             0             0
 RS_WM1             0             0             0             0             0


           LAMBDA
              RS_HLM1       RS_MRF0       RS_MRF1       RS_MRM0       RS_MRM1
              ________      ________      ________      ________      ________
 IS_SPED            0             0             0             0             0
 PCT_BLAC           0             0             0             0             0
 PCT_LATI           0             0             0             0             0
 PCT_SPED           0             0             0             0             0
 PCT_LOW_           0             0             0             0             0
 PCT_LEP_           0             0             0             0             0
 RS_AAF0            0             0             0             0             0
 RS_AAF1            0             0             0             0             0
 RS_AAM0            0             0             0             0             0
 RS_AAM1            0             0             0             0             0
 RS_AIF0            0             0             0             0             0
 RS_AIF1            0             0             0             0             0
 RS_AIM0            0             0             0             0             0
 RS_AIM1            0             0             0             0             0
 RS_ASF0            0             0             0             0             0
 RS_ASF1            0             0             0             0             0
 RS_ASM0            0             0             0             0             0
 RS_ASM1            0             0             0             0             0
 RS_HWF0            0             0             0             0             0
 RS_HWF1            0             0             0             0             0
 RS_HWM0            0             0             0             0             0
 RS_HWM1            0             0             0             0             0
 RS_HLF0            0             0             0             0             0
 RS_HLF1            0             0             0             0             0
 RS_HLM0            0             0             0             0             0
 RS_HLM1            0             0             0             0             0
 RS_MRF0            0             0             0             0             0
 RS_MRF1            0             0             0             0             0
 RS_MRM0            0             0             0             0             0
 RS_MRM1            0             0             0             0             0
 RS_WF1             0             0             0             0             0
 RS_WM0             0             0             0             0             0
 RS_WM1             0             0             0             0             0


           LAMBDA
              RS_WF1        RS_WM0        RS_WM1
              ________      ________      ________
 IS_SPED            0             0             0
 PCT_BLAC           0             0             0
 PCT_LATI           0             0             0
 PCT_SPED           0             0             0
 PCT_LOW_           0             0             0
 PCT_LEP_           0             0             0
 RS_AAF0            0             0             0
 RS_AAF1            0             0             0
 RS_AAM0            0             0             0
 RS_AAM1            0             0             0
 RS_AIF0            0             0             0
 RS_AIF1            0             0             0
 RS_AIM0            0             0             0
 RS_AIM1            0             0             0
 RS_ASF0            0             0             0
 RS_ASF1            0             0             0
 RS_ASM0            0             0             0
 RS_ASM1            0             0             0
 RS_HWF0            0             0             0
 RS_HWF1            0             0             0
 RS_HWM0            0             0             0
 RS_HWM1            0             0             0
 RS_HLF0            0             0             0
 RS_HLF1            0             0             0
 RS_HLM0            0             0             0
 RS_HLM1            0             0             0
 RS_MRF0            0             0             0
 RS_MRF1            0             0             0
 RS_MRM0            0             0             0
 RS_MRM1            0             0             0
 RS_WF1             0             0             0
 RS_WM0             0             0             0
 RS_WM1             0             0             0


           THETA
              IS_SPED       PCT_BLAC      PCT_LATI      PCT_SPED      PCT_LOW_
              ________      ________      ________      ________      ________
 IS_SPED            0
 PCT_BLAC           0             0
 PCT_LATI           0             0             0
 PCT_SPED           0             0             0             0
 PCT_LOW_           0             0             0             0             0
 PCT_LEP_           0             0             0             0             0
 RS_AAF0            0             0             0             0             0
 RS_AAF1            0             0             0             0             0
 RS_AAM0            0             0             0             0             0
 RS_AAM1            0             0             0             0             0
 RS_AIF0            0             0             0             0             0
 RS_AIF1            0             0             0             0             0
 RS_AIM0            0             0             0             0             0
 RS_AIM1            0             0             0             0             0
 RS_ASF0            0             0             0             0             0
 RS_ASF1            0             0             0             0             0
 RS_ASM0            0             0             0             0             0
 RS_ASM1            0             0             0             0             0
 RS_HWF0            0             0             0             0             0
 RS_HWF1            0             0             0             0             0
 RS_HWM0            0             0             0             0             0
 RS_HWM1            0             0             0             0             0
 RS_HLF0            0             0             0             0             0
 RS_HLF1            0             0             0             0             0
 RS_HLM0            0             0             0             0             0
 RS_HLM1            0             0             0             0             0
 RS_MRF0            0             0             0             0             0
 RS_MRF1            0             0             0             0             0
 RS_MRM0            0             0             0             0             0
 RS_MRM1            0             0             0             0             0
 RS_WF1             0             0             0             0             0
 RS_WM0             0             0             0             0             0
 RS_WM1             0             0             0             0             0


           THETA
              PCT_LEP_      RS_AAF0       RS_AAF1       RS_AAM0       RS_AAM1
              ________      ________      ________      ________      ________
 PCT_LEP_           0
 RS_AAF0            0             0
 RS_AAF1            0             0             0
 RS_AAM0            0             0             0             0
 RS_AAM1            0             0             0             0             0
 RS_AIF0            0             0             0             0             0
 RS_AIF1            0             0             0             0             0
 RS_AIM0            0             0             0             0             0
 RS_AIM1            0             0             0             0             0
 RS_ASF0            0             0             0             0             0
 RS_ASF1            0             0             0             0             0
 RS_ASM0            0             0             0             0             0
 RS_ASM1            0             0             0             0             0
 RS_HWF0            0             0             0             0             0
 RS_HWF1            0             0             0             0             0
 RS_HWM0            0             0             0             0             0
 RS_HWM1            0             0             0             0             0
 RS_HLF0            0             0             0             0             0
 RS_HLF1            0             0             0             0             0
 RS_HLM0            0             0             0             0             0
 RS_HLM1            0             0             0             0             0
 RS_MRF0            0             0             0             0             0
 RS_MRF1            0             0             0             0             0
 RS_MRM0            0             0             0             0             0
 RS_MRM1            0             0             0             0             0
 RS_WF1             0             0             0             0             0
 RS_WM0             0             0             0             0             0
 RS_WM1             0             0             0             0             0


           THETA
              RS_AIF0       RS_AIF1       RS_AIM0       RS_AIM1       RS_ASF0
              ________      ________      ________      ________      ________
 RS_AIF0            0
 RS_AIF1            0             0
 RS_AIM0            0             0             0
 RS_AIM1            0             0             0             0
 RS_ASF0            0             0             0             0             0
 RS_ASF1            0             0             0             0             0
 RS_ASM0            0             0             0             0             0
 RS_ASM1            0             0             0             0             0
 RS_HWF0            0             0             0             0             0
 RS_HWF1            0             0             0             0             0
 RS_HWM0            0             0             0             0             0
 RS_HWM1            0             0             0             0             0
 RS_HLF0            0             0             0             0             0
 RS_HLF1            0             0             0             0             0
 RS_HLM0            0             0             0             0             0
 RS_HLM1            0             0             0             0             0
 RS_MRF0            0             0             0             0             0
 RS_MRF1            0             0             0             0             0
 RS_MRM0            0             0             0             0             0
 RS_MRM1            0             0             0             0             0
 RS_WF1             0             0             0             0             0
 RS_WM0             0             0             0             0             0
 RS_WM1             0             0             0             0             0


           THETA
              RS_ASF1       RS_ASM0       RS_ASM1       RS_HWF0       RS_HWF1
              ________      ________      ________      ________      ________
 RS_ASF1            0
 RS_ASM0            0             0
 RS_ASM1            0             0             0
 RS_HWF0            0             0             0             0
 RS_HWF1            0             0             0             0             0
 RS_HWM0            0             0             0             0             0
 RS_HWM1            0             0             0             0             0
 RS_HLF0            0             0             0             0             0
 RS_HLF1            0             0             0             0             0
 RS_HLM0            0             0             0             0             0
 RS_HLM1            0             0             0             0             0
 RS_MRF0            0             0             0             0             0
 RS_MRF1            0             0             0             0             0
 RS_MRM0            0             0             0             0             0
 RS_MRM1            0             0             0             0             0
 RS_WF1             0             0             0             0             0
 RS_WM0             0             0             0             0             0
 RS_WM1             0             0             0             0             0


           THETA
              RS_HWM0       RS_HWM1       RS_HLF0       RS_HLF1       RS_HLM0
              ________      ________      ________      ________      ________
 RS_HWM0            0
 RS_HWM1            0             0
 RS_HLF0            0             0             0
 RS_HLF1            0             0             0             0
 RS_HLM0            0             0             0             0             0
 RS_HLM1            0             0             0             0             0
 RS_MRF0            0             0             0             0             0
 RS_MRF1            0             0             0             0             0
 RS_MRM0            0             0             0             0             0
 RS_MRM1            0             0             0             0             0
 RS_WF1             0             0             0             0             0
 RS_WM0             0             0             0             0             0
 RS_WM1             0             0             0             0             0


           THETA
              RS_HLM1       RS_MRF0       RS_MRF1       RS_MRM0       RS_MRM1
              ________      ________      ________      ________      ________
 RS_HLM1            0
 RS_MRF0            0             0
 RS_MRF1            0             0             0
 RS_MRM0            0             0             0             0
 RS_MRM1            0             0             0             0             0
 RS_WF1             0             0             0             0             0
 RS_WM0             0             0             0             0             0
 RS_WM1             0             0             0             0             0


           THETA
              RS_WF1        RS_WM0        RS_WM1
              ________      ________      ________
 RS_WF1             0
 RS_WM0             0             0
 RS_WM1             0             0             0


           ALPHA
              IS_SPED       PCT_BLAC      PCT_LATI      PCT_SPED      PCT_LOW_
              ________      ________      ________      ________      ________
                    0             0             0             0             0


           ALPHA
              PCT_LEP_      RS_AAF0       RS_AAF1       RS_AAM0       RS_AAM1
              ________      ________      ________      ________      ________
                    0             0             0             0             0


           ALPHA
              RS_AIF0       RS_AIF1       RS_AIM0       RS_AIM1       RS_ASF0
              ________      ________      ________      ________      ________
                    0             0             0             0             0


           ALPHA
              RS_ASF1       RS_ASM0       RS_ASM1       RS_HWF0       RS_HWF1
              ________      ________      ________      ________      ________
                    0             0             0             0             0


           ALPHA
              RS_HWM0       RS_HWM1       RS_HLF0       RS_HLF1       RS_HLM0
              ________      ________      ________      ________      ________
                    0             0             0             0             0


           ALPHA
              RS_HLM1       RS_MRF0       RS_MRF1       RS_MRM0       RS_MRM1
              ________      ________      ________      ________      ________
                    0             0             0             0             0


           ALPHA
              RS_WF1        RS_WM0        RS_WM1
              ________      ________      ________
                    0             0             0


           BETA
              IS_SPED       PCT_BLAC      PCT_LATI      PCT_SPED      PCT_LOW_
              ________      ________      ________      ________      ________
 IS_SPED            0             0             0             0             0
 PCT_BLAC           0             0             0             0             0
 PCT_LATI           0             0             0             0             0
 PCT_SPED           0             0             0             0             0
 PCT_LOW_           0             0             0             0             0
 PCT_LEP_           0             0             0             0             0
 RS_AAF0            0             0             0             0             0
 RS_AAF1            0             0             0             0             0
 RS_AAM0            0             0             0             0             0
 RS_AAM1            0             0             0             0             0
 RS_AIF0            0             0             0             0             0
 RS_AIF1            0             0             0             0             0
 RS_AIM0            0             0             0             0             0
 RS_AIM1            0             0             0             0             0
 RS_ASF0            0             0             0             0             0
 RS_ASF1            0             0             0             0             0
 RS_ASM0            0             0             0             0             0
 RS_ASM1            0             0             0             0             0
 RS_HWF0            0             0             0             0             0
 RS_HWF1            0             0             0             0             0
 RS_HWM0            0             0             0             0             0
 RS_HWM1            0             0             0             0             0
 RS_HLF0            0             0             0             0             0
 RS_HLF1            0             0             0             0             0
 RS_HLM0            0             0             0             0             0
 RS_HLM1            0             0             0             0             0
 RS_MRF0            0             0             0             0             0
 RS_MRF1            0             0             0             0             0
 RS_MRM0            0             0             0             0             0
 RS_MRM1            0             0             0             0             0
 RS_WF1             0             0             0             0             0
 RS_WM0             0             0             0             0             0
 RS_WM1             0             0             0             0             0


           BETA
              PCT_LEP_      RS_AAF0       RS_AAF1       RS_AAM0       RS_AAM1
              ________      ________      ________      ________      ________
 IS_SPED            0             1             0             2             0
 PCT_BLAC           0             0             0             0             0
 PCT_LATI           0             0             0             0             0
 PCT_SPED           0             0             0             0             0
 PCT_LOW_           0             0             0             0             0
 PCT_LEP_           0             0             0             0             0
 RS_AAF0            0             0             0             0             0
 RS_AAF1            0             0             0             0             0
 RS_AAM0            0             0             0             0             0
 RS_AAM1            0             0             0             0             0
 RS_AIF0            0             0             0             0             0
 RS_AIF1            0             0             0             0             0
 RS_AIM0            0             0             0             0             0
 RS_AIM1            0             0             0             0             0
 RS_ASF0            0             0             0             0             0
 RS_ASF1            0             0             0             0             0
 RS_ASM0            0             0             0             0             0
 RS_ASM1            0             0             0             0             0
 RS_HWF0            0             0             0             0             0
 RS_HWF1            0             0             0             0             0
 RS_HWM0            0             0             0             0             0
 RS_HWM1            0             0             0             0             0
 RS_HLF0            0             0             0             0             0
 RS_HLF1            0             0             0             0             0
 RS_HLM0            0             0             0             0             0
 RS_HLM1            0             0             0             0             0
 RS_MRF0            0             0             0             0             0
 RS_MRF1            0             0             0             0             0
 RS_MRM0            0             0             0             0             0
 RS_MRM1            0             0             0             0             0
 RS_WF1             0             0             0             0             0
 RS_WM0             0             0             0             0             0
 RS_WM1             0             0             0             0             0


           BETA
              RS_AIF0       RS_AIF1       RS_AIM0       RS_AIM1       RS_ASF0
              ________      ________      ________      ________      ________
 IS_SPED            3             4             5             6             7
 PCT_BLAC           0             0             0             0             0
 PCT_LATI           0             0             0             0             0
 PCT_SPED           0             0             0             0             0
 PCT_LOW_           0             0             0             0             0
 PCT_LEP_           0             0             0             0             0
 RS_AAF0            0             0             0             0             0
 RS_AAF1            0             0             0             0             0
 RS_AAM0            0             0             0             0             0
 RS_AAM1            0             0             0             0             0
 RS_AIF0            0             0             0             0             0
 RS_AIF1            0             0             0             0             0
 RS_AIM0            0             0             0             0             0
 RS_AIM1            0             0             0             0             0
 RS_ASF0            0             0             0             0             0
 RS_ASF1            0             0             0             0             0
 RS_ASM0            0             0             0             0             0
 RS_ASM1            0             0             0             0             0
 RS_HWF0            0             0             0             0             0
 RS_HWF1            0             0             0             0             0
 RS_HWM0            0             0             0             0             0
 RS_HWM1            0             0             0             0             0
 RS_HLF0            0             0             0             0             0
 RS_HLF1            0             0             0             0             0
 RS_HLM0            0             0             0             0             0
 RS_HLM1            0             0             0             0             0
 RS_MRF0            0             0             0             0             0
 RS_MRF1            0             0             0             0             0
 RS_MRM0            0             0             0             0             0
 RS_MRM1            0             0             0             0             0
 RS_WF1             0             0             0             0             0
 RS_WM0             0             0             0             0             0
 RS_WM1             0             0             0             0             0


           BETA
              RS_ASF1       RS_ASM0       RS_ASM1       RS_HWF0       RS_HWF1
              ________      ________      ________      ________      ________
 IS_SPED            8             9            10            11            12
 PCT_BLAC           0             0             0             0             0
 PCT_LATI           0             0             0             0             0
 PCT_SPED           0             0             0             0             0
 PCT_LOW_           0             0             0             0             0
 PCT_LEP_           0             0             0             0             0
 RS_AAF0            0             0             0             0             0
 RS_AAF1            0             0             0             0             0
 RS_AAM0            0             0             0             0             0
 RS_AAM1            0             0             0             0             0
 RS_AIF0            0             0             0             0             0
 RS_AIF1            0             0             0             0             0
 RS_AIM0            0             0             0             0             0
 RS_AIM1            0             0             0             0             0
 RS_ASF0            0             0             0             0             0
 RS_ASF1            0             0             0             0             0
 RS_ASM0            0             0             0             0             0
 RS_ASM1            0             0             0             0             0
 RS_HWF0            0             0             0             0             0
 RS_HWF1            0             0             0             0             0
 RS_HWM0            0             0             0             0             0
 RS_HWM1            0             0             0             0             0
 RS_HLF0            0             0             0             0             0
 RS_HLF1            0             0             0             0             0
 RS_HLM0            0             0             0             0             0
 RS_HLM1            0             0             0             0             0
 RS_MRF0            0             0             0             0             0
 RS_MRF1            0             0             0             0             0
 RS_MRM0            0             0             0             0             0
 RS_MRM1            0             0             0             0             0
 RS_WF1             0             0             0             0             0
 RS_WM0             0             0             0             0             0
 RS_WM1             0             0             0             0             0


           BETA
              RS_HWM0       RS_HWM1       RS_HLF0       RS_HLF1       RS_HLM0
              ________      ________      ________      ________      ________
 IS_SPED           13            14            15             0            16
 PCT_BLAC           0             0             0             0             0
 PCT_LATI           0             0             0             0             0
 PCT_SPED           0             0             0             0             0
 PCT_LOW_           0             0             0             0             0
 PCT_LEP_           0             0             0             0             0
 RS_AAF0            0             0             0             0             0
 RS_AAF1            0             0             0             0             0
 RS_AAM0            0             0             0             0             0
 RS_AAM1            0             0             0             0             0
 RS_AIF0            0             0             0             0             0
 RS_AIF1            0             0             0             0             0
 RS_AIM0            0             0             0             0             0
 RS_AIM1            0             0             0             0             0
 RS_ASF0            0             0             0             0             0
 RS_ASF1            0             0             0             0             0
 RS_ASM0            0             0             0             0             0
 RS_ASM1            0             0             0             0             0
 RS_HWF0            0             0             0             0             0
 RS_HWF1            0             0             0             0             0
 RS_HWM0            0             0             0             0             0
 RS_HWM1            0             0             0             0             0
 RS_HLF0            0             0             0             0             0
 RS_HLF1            0             0             0             0             0
 RS_HLM0            0             0             0             0             0
 RS_HLM1            0             0             0             0             0
 RS_MRF0            0             0             0             0             0
 RS_MRF1            0             0             0             0             0
 RS_MRM0            0             0             0             0             0
 RS_MRM1            0             0             0             0             0
 RS_WF1             0             0             0             0             0
 RS_WM0             0             0             0             0             0
 RS_WM1             0             0             0             0             0


           BETA
              RS_HLM1       RS_MRF0       RS_MRF1       RS_MRM0       RS_MRM1
              ________      ________      ________      ________      ________
 IS_SPED            0            17            18            19            20
 PCT_BLAC           0             0             0             0             0
 PCT_LATI           0             0             0             0             0
 PCT_SPED           0             0             0             0             0
 PCT_LOW_           0             0             0             0             0
 PCT_LEP_           0             0             0             0             0
 RS_AAF0            0             0             0             0             0
 RS_AAF1            0             0             0             0             0
 RS_AAM0            0             0             0             0             0
 RS_AAM1            0             0             0             0             0
 RS_AIF0            0             0             0             0             0
 RS_AIF1            0             0             0             0             0
 RS_AIM0            0             0             0             0             0
 RS_AIM1            0             0             0             0             0
 RS_ASF0            0             0             0             0             0
 RS_ASF1            0             0             0             0             0
 RS_ASM0            0             0             0             0             0
 RS_ASM1            0             0             0             0             0
 RS_HWF0            0             0             0             0             0
 RS_HWF1            0             0             0             0             0
 RS_HWM0            0             0             0             0             0
 RS_HWM1            0             0             0             0             0
 RS_HLF0            0             0             0             0             0
 RS_HLF1            0             0             0             0             0
 RS_HLM0            0             0             0             0             0
 RS_HLM1            0             0             0             0             0
 RS_MRF0            0             0             0             0             0
 RS_MRF1            0             0             0             0             0
 RS_MRM0            0             0             0             0             0
 RS_MRM1            0             0             0             0             0
 RS_WF1             0             0             0             0             0
 RS_WM0             0             0             0             0             0
 RS_WM1             0             0             0             0             0


           BETA
              RS_WF1        RS_WM0        RS_WM1
              ________      ________      ________
 IS_SPED            0            21             0
 PCT_BLAC           0             0             0
 PCT_LATI           0             0             0
 PCT_SPED           0             0             0
 PCT_LOW_           0             0             0
 PCT_LEP_           0             0             0
 RS_AAF0            0             0             0
 RS_AAF1            0             0             0
 RS_AAM0            0             0             0
 RS_AAM1            0             0             0
 RS_AIF0            0             0             0
 RS_AIF1            0             0             0
 RS_AIM0            0             0             0
 RS_AIM1            0             0             0
 RS_ASF0            0             0             0
 RS_ASF1            0             0             0
 RS_ASM0            0             0             0
 RS_ASM1            0             0             0
 RS_HWF0            0             0             0
 RS_HWF1            0             0             0
 RS_HWM0            0             0             0
 RS_HWM1            0             0             0
 RS_HLF0            0             0             0
 RS_HLF1            0             0             0
 RS_HLM0            0             0             0
 RS_HLM1            0             0             0
 RS_MRF0            0             0             0
 RS_MRF1            0             0             0
 RS_MRM0            0             0             0
 RS_MRM1            0             0             0
 RS_WF1             0             0             0
 RS_WM0             0             0             0
 RS_WM1             0             0             0


           PSI
              IS_SPED       PCT_BLAC      PCT_LATI      PCT_SPED      PCT_LOW_
              ________      ________      ________      ________      ________
 IS_SPED            0
 PCT_BLAC           0            22
 PCT_LATI           0            23            24
 PCT_SPED           0            25            26            27
 PCT_LOW_           0            28            29            30            31
 PCT_LEP_           0            32            33            34            35
 RS_AAF0            0             0             0             0             0
 RS_AAF1            0             0             0             0             0
 RS_AAM0            0             0             0             0             0
 RS_AAM1            0             0             0             0             0
 RS_AIF0            0             0             0             0             0
 RS_AIF1            0             0             0             0             0
 RS_AIM0            0             0             0             0             0
 RS_AIM1            0             0             0             0             0
 RS_ASF0            0             0             0             0             0
 RS_ASF1            0             0             0             0             0
 RS_ASM0            0             0             0             0             0
 RS_ASM1            0             0             0             0             0
 RS_HWF0            0             0             0             0             0
 RS_HWF1            0             0             0             0             0
 RS_HWM0            0             0             0             0             0
 RS_HWM1            0             0             0             0             0
 RS_HLF0            0             0             0             0             0
 RS_HLF1            0             0             0             0             0
 RS_HLM0            0             0             0             0             0
 RS_HLM1            0             0             0             0             0
 RS_MRF0            0             0             0             0             0
 RS_MRF1            0             0             0             0             0
 RS_MRM0            0             0             0             0             0
 RS_MRM1            0             0             0             0             0
 RS_WF1             0             0             0             0             0
 RS_WM0             0             0             0             0             0
 RS_WM1             0             0             0             0             0


           PSI
              PCT_LEP_      RS_AAF0       RS_AAF1       RS_AAM0       RS_AAM1
              ________      ________      ________      ________      ________
 PCT_LEP_          36
 RS_AAF0            0             0
 RS_AAF1            0             0             0
 RS_AAM0            0             0             0             0
 RS_AAM1            0             0             0             0             0
 RS_AIF0            0             0             0             0             0
 RS_AIF1            0             0             0             0             0
 RS_AIM0            0             0             0             0             0
 RS_AIM1            0             0             0             0             0
 RS_ASF0            0             0             0             0             0
 RS_ASF1            0             0             0             0             0
 RS_ASM0            0             0             0             0             0
 RS_ASM1            0             0             0             0             0
 RS_HWF0            0             0             0             0             0
 RS_HWF1            0             0             0             0             0
 RS_HWM0            0             0             0             0             0
 RS_HWM1            0             0             0             0             0
 RS_HLF0            0             0             0             0             0
 RS_HLF1            0             0             0             0             0
 RS_HLM0            0             0             0             0             0
 RS_HLM1            0             0             0             0             0
 RS_MRF0            0             0             0             0             0
 RS_MRF1            0             0             0             0             0
 RS_MRM0            0             0             0             0             0
 RS_MRM1            0             0             0             0             0
 RS_WF1             0             0             0             0             0
 RS_WM0             0             0             0             0             0
 RS_WM1             0             0             0             0             0


           PSI
              RS_AIF0       RS_AIF1       RS_AIM0       RS_AIM1       RS_ASF0
              ________      ________      ________      ________      ________
 RS_AIF0            0
 RS_AIF1            0             0
 RS_AIM0            0             0             0
 RS_AIM1            0             0             0             0
 RS_ASF0            0             0             0             0             0
 RS_ASF1            0             0             0             0             0
 RS_ASM0            0             0             0             0             0
 RS_ASM1            0             0             0             0             0
 RS_HWF0            0             0             0             0             0
 RS_HWF1            0             0             0             0             0
 RS_HWM0            0             0             0             0             0
 RS_HWM1            0             0             0             0             0
 RS_HLF0            0             0             0             0             0
 RS_HLF1            0             0             0             0             0
 RS_HLM0            0             0             0             0             0
 RS_HLM1            0             0             0             0             0
 RS_MRF0            0             0             0             0             0
 RS_MRF1            0             0             0             0             0
 RS_MRM0            0             0             0             0             0
 RS_MRM1            0             0             0             0             0
 RS_WF1             0             0             0             0             0
 RS_WM0             0             0             0             0             0
 RS_WM1             0             0             0             0             0


           PSI
              RS_ASF1       RS_ASM0       RS_ASM1       RS_HWF0       RS_HWF1
              ________      ________      ________      ________      ________
 RS_ASF1            0
 RS_ASM0            0             0
 RS_ASM1            0             0             0
 RS_HWF0            0             0             0             0
 RS_HWF1            0             0             0             0             0
 RS_HWM0            0             0             0             0             0
 RS_HWM1            0             0             0             0             0
 RS_HLF0            0             0             0             0             0
 RS_HLF1            0             0             0             0             0
 RS_HLM0            0             0             0             0             0
 RS_HLM1            0             0             0             0             0
 RS_MRF0            0             0             0             0             0
 RS_MRF1            0             0             0             0             0
 RS_MRM0            0             0             0             0             0
 RS_MRM1            0             0             0             0             0
 RS_WF1             0             0             0             0             0
 RS_WM0             0             0             0             0             0
 RS_WM1             0             0             0             0             0


           PSI
              RS_HWM0       RS_HWM1       RS_HLF0       RS_HLF1       RS_HLM0
              ________      ________      ________      ________      ________
 RS_HWM0            0
 RS_HWM1            0             0
 RS_HLF0            0             0             0
 RS_HLF1            0             0             0             0
 RS_HLM0            0             0             0             0             0
 RS_HLM1            0             0             0             0             0
 RS_MRF0            0             0             0             0             0
 RS_MRF1            0             0             0             0             0
 RS_MRM0            0             0             0             0             0
 RS_MRM1            0             0             0             0             0
 RS_WF1             0             0             0             0             0
 RS_WM0             0             0             0             0             0
 RS_WM1             0             0             0             0             0


           PSI
              RS_HLM1       RS_MRF0       RS_MRF1       RS_MRM0       RS_MRM1
              ________      ________      ________      ________      ________
 RS_HLM1            0
 RS_MRF0            0             0
 RS_MRF1            0             0             0
 RS_MRM0            0             0             0             0
 RS_MRM1            0             0             0             0             0
 RS_WF1             0             0             0             0             0
 RS_WM0             0             0             0             0             0
 RS_WM1             0             0             0             0             0


           PSI
              RS_WF1        RS_WM0        RS_WM1
              ________      ________      ________
 RS_WF1             0
 RS_WM0             0             0
 RS_WM1             0             0             0


     PARAMETER SPECIFICATION FOR BETWEEN


           TAU
              IS_SPED$
              ________
                   96


           NU
              IS_SPED       PCT_BLAC      PCT_LATI      PCT_SPED      PCT_LOW_
              ________      ________      ________      ________      ________
                    0             0             0             0             0


           NU
              PCT_LEP_
              ________
                    0


           LAMBDA
              S1            S2            S3            S4            S5
              ________      ________      ________      ________      ________
 IS_SPED            0             0             0             0             0
 PCT_BLAC           0             0             0             0             0
 PCT_LATI           0             0             0             0             0
 PCT_SPED           0             0             0             0             0
 PCT_LOW_           0             0             0             0             0
 PCT_LEP_           0             0             0             0             0


           LAMBDA
              S6            IS_SPED       PCT_BLAC      PCT_LATI      PCT_SPED
              ________      ________      ________      ________      ________
 IS_SPED            0             0             0             0             0
 PCT_BLAC           0             0             0             0             0
 PCT_LATI           0             0             0             0             0
 PCT_SPED           0             0             0             0             0
 PCT_LOW_           0             0             0             0             0
 PCT_LEP_           0             0             0             0             0


           LAMBDA
              PCT_LOW_      PCT_LEP_
              ________      ________
 IS_SPED            0             0
 PCT_BLAC           0             0
 PCT_LATI           0             0
 PCT_SPED           0             0
 PCT_LOW_           0             0
 PCT_LEP_           0             0


           THETA
              IS_SPED       PCT_BLAC      PCT_LATI      PCT_SPED      PCT_LOW_
              ________      ________      ________      ________      ________
 IS_SPED            0
 PCT_BLAC           0             0
 PCT_LATI           0             0             0
 PCT_SPED           0             0             0             0
 PCT_LOW_           0             0             0             0             0
 PCT_LEP_           0             0             0             0             0


           THETA
              PCT_LEP_
              ________
 PCT_LEP_           0


           ALPHA
              S1            S2            S3            S4            S5
              ________      ________      ________      ________      ________
                   37            38            39            40            41


           ALPHA
              S6            IS_SPED       PCT_BLAC      PCT_LATI      PCT_SPED
              ________      ________      ________      ________      ________
                   42             0            43            44            45


           ALPHA
              PCT_LOW_      PCT_LEP_
              ________      ________
                   46            47


           BETA
              S1            S2            S3            S4            S5
              ________      ________      ________      ________      ________
 S1                 0             0             0             0             0
 S2                 0             0             0             0             0
 S3                 0             0             0             0             0
 S4                 0             0             0             0             0
 S5                 0             0             0             0             0
 S6                 0             0             0             0             0
 IS_SPED            0             0             0             0             0
 PCT_BLAC           0             0             0             0             0
 PCT_LATI           0             0             0             0             0
 PCT_SPED           0             0             0             0             0
 PCT_LOW_           0             0             0             0             0
 PCT_LEP_           0             0             0             0             0


           BETA
              S6            IS_SPED       PCT_BLAC      PCT_LATI      PCT_SPED
              ________      ________      ________      ________      ________
 S1                 0             0             0             0             0
 S2                 0             0             0             0             0
 S3                 0             0             0             0             0
 S4                 0             0             0             0             0
 S5                 0             0             0             0             0
 S6                 0             0             0             0             0
 IS_SPED            0             0            48            49            50
 PCT_BLAC           0             0             0             0             0
 PCT_LATI           0             0             0             0             0
 PCT_SPED           0             0             0             0             0
 PCT_LOW_           0             0             0             0             0
 PCT_LEP_           0             0             0             0             0


           BETA
              PCT_LOW_      PCT_LEP_
              ________      ________
 S1                 0             0
 S2                 0             0
 S3                 0             0
 S4                 0             0
 S5                 0             0
 S6                 0             0
 IS_SPED           51            52
 PCT_BLAC           0             0
 PCT_LATI           0             0
 PCT_SPED           0             0
 PCT_LOW_           0             0
 PCT_LEP_           0             0


           PSI
              S1            S2            S3            S4            S5
              ________      ________      ________      ________      ________
 S1                53
 S2                54            55
 S3                56            57            58
 S4                59            60            61            62
 S5                63            64            65            66            67
 S6                68            69            70            71            72
 IS_SPED           74            75            76            77            78
 PCT_BLAC           0             0             0             0             0
 PCT_LATI           0             0             0             0             0
 PCT_SPED           0             0             0             0             0
 PCT_LOW_           0             0             0             0             0
 PCT_LEP_           0             0             0             0             0


           PSI
              S6            IS_SPED       PCT_BLAC      PCT_LATI      PCT_SPED
              ________      ________      ________      ________      ________
 S6                73
 IS_SPED           79            80
 PCT_BLAC           0             0            81
 PCT_LATI           0             0            82            83
 PCT_SPED           0             0            84            85            86
 PCT_LOW_           0             0            87            88            89
 PCT_LEP_           0             0            91            92            93


           PSI
              PCT_LOW_      PCT_LEP_
              ________      ________
 PCT_LOW_          90
 PCT_LEP_          94            95


     STARTING VALUES FOR WITHIN


           TAU
              IS_SPED$
              ________
                0.000


           NU
              IS_SPED       PCT_BLAC      PCT_LATI      PCT_SPED      PCT_LOW_
              ________      ________      ________      ________      ________
                0.000         0.000         0.000         0.000         0.000


           NU
              PCT_LEP_      RS_AAF0       RS_AAF1       RS_AAM0       RS_AAM1
              ________      ________      ________      ________      ________
                0.000         0.000         0.000         0.000         0.000


           NU
              RS_AIF0       RS_AIF1       RS_AIM0       RS_AIM1       RS_ASF0
              ________      ________      ________      ________      ________
                0.000         0.000         0.000         0.000         0.000


           NU
              RS_ASF1       RS_ASM0       RS_ASM1       RS_HWF0       RS_HWF1
              ________      ________      ________      ________      ________
                0.000         0.000         0.000         0.000         0.000


           NU
              RS_HWM0       RS_HWM1       RS_HLF0       RS_HLF1       RS_HLM0
              ________      ________      ________      ________      ________
                0.000         0.000         0.000         0.000         0.000


           NU
              RS_HLM1       RS_MRF0       RS_MRF1       RS_MRM0       RS_MRM1
              ________      ________      ________      ________      ________
                0.000         0.000         0.000         0.000         0.000


           NU
              RS_WF1        RS_WM0        RS_WM1
              ________      ________      ________
                0.000         0.000         0.000


           LAMBDA
              IS_SPED       PCT_BLAC      PCT_LATI      PCT_SPED      PCT_LOW_
              ________      ________      ________      ________      ________
 IS_SPED        1.000         0.000         0.000         0.000         0.000
 PCT_BLAC       0.000         1.000         0.000         0.000         0.000
 PCT_LATI       0.000         0.000         1.000         0.000         0.000
 PCT_SPED       0.000         0.000         0.000         1.000         0.000
 PCT_LOW_       0.000         0.000         0.000         0.000         1.000
 PCT_LEP_       0.000         0.000         0.000         0.000         0.000
 RS_AAF0        0.000         0.000         0.000         0.000         0.000
 RS_AAF1        0.000         0.000         0.000         0.000         0.000
 RS_AAM0        0.000         0.000         0.000         0.000         0.000
 RS_AAM1        0.000         0.000         0.000         0.000         0.000
 RS_AIF0        0.000         0.000         0.000         0.000         0.000
 RS_AIF1        0.000         0.000         0.000         0.000         0.000
 RS_AIM0        0.000         0.000         0.000         0.000         0.000
 RS_AIM1        0.000         0.000         0.000         0.000         0.000
 RS_ASF0        0.000         0.000         0.000         0.000         0.000
 RS_ASF1        0.000         0.000         0.000         0.000         0.000
 RS_ASM0        0.000         0.000         0.000         0.000         0.000
 RS_ASM1        0.000         0.000         0.000         0.000         0.000
 RS_HWF0        0.000         0.000         0.000         0.000         0.000
 RS_HWF1        0.000         0.000         0.000         0.000         0.000
 RS_HWM0        0.000         0.000         0.000         0.000         0.000
 RS_HWM1        0.000         0.000         0.000         0.000         0.000
 RS_HLF0        0.000         0.000         0.000         0.000         0.000
 RS_HLF1        0.000         0.000         0.000         0.000         0.000
 RS_HLM0        0.000         0.000         0.000         0.000         0.000
 RS_HLM1        0.000         0.000         0.000         0.000         0.000
 RS_MRF0        0.000         0.000         0.000         0.000         0.000
 RS_MRF1        0.000         0.000         0.000         0.000         0.000
 RS_MRM0        0.000         0.000         0.000         0.000         0.000
 RS_MRM1        0.000         0.000         0.000         0.000         0.000
 RS_WF1         0.000         0.000         0.000         0.000         0.000
 RS_WM0         0.000         0.000         0.000         0.000         0.000
 RS_WM1         0.000         0.000         0.000         0.000         0.000


           LAMBDA
              PCT_LEP_      RS_AAF0       RS_AAF1       RS_AAM0       RS_AAM1
              ________      ________      ________      ________      ________
 IS_SPED        0.000         0.000         0.000         0.000         0.000
 PCT_BLAC       0.000         0.000         0.000         0.000         0.000
 PCT_LATI       0.000         0.000         0.000         0.000         0.000
 PCT_SPED       0.000         0.000         0.000         0.000         0.000
 PCT_LOW_       0.000         0.000         0.000         0.000         0.000
 PCT_LEP_       1.000         0.000         0.000         0.000         0.000
 RS_AAF0        0.000         1.000         0.000         0.000         0.000
 RS_AAF1        0.000         0.000         1.000         0.000         0.000
 RS_AAM0        0.000         0.000         0.000         1.000         0.000
 RS_AAM1        0.000         0.000         0.000         0.000         1.000
 RS_AIF0        0.000         0.000         0.000         0.000         0.000
 RS_AIF1        0.000         0.000         0.000         0.000         0.000
 RS_AIM0        0.000         0.000         0.000         0.000         0.000
 RS_AIM1        0.000         0.000         0.000         0.000         0.000
 RS_ASF0        0.000         0.000         0.000         0.000         0.000
 RS_ASF1        0.000         0.000         0.000         0.000         0.000
 RS_ASM0        0.000         0.000         0.000         0.000         0.000
 RS_ASM1        0.000         0.000         0.000         0.000         0.000
 RS_HWF0        0.000         0.000         0.000         0.000         0.000
 RS_HWF1        0.000         0.000         0.000         0.000         0.000
 RS_HWM0        0.000         0.000         0.000         0.000         0.000
 RS_HWM1        0.000         0.000         0.000         0.000         0.000
 RS_HLF0        0.000         0.000         0.000         0.000         0.000
 RS_HLF1        0.000         0.000         0.000         0.000         0.000
 RS_HLM0        0.000         0.000         0.000         0.000         0.000
 RS_HLM1        0.000         0.000         0.000         0.000         0.000
 RS_MRF0        0.000         0.000         0.000         0.000         0.000
 RS_MRF1        0.000         0.000         0.000         0.000         0.000
 RS_MRM0        0.000         0.000         0.000         0.000         0.000
 RS_MRM1        0.000         0.000         0.000         0.000         0.000
 RS_WF1         0.000         0.000         0.000         0.000         0.000
 RS_WM0         0.000         0.000         0.000         0.000         0.000
 RS_WM1         0.000         0.000         0.000         0.000         0.000


           LAMBDA
              RS_AIF0       RS_AIF1       RS_AIM0       RS_AIM1       RS_ASF0
              ________      ________      ________      ________      ________
 IS_SPED        0.000         0.000         0.000         0.000         0.000
 PCT_BLAC       0.000         0.000         0.000         0.000         0.000
 PCT_LATI       0.000         0.000         0.000         0.000         0.000
 PCT_SPED       0.000         0.000         0.000         0.000         0.000
 PCT_LOW_       0.000         0.000         0.000         0.000         0.000
 PCT_LEP_       0.000         0.000         0.000         0.000         0.000
 RS_AAF0        0.000         0.000         0.000         0.000         0.000
 RS_AAF1        0.000         0.000         0.000         0.000         0.000
 RS_AAM0        0.000         0.000         0.000         0.000         0.000
 RS_AAM1        0.000         0.000         0.000         0.000         0.000
 RS_AIF0        1.000         0.000         0.000         0.000         0.000
 RS_AIF1        0.000         1.000         0.000         0.000         0.000
 RS_AIM0        0.000         0.000         1.000         0.000         0.000
 RS_AIM1        0.000         0.000         0.000         1.000         0.000
 RS_ASF0        0.000         0.000         0.000         0.000         1.000
 RS_ASF1        0.000         0.000         0.000         0.000         0.000
 RS_ASM0        0.000         0.000         0.000         0.000         0.000
 RS_ASM1        0.000         0.000         0.000         0.000         0.000
 RS_HWF0        0.000         0.000         0.000         0.000         0.000
 RS_HWF1        0.000         0.000         0.000         0.000         0.000
 RS_HWM0        0.000         0.000         0.000         0.000         0.000
 RS_HWM1        0.000         0.000         0.000         0.000         0.000
 RS_HLF0        0.000         0.000         0.000         0.000         0.000
 RS_HLF1        0.000         0.000         0.000         0.000         0.000
 RS_HLM0        0.000         0.000         0.000         0.000         0.000
 RS_HLM1        0.000         0.000         0.000         0.000         0.000
 RS_MRF0        0.000         0.000         0.000         0.000         0.000
 RS_MRF1        0.000         0.000         0.000         0.000         0.000
 RS_MRM0        0.000         0.000         0.000         0.000         0.000
 RS_MRM1        0.000         0.000         0.000         0.000         0.000
 RS_WF1         0.000         0.000         0.000         0.000         0.000
 RS_WM0         0.000         0.000         0.000         0.000         0.000
 RS_WM1         0.000         0.000         0.000         0.000         0.000


           LAMBDA
              RS_ASF1       RS_ASM0       RS_ASM1       RS_HWF0       RS_HWF1
              ________      ________      ________      ________      ________
 IS_SPED        0.000         0.000         0.000         0.000         0.000
 PCT_BLAC       0.000         0.000         0.000         0.000         0.000
 PCT_LATI       0.000         0.000         0.000         0.000         0.000
 PCT_SPED       0.000         0.000         0.000         0.000         0.000
 PCT_LOW_       0.000         0.000         0.000         0.000         0.000
 PCT_LEP_       0.000         0.000         0.000         0.000         0.000
 RS_AAF0        0.000         0.000         0.000         0.000         0.000
 RS_AAF1        0.000         0.000         0.000         0.000         0.000
 RS_AAM0        0.000         0.000         0.000         0.000         0.000
 RS_AAM1        0.000         0.000         0.000         0.000         0.000
 RS_AIF0        0.000         0.000         0.000         0.000         0.000
 RS_AIF1        0.000         0.000         0.000         0.000         0.000
 RS_AIM0        0.000         0.000         0.000         0.000         0.000
 RS_AIM1        0.000         0.000         0.000         0.000         0.000
 RS_ASF0        0.000         0.000         0.000         0.000         0.000
 RS_ASF1        1.000         0.000         0.000         0.000         0.000
 RS_ASM0        0.000         1.000         0.000         0.000         0.000
 RS_ASM1        0.000         0.000         1.000         0.000         0.000
 RS_HWF0        0.000         0.000         0.000         1.000         0.000
 RS_HWF1        0.000         0.000         0.000         0.000         1.000
 RS_HWM0        0.000         0.000         0.000         0.000         0.000
 RS_HWM1        0.000         0.000         0.000         0.000         0.000
 RS_HLF0        0.000         0.000         0.000         0.000         0.000
 RS_HLF1        0.000         0.000         0.000         0.000         0.000
 RS_HLM0        0.000         0.000         0.000         0.000         0.000
 RS_HLM1        0.000         0.000         0.000         0.000         0.000
 RS_MRF0        0.000         0.000         0.000         0.000         0.000
 RS_MRF1        0.000         0.000         0.000         0.000         0.000
 RS_MRM0        0.000         0.000         0.000         0.000         0.000
 RS_MRM1        0.000         0.000         0.000         0.000         0.000
 RS_WF1         0.000         0.000         0.000         0.000         0.000
 RS_WM0         0.000         0.000         0.000         0.000         0.000
 RS_WM1         0.000         0.000         0.000         0.000         0.000


           LAMBDA
              RS_HWM0       RS_HWM1       RS_HLF0       RS_HLF1       RS_HLM0
              ________      ________      ________      ________      ________
 IS_SPED        0.000         0.000         0.000         0.000         0.000
 PCT_BLAC       0.000         0.000         0.000         0.000         0.000
 PCT_LATI       0.000         0.000         0.000         0.000         0.000
 PCT_SPED       0.000         0.000         0.000         0.000         0.000
 PCT_LOW_       0.000         0.000         0.000         0.000         0.000
 PCT_LEP_       0.000         0.000         0.000         0.000         0.000
 RS_AAF0        0.000         0.000         0.000         0.000         0.000
 RS_AAF1        0.000         0.000         0.000         0.000         0.000
 RS_AAM0        0.000         0.000         0.000         0.000         0.000
 RS_AAM1        0.000         0.000         0.000         0.000         0.000
 RS_AIF0        0.000         0.000         0.000         0.000         0.000
 RS_AIF1        0.000         0.000         0.000         0.000         0.000
 RS_AIM0        0.000         0.000         0.000         0.000         0.000
 RS_AIM1        0.000         0.000         0.000         0.000         0.000
 RS_ASF0        0.000         0.000         0.000         0.000         0.000
 RS_ASF1        0.000         0.000         0.000         0.000         0.000
 RS_ASM0        0.000         0.000         0.000         0.000         0.000
 RS_ASM1        0.000         0.000         0.000         0.000         0.000
 RS_HWF0        0.000         0.000         0.000         0.000         0.000
 RS_HWF1        0.000         0.000         0.000         0.000         0.000
 RS_HWM0        1.000         0.000         0.000         0.000         0.000
 RS_HWM1        0.000         1.000         0.000         0.000         0.000
 RS_HLF0        0.000         0.000         1.000         0.000         0.000
 RS_HLF1        0.000         0.000         0.000         1.000         0.000
 RS_HLM0        0.000         0.000         0.000         0.000         1.000
 RS_HLM1        0.000         0.000         0.000         0.000         0.000
 RS_MRF0        0.000         0.000         0.000         0.000         0.000
 RS_MRF1        0.000         0.000         0.000         0.000         0.000
 RS_MRM0        0.000         0.000         0.000         0.000         0.000
 RS_MRM1        0.000         0.000         0.000         0.000         0.000
 RS_WF1         0.000         0.000         0.000         0.000         0.000
 RS_WM0         0.000         0.000         0.000         0.000         0.000
 RS_WM1         0.000         0.000         0.000         0.000         0.000


           LAMBDA
              RS_HLM1       RS_MRF0       RS_MRF1       RS_MRM0       RS_MRM1
              ________      ________      ________      ________      ________
 IS_SPED        0.000         0.000         0.000         0.000         0.000
 PCT_BLAC       0.000         0.000         0.000         0.000         0.000
 PCT_LATI       0.000         0.000         0.000         0.000         0.000
 PCT_SPED       0.000         0.000         0.000         0.000         0.000
 PCT_LOW_       0.000         0.000         0.000         0.000         0.000
 PCT_LEP_       0.000         0.000         0.000         0.000         0.000
 RS_AAF0        0.000         0.000         0.000         0.000         0.000
 RS_AAF1        0.000         0.000         0.000         0.000         0.000
 RS_AAM0        0.000         0.000         0.000         0.000         0.000
 RS_AAM1        0.000         0.000         0.000         0.000         0.000
 RS_AIF0        0.000         0.000         0.000         0.000         0.000
 RS_AIF1        0.000         0.000         0.000         0.000         0.000
 RS_AIM0        0.000         0.000         0.000         0.000         0.000
 RS_AIM1        0.000         0.000         0.000         0.000         0.000
 RS_ASF0        0.000         0.000         0.000         0.000         0.000
 RS_ASF1        0.000         0.000         0.000         0.000         0.000
 RS_ASM0        0.000         0.000         0.000         0.000         0.000
 RS_ASM1        0.000         0.000         0.000         0.000         0.000
 RS_HWF0        0.000         0.000         0.000         0.000         0.000
 RS_HWF1        0.000         0.000         0.000         0.000         0.000
 RS_HWM0        0.000         0.000         0.000         0.000         0.000
 RS_HWM1        0.000         0.000         0.000         0.000         0.000
 RS_HLF0        0.000         0.000         0.000         0.000         0.000
 RS_HLF1        0.000         0.000         0.000         0.000         0.000
 RS_HLM0        0.000         0.000         0.000         0.000         0.000
 RS_HLM1        1.000         0.000         0.000         0.000         0.000
 RS_MRF0        0.000         1.000         0.000         0.000         0.000
 RS_MRF1        0.000         0.000         1.000         0.000         0.000
 RS_MRM0        0.000         0.000         0.000         1.000         0.000
 RS_MRM1        0.000         0.000         0.000         0.000         1.000
 RS_WF1         0.000         0.000         0.000         0.000         0.000
 RS_WM0         0.000         0.000         0.000         0.000         0.000
 RS_WM1         0.000         0.000         0.000         0.000         0.000


           LAMBDA
              RS_WF1        RS_WM0        RS_WM1
              ________      ________      ________
 IS_SPED        0.000         0.000         0.000
 PCT_BLAC       0.000         0.000         0.000
 PCT_LATI       0.000         0.000         0.000
 PCT_SPED       0.000         0.000         0.000
 PCT_LOW_       0.000         0.000         0.000
 PCT_LEP_       0.000         0.000         0.000
 RS_AAF0        0.000         0.000         0.000
 RS_AAF1        0.000         0.000         0.000
 RS_AAM0        0.000         0.000         0.000
 RS_AAM1        0.000         0.000         0.000
 RS_AIF0        0.000         0.000         0.000
 RS_AIF1        0.000         0.000         0.000
 RS_AIM0        0.000         0.000         0.000
 RS_AIM1        0.000         0.000         0.000
 RS_ASF0        0.000         0.000         0.000
 RS_ASF1        0.000         0.000         0.000
 RS_ASM0        0.000         0.000         0.000
 RS_ASM1        0.000         0.000         0.000
 RS_HWF0        0.000         0.000         0.000
 RS_HWF1        0.000         0.000         0.000
 RS_HWM0        0.000         0.000         0.000
 RS_HWM1        0.000         0.000         0.000
 RS_HLF0        0.000         0.000         0.000
 RS_HLF1        0.000         0.000         0.000
 RS_HLM0        0.000         0.000         0.000
 RS_HLM1        0.000         0.000         0.000
 RS_MRF0        0.000         0.000         0.000
 RS_MRF1        0.000         0.000         0.000
 RS_MRM0        0.000         0.000         0.000
 RS_MRM1        0.000         0.000         0.000
 RS_WF1         1.000         0.000         0.000
 RS_WM0         0.000         1.000         0.000
 RS_WM1         0.000         0.000         1.000


           THETA
              IS_SPED       PCT_BLAC      PCT_LATI      PCT_SPED      PCT_LOW_
              ________      ________      ________      ________      ________
 IS_SPED        0.000
 PCT_BLAC       0.000         0.000
 PCT_LATI       0.000         0.000         0.000
 PCT_SPED       0.000         0.000         0.000         0.000
 PCT_LOW_       0.000         0.000         0.000         0.000         0.000
 PCT_LEP_       0.000         0.000         0.000         0.000         0.000
 RS_AAF0        0.000         0.000         0.000         0.000         0.000
 RS_AAF1        0.000         0.000         0.000         0.000         0.000
 RS_AAM0        0.000         0.000         0.000         0.000         0.000
 RS_AAM1        0.000         0.000         0.000         0.000         0.000
 RS_AIF0        0.000         0.000         0.000         0.000         0.000
 RS_AIF1        0.000         0.000         0.000         0.000         0.000
 RS_AIM0        0.000         0.000         0.000         0.000         0.000
 RS_AIM1        0.000         0.000         0.000         0.000         0.000
 RS_ASF0        0.000         0.000         0.000         0.000         0.000
 RS_ASF1        0.000         0.000         0.000         0.000         0.000
 RS_ASM0        0.000         0.000         0.000         0.000         0.000
 RS_ASM1        0.000         0.000         0.000         0.000         0.000
 RS_HWF0        0.000         0.000         0.000         0.000         0.000
 RS_HWF1        0.000         0.000         0.000         0.000         0.000
 RS_HWM0        0.000         0.000         0.000         0.000         0.000
 RS_HWM1        0.000         0.000         0.000         0.000         0.000
 RS_HLF0        0.000         0.000         0.000         0.000         0.000
 RS_HLF1        0.000         0.000         0.000         0.000         0.000
 RS_HLM0        0.000         0.000         0.000         0.000         0.000
 RS_HLM1        0.000         0.000         0.000         0.000         0.000
 RS_MRF0        0.000         0.000         0.000         0.000         0.000
 RS_MRF1        0.000         0.000         0.000         0.000         0.000
 RS_MRM0        0.000         0.000         0.000         0.000         0.000
 RS_MRM1        0.000         0.000         0.000         0.000         0.000
 RS_WF1         0.000         0.000         0.000         0.000         0.000
 RS_WM0         0.000         0.000         0.000         0.000         0.000
 RS_WM1         0.000         0.000         0.000         0.000         0.000


           THETA
              PCT_LEP_      RS_AAF0       RS_AAF1       RS_AAM0       RS_AAM1
              ________      ________      ________      ________      ________
 PCT_LEP_       0.000
 RS_AAF0        0.000         0.000
 RS_AAF1        0.000         0.000         0.000
 RS_AAM0        0.000         0.000         0.000         0.000
 RS_AAM1        0.000         0.000         0.000         0.000         0.000
 RS_AIF0        0.000         0.000         0.000         0.000         0.000
 RS_AIF1        0.000         0.000         0.000         0.000         0.000
 RS_AIM0        0.000         0.000         0.000         0.000         0.000
 RS_AIM1        0.000         0.000         0.000         0.000         0.000
 RS_ASF0        0.000         0.000         0.000         0.000         0.000
 RS_ASF1        0.000         0.000         0.000         0.000         0.000
 RS_ASM0        0.000         0.000         0.000         0.000         0.000
 RS_ASM1        0.000         0.000         0.000         0.000         0.000
 RS_HWF0        0.000         0.000         0.000         0.000         0.000
 RS_HWF1        0.000         0.000         0.000         0.000         0.000
 RS_HWM0        0.000         0.000         0.000         0.000         0.000
 RS_HWM1        0.000         0.000         0.000         0.000         0.000
 RS_HLF0        0.000         0.000         0.000         0.000         0.000
 RS_HLF1        0.000         0.000         0.000         0.000         0.000
 RS_HLM0        0.000         0.000         0.000         0.000         0.000
 RS_HLM1        0.000         0.000         0.000         0.000         0.000
 RS_MRF0        0.000         0.000         0.000         0.000         0.000
 RS_MRF1        0.000         0.000         0.000         0.000         0.000
 RS_MRM0        0.000         0.000         0.000         0.000         0.000
 RS_MRM1        0.000         0.000         0.000         0.000         0.000
 RS_WF1         0.000         0.000         0.000         0.000         0.000
 RS_WM0         0.000         0.000         0.000         0.000         0.000
 RS_WM1         0.000         0.000         0.000         0.000         0.000


           THETA
              RS_AIF0       RS_AIF1       RS_AIM0       RS_AIM1       RS_ASF0
              ________      ________      ________      ________      ________
 RS_AIF0        0.000
 RS_AIF1        0.000         0.000
 RS_AIM0        0.000         0.000         0.000
 RS_AIM1        0.000         0.000         0.000         0.000
 RS_ASF0        0.000         0.000         0.000         0.000         0.000
 RS_ASF1        0.000         0.000         0.000         0.000         0.000
 RS_ASM0        0.000         0.000         0.000         0.000         0.000
 RS_ASM1        0.000         0.000         0.000         0.000         0.000
 RS_HWF0        0.000         0.000         0.000         0.000         0.000
 RS_HWF1        0.000         0.000         0.000         0.000         0.000
 RS_HWM0        0.000         0.000         0.000         0.000         0.000
 RS_HWM1        0.000         0.000         0.000         0.000         0.000
 RS_HLF0        0.000         0.000         0.000         0.000         0.000
 RS_HLF1        0.000         0.000         0.000         0.000         0.000
 RS_HLM0        0.000         0.000         0.000         0.000         0.000
 RS_HLM1        0.000         0.000         0.000         0.000         0.000
 RS_MRF0        0.000         0.000         0.000         0.000         0.000
 RS_MRF1        0.000         0.000         0.000         0.000         0.000
 RS_MRM0        0.000         0.000         0.000         0.000         0.000
 RS_MRM1        0.000         0.000         0.000         0.000         0.000
 RS_WF1         0.000         0.000         0.000         0.000         0.000
 RS_WM0         0.000         0.000         0.000         0.000         0.000
 RS_WM1         0.000         0.000         0.000         0.000         0.000


           THETA
              RS_ASF1       RS_ASM0       RS_ASM1       RS_HWF0       RS_HWF1
              ________      ________      ________      ________      ________
 RS_ASF1        0.000
 RS_ASM0        0.000         0.000
 RS_ASM1        0.000         0.000         0.000
 RS_HWF0        0.000         0.000         0.000         0.000
 RS_HWF1        0.000         0.000         0.000         0.000         0.000
 RS_HWM0        0.000         0.000         0.000         0.000         0.000
 RS_HWM1        0.000         0.000         0.000         0.000         0.000
 RS_HLF0        0.000         0.000         0.000         0.000         0.000
 RS_HLF1        0.000         0.000         0.000         0.000         0.000
 RS_HLM0        0.000         0.000         0.000         0.000         0.000
 RS_HLM1        0.000         0.000         0.000         0.000         0.000
 RS_MRF0        0.000         0.000         0.000         0.000         0.000
 RS_MRF1        0.000         0.000         0.000         0.000         0.000
 RS_MRM0        0.000         0.000         0.000         0.000         0.000
 RS_MRM1        0.000         0.000         0.000         0.000         0.000
 RS_WF1         0.000         0.000         0.000         0.000         0.000
 RS_WM0         0.000         0.000         0.000         0.000         0.000
 RS_WM1         0.000         0.000         0.000         0.000         0.000


           THETA
              RS_HWM0       RS_HWM1       RS_HLF0       RS_HLF1       RS_HLM0
              ________      ________      ________      ________      ________
 RS_HWM0        0.000
 RS_HWM1        0.000         0.000
 RS_HLF0        0.000         0.000         0.000
 RS_HLF1        0.000         0.000         0.000         0.000
 RS_HLM0        0.000         0.000         0.000         0.000         0.000
 RS_HLM1        0.000         0.000         0.000         0.000         0.000
 RS_MRF0        0.000         0.000         0.000         0.000         0.000
 RS_MRF1        0.000         0.000         0.000         0.000         0.000
 RS_MRM0        0.000         0.000         0.000         0.000         0.000
 RS_MRM1        0.000         0.000         0.000         0.000         0.000
 RS_WF1         0.000         0.000         0.000         0.000         0.000
 RS_WM0         0.000         0.000         0.000         0.000         0.000
 RS_WM1         0.000         0.000         0.000         0.000         0.000


           THETA
              RS_HLM1       RS_MRF0       RS_MRF1       RS_MRM0       RS_MRM1
              ________      ________      ________      ________      ________
 RS_HLM1        0.000
 RS_MRF0        0.000         0.000
 RS_MRF1        0.000         0.000         0.000
 RS_MRM0        0.000         0.000         0.000         0.000
 RS_MRM1        0.000         0.000         0.000         0.000         0.000
 RS_WF1         0.000         0.000         0.000         0.000         0.000
 RS_WM0         0.000         0.000         0.000         0.000         0.000
 RS_WM1         0.000         0.000         0.000         0.000         0.000


           THETA
              RS_WF1        RS_WM0        RS_WM1
              ________      ________      ________
 RS_WF1         0.000
 RS_WM0         0.000         0.000
 RS_WM1         0.000         0.000         0.000


           ALPHA
              IS_SPED       PCT_BLAC      PCT_LATI      PCT_SPED      PCT_LOW_
              ________      ________      ________      ________      ________
                0.000         0.000         0.000         0.000         0.000


           ALPHA
              PCT_LEP_      RS_AAF0       RS_AAF1       RS_AAM0       RS_AAM1
              ________      ________      ________      ________      ________
                0.000         0.000         0.000         0.000         0.000


           ALPHA
              RS_AIF0       RS_AIF1       RS_AIM0       RS_AIM1       RS_ASF0
              ________      ________      ________      ________      ________
                0.000         0.000         0.000         0.000         0.000


           ALPHA
              RS_ASF1       RS_ASM0       RS_ASM1       RS_HWF0       RS_HWF1
              ________      ________      ________      ________      ________
                0.000         0.000         0.000         0.000         0.000


           ALPHA
              RS_HWM0       RS_HWM1       RS_HLF0       RS_HLF1       RS_HLM0
              ________      ________      ________      ________      ________
                0.000         0.000         0.000         0.000         0.000


           ALPHA
              RS_HLM1       RS_MRF0       RS_MRF1       RS_MRM0       RS_MRM1
              ________      ________      ________      ________      ________
                0.000         0.000         0.000         0.000         0.000


           ALPHA
              RS_WF1        RS_WM0        RS_WM1
              ________      ________      ________
                0.000         0.000         0.000


           BETA
              IS_SPED       PCT_BLAC      PCT_LATI      PCT_SPED      PCT_LOW_
              ________      ________      ________      ________      ________
 IS_SPED        0.000         0.000         0.000         0.000         0.000
 PCT_BLAC       0.000         0.000         0.000         0.000         0.000
 PCT_LATI       0.000         0.000         0.000         0.000         0.000
 PCT_SPED       0.000         0.000         0.000         0.000         0.000
 PCT_LOW_       0.000         0.000         0.000         0.000         0.000
 PCT_LEP_       0.000         0.000         0.000         0.000         0.000
 RS_AAF0        0.000         0.000         0.000         0.000         0.000
 RS_AAF1        0.000         0.000         0.000         0.000         0.000
 RS_AAM0        0.000         0.000         0.000         0.000         0.000
 RS_AAM1        0.000         0.000         0.000         0.000         0.000
 RS_AIF0        0.000         0.000         0.000         0.000         0.000
 RS_AIF1        0.000         0.000         0.000         0.000         0.000
 RS_AIM0        0.000         0.000         0.000         0.000         0.000
 RS_AIM1        0.000         0.000         0.000         0.000         0.000
 RS_ASF0        0.000         0.000         0.000         0.000         0.000
 RS_ASF1        0.000         0.000         0.000         0.000         0.000
 RS_ASM0        0.000         0.000         0.000         0.000         0.000
 RS_ASM1        0.000         0.000         0.000         0.000         0.000
 RS_HWF0        0.000         0.000         0.000         0.000         0.000
 RS_HWF1        0.000         0.000         0.000         0.000         0.000
 RS_HWM0        0.000         0.000         0.000         0.000         0.000
 RS_HWM1        0.000         0.000         0.000         0.000         0.000
 RS_HLF0        0.000         0.000         0.000         0.000         0.000
 RS_HLF1        0.000         0.000         0.000         0.000         0.000
 RS_HLM0        0.000         0.000         0.000         0.000         0.000
 RS_HLM1        0.000         0.000         0.000         0.000         0.000
 RS_MRF0        0.000         0.000         0.000         0.000         0.000
 RS_MRF1        0.000         0.000         0.000         0.000         0.000
 RS_MRM0        0.000         0.000         0.000         0.000         0.000
 RS_MRM1        0.000         0.000         0.000         0.000         0.000
 RS_WF1         0.000         0.000         0.000         0.000         0.000
 RS_WM0         0.000         0.000         0.000         0.000         0.000
 RS_WM1         0.000         0.000         0.000         0.000         0.000


           BETA
              PCT_LEP_      RS_AAF0       RS_AAF1       RS_AAM0       RS_AAM1
              ________      ________      ________      ________      ________
 IS_SPED        0.000         0.000         0.000         0.000         0.000
 PCT_BLAC       0.000         0.000         0.000         0.000         0.000
 PCT_LATI       0.000         0.000         0.000         0.000         0.000
 PCT_SPED       0.000         0.000         0.000         0.000         0.000
 PCT_LOW_       0.000         0.000         0.000         0.000         0.000
 PCT_LEP_       0.000         0.000         0.000         0.000         0.000
 RS_AAF0        0.000         0.000         0.000         0.000         0.000
 RS_AAF1        0.000         0.000         0.000         0.000         0.000
 RS_AAM0        0.000         0.000         0.000         0.000         0.000
 RS_AAM1        0.000         0.000         0.000         0.000         0.000
 RS_AIF0        0.000         0.000         0.000         0.000         0.000
 RS_AIF1        0.000         0.000         0.000         0.000         0.000
 RS_AIM0        0.000         0.000         0.000         0.000         0.000
 RS_AIM1        0.000         0.000         0.000         0.000         0.000
 RS_ASF0        0.000         0.000         0.000         0.000         0.000
 RS_ASF1        0.000         0.000         0.000         0.000         0.000
 RS_ASM0        0.000         0.000         0.000         0.000         0.000
 RS_ASM1        0.000         0.000         0.000         0.000         0.000
 RS_HWF0        0.000         0.000         0.000         0.000         0.000
 RS_HWF1        0.000         0.000         0.000         0.000         0.000
 RS_HWM0        0.000         0.000         0.000         0.000         0.000
 RS_HWM1        0.000         0.000         0.000         0.000         0.000
 RS_HLF0        0.000         0.000         0.000         0.000         0.000
 RS_HLF1        0.000         0.000         0.000         0.000         0.000
 RS_HLM0        0.000         0.000         0.000         0.000         0.000
 RS_HLM1        0.000         0.000         0.000         0.000         0.000
 RS_MRF0        0.000         0.000         0.000         0.000         0.000
 RS_MRF1        0.000         0.000         0.000         0.000         0.000
 RS_MRM0        0.000         0.000         0.000         0.000         0.000
 RS_MRM1        0.000         0.000         0.000         0.000         0.000
 RS_WF1         0.000         0.000         0.000         0.000         0.000
 RS_WM0         0.000         0.000         0.000         0.000         0.000
 RS_WM1         0.000         0.000         0.000         0.000         0.000


           BETA
              RS_AIF0       RS_AIF1       RS_AIM0       RS_AIM1       RS_ASF0
              ________      ________      ________      ________      ________
 IS_SPED        0.000         0.000         0.000         0.000         0.000
 PCT_BLAC       0.000         0.000         0.000         0.000         0.000
 PCT_LATI       0.000         0.000         0.000         0.000         0.000
 PCT_SPED       0.000         0.000         0.000         0.000         0.000
 PCT_LOW_       0.000         0.000         0.000         0.000         0.000
 PCT_LEP_       0.000         0.000         0.000         0.000         0.000
 RS_AAF0        0.000         0.000         0.000         0.000         0.000
 RS_AAF1        0.000         0.000         0.000         0.000         0.000
 RS_AAM0        0.000         0.000         0.000         0.000         0.000
 RS_AAM1        0.000         0.000         0.000         0.000         0.000
 RS_AIF0        0.000         0.000         0.000         0.000         0.000
 RS_AIF1        0.000         0.000         0.000         0.000         0.000
 RS_AIM0        0.000         0.000         0.000         0.000         0.000
 RS_AIM1        0.000         0.000         0.000         0.000         0.000
 RS_ASF0        0.000         0.000         0.000         0.000         0.000
 RS_ASF1        0.000         0.000         0.000         0.000         0.000
 RS_ASM0        0.000         0.000         0.000         0.000         0.000
 RS_ASM1        0.000         0.000         0.000         0.000         0.000
 RS_HWF0        0.000         0.000         0.000         0.000         0.000
 RS_HWF1        0.000         0.000         0.000         0.000         0.000
 RS_HWM0        0.000         0.000         0.000         0.000         0.000
 RS_HWM1        0.000         0.000         0.000         0.000         0.000
 RS_HLF0        0.000         0.000         0.000         0.000         0.000
 RS_HLF1        0.000         0.000         0.000         0.000         0.000
 RS_HLM0        0.000         0.000         0.000         0.000         0.000
 RS_HLM1        0.000         0.000         0.000         0.000         0.000
 RS_MRF0        0.000         0.000         0.000         0.000         0.000
 RS_MRF1        0.000         0.000         0.000         0.000         0.000
 RS_MRM0        0.000         0.000         0.000         0.000         0.000
 RS_MRM1        0.000         0.000         0.000         0.000         0.000
 RS_WF1         0.000         0.000         0.000         0.000         0.000
 RS_WM0         0.000         0.000         0.000         0.000         0.000
 RS_WM1         0.000         0.000         0.000         0.000         0.000


           BETA
              RS_ASF1       RS_ASM0       RS_ASM1       RS_HWF0       RS_HWF1
              ________      ________      ________      ________      ________
 IS_SPED        0.000         0.000         0.000         0.000         0.000
 PCT_BLAC       0.000         0.000         0.000         0.000         0.000
 PCT_LATI       0.000         0.000         0.000         0.000         0.000
 PCT_SPED       0.000         0.000         0.000         0.000         0.000
 PCT_LOW_       0.000         0.000         0.000         0.000         0.000
 PCT_LEP_       0.000         0.000         0.000         0.000         0.000
 RS_AAF0        0.000         0.000         0.000         0.000         0.000
 RS_AAF1        0.000         0.000         0.000         0.000         0.000
 RS_AAM0        0.000         0.000         0.000         0.000         0.000
 RS_AAM1        0.000         0.000         0.000         0.000         0.000
 RS_AIF0        0.000         0.000         0.000         0.000         0.000
 RS_AIF1        0.000         0.000         0.000         0.000         0.000
 RS_AIM0        0.000         0.000         0.000         0.000         0.000
 RS_AIM1        0.000         0.000         0.000         0.000         0.000
 RS_ASF0        0.000         0.000         0.000         0.000         0.000
 RS_ASF1        0.000         0.000         0.000         0.000         0.000
 RS_ASM0        0.000         0.000         0.000         0.000         0.000
 RS_ASM1        0.000         0.000         0.000         0.000         0.000
 RS_HWF0        0.000         0.000         0.000         0.000         0.000
 RS_HWF1        0.000         0.000         0.000         0.000         0.000
 RS_HWM0        0.000         0.000         0.000         0.000         0.000
 RS_HWM1        0.000         0.000         0.000         0.000         0.000
 RS_HLF0        0.000         0.000         0.000         0.000         0.000
 RS_HLF1        0.000         0.000         0.000         0.000         0.000
 RS_HLM0        0.000         0.000         0.000         0.000         0.000
 RS_HLM1        0.000         0.000         0.000         0.000         0.000
 RS_MRF0        0.000         0.000         0.000         0.000         0.000
 RS_MRF1        0.000         0.000         0.000         0.000         0.000
 RS_MRM0        0.000         0.000         0.000         0.000         0.000
 RS_MRM1        0.000         0.000         0.000         0.000         0.000
 RS_WF1         0.000         0.000         0.000         0.000         0.000
 RS_WM0         0.000         0.000         0.000         0.000         0.000
 RS_WM1         0.000         0.000         0.000         0.000         0.000


           BETA
              RS_HWM0       RS_HWM1       RS_HLF0       RS_HLF1       RS_HLM0
              ________      ________      ________      ________      ________
 IS_SPED        0.000         0.000         0.000         0.000         0.000
 PCT_BLAC       0.000         0.000         0.000         0.000         0.000
 PCT_LATI       0.000         0.000         0.000         0.000         0.000
 PCT_SPED       0.000         0.000         0.000         0.000         0.000
 PCT_LOW_       0.000         0.000         0.000         0.000         0.000
 PCT_LEP_       0.000         0.000         0.000         0.000         0.000
 RS_AAF0        0.000         0.000         0.000         0.000         0.000
 RS_AAF1        0.000         0.000         0.000         0.000         0.000
 RS_AAM0        0.000         0.000         0.000         0.000         0.000
 RS_AAM1        0.000         0.000         0.000         0.000         0.000
 RS_AIF0        0.000         0.000         0.000         0.000         0.000
 RS_AIF1        0.000         0.000         0.000         0.000         0.000
 RS_AIM0        0.000         0.000         0.000         0.000         0.000
 RS_AIM1        0.000         0.000         0.000         0.000         0.000
 RS_ASF0        0.000         0.000         0.000         0.000         0.000
 RS_ASF1        0.000         0.000         0.000         0.000         0.000
 RS_ASM0        0.000         0.000         0.000         0.000         0.000
 RS_ASM1        0.000         0.000         0.000         0.000         0.000
 RS_HWF0        0.000         0.000         0.000         0.000         0.000
 RS_HWF1        0.000         0.000         0.000         0.000         0.000
 RS_HWM0        0.000         0.000         0.000         0.000         0.000
 RS_HWM1        0.000         0.000         0.000         0.000         0.000
 RS_HLF0        0.000         0.000         0.000         0.000         0.000
 RS_HLF1        0.000         0.000         0.000         0.000         0.000
 RS_HLM0        0.000         0.000         0.000         0.000         0.000
 RS_HLM1        0.000         0.000         0.000         0.000         0.000
 RS_MRF0        0.000         0.000         0.000         0.000         0.000
 RS_MRF1        0.000         0.000         0.000         0.000         0.000
 RS_MRM0        0.000         0.000         0.000         0.000         0.000
 RS_MRM1        0.000         0.000         0.000         0.000         0.000
 RS_WF1         0.000         0.000         0.000         0.000         0.000
 RS_WM0         0.000         0.000         0.000         0.000         0.000
 RS_WM1         0.000         0.000         0.000         0.000         0.000


           BETA
              RS_HLM1       RS_MRF0       RS_MRF1       RS_MRM0       RS_MRM1
              ________      ________      ________      ________      ________
 IS_SPED        0.000         0.000         0.000         0.000         0.000
 PCT_BLAC       0.000         0.000         0.000         0.000         0.000
 PCT_LATI       0.000         0.000         0.000         0.000         0.000
 PCT_SPED       0.000         0.000         0.000         0.000         0.000
 PCT_LOW_       0.000         0.000         0.000         0.000         0.000
 PCT_LEP_       0.000         0.000         0.000         0.000         0.000
 RS_AAF0        0.000         0.000         0.000         0.000         0.000
 RS_AAF1        0.000         0.000         0.000         0.000         0.000
 RS_AAM0        0.000         0.000         0.000         0.000         0.000
 RS_AAM1        0.000         0.000         0.000         0.000         0.000
 RS_AIF0        0.000         0.000         0.000         0.000         0.000
 RS_AIF1        0.000         0.000         0.000         0.000         0.000
 RS_AIM0        0.000         0.000         0.000         0.000         0.000
 RS_AIM1        0.000         0.000         0.000         0.000         0.000
 RS_ASF0        0.000         0.000         0.000         0.000         0.000
 RS_ASF1        0.000         0.000         0.000         0.000         0.000
 RS_ASM0        0.000         0.000         0.000         0.000         0.000
 RS_ASM1        0.000         0.000         0.000         0.000         0.000
 RS_HWF0        0.000         0.000         0.000         0.000         0.000
 RS_HWF1        0.000         0.000         0.000         0.000         0.000
 RS_HWM0        0.000         0.000         0.000         0.000         0.000
 RS_HWM1        0.000         0.000         0.000         0.000         0.000
 RS_HLF0        0.000         0.000         0.000         0.000         0.000
 RS_HLF1        0.000         0.000         0.000         0.000         0.000
 RS_HLM0        0.000         0.000         0.000         0.000         0.000
 RS_HLM1        0.000         0.000         0.000         0.000         0.000
 RS_MRF0        0.000         0.000         0.000         0.000         0.000
 RS_MRF1        0.000         0.000         0.000         0.000         0.000
 RS_MRM0        0.000         0.000         0.000         0.000         0.000
 RS_MRM1        0.000         0.000         0.000         0.000         0.000
 RS_WF1         0.000         0.000         0.000         0.000         0.000
 RS_WM0         0.000         0.000         0.000         0.000         0.000
 RS_WM1         0.000         0.000         0.000         0.000         0.000


           BETA
              RS_WF1        RS_WM0        RS_WM1
              ________      ________      ________
 IS_SPED        0.000         0.000         0.000
 PCT_BLAC       0.000         0.000         0.000
 PCT_LATI       0.000         0.000         0.000
 PCT_SPED       0.000         0.000         0.000
 PCT_LOW_       0.000         0.000         0.000
 PCT_LEP_       0.000         0.000         0.000
 RS_AAF0        0.000         0.000         0.000
 RS_AAF1        0.000         0.000         0.000
 RS_AAM0        0.000         0.000         0.000
 RS_AAM1        0.000         0.000         0.000
 RS_AIF0        0.000         0.000         0.000
 RS_AIF1        0.000         0.000         0.000
 RS_AIM0        0.000         0.000         0.000
 RS_AIM1        0.000         0.000         0.000
 RS_ASF0        0.000         0.000         0.000
 RS_ASF1        0.000         0.000         0.000
 RS_ASM0        0.000         0.000         0.000
 RS_ASM1        0.000         0.000         0.000
 RS_HWF0        0.000         0.000         0.000
 RS_HWF1        0.000         0.000         0.000
 RS_HWM0        0.000         0.000         0.000
 RS_HWM1        0.000         0.000         0.000
 RS_HLF0        0.000         0.000         0.000
 RS_HLF1        0.000         0.000         0.000
 RS_HLM0        0.000         0.000         0.000
 RS_HLM1        0.000         0.000         0.000
 RS_MRF0        0.000         0.000         0.000
 RS_MRF1        0.000         0.000         0.000
 RS_MRM0        0.000         0.000         0.000
 RS_MRM1        0.000         0.000         0.000
 RS_WF1         0.000         0.000         0.000
 RS_WM0         0.000         0.000         0.000
 RS_WM1         0.000         0.000         0.000


           PSI
              IS_SPED       PCT_BLAC      PCT_LATI      PCT_SPED      PCT_LOW_
              ________      ________      ________      ________      ________
 IS_SPED        1.000
 PCT_BLAC       0.000       161.674
 PCT_LATI       0.000         0.000       110.614
 PCT_SPED       0.000         0.000         0.000        71.656
 PCT_LOW_       0.000         0.000         0.000         0.000        91.283
 PCT_LEP_       0.000         0.000         0.000         0.000         0.000
 RS_AAF0        0.000         0.000         0.000         0.000         0.000
 RS_AAF1        0.000         0.000         0.000         0.000         0.000
 RS_AAM0        0.000         0.000         0.000         0.000         0.000
 RS_AAM1        0.000         0.000         0.000         0.000         0.000
 RS_AIF0        0.000         0.000         0.000         0.000         0.000
 RS_AIF1        0.000         0.000         0.000         0.000         0.000
 RS_AIM0        0.000         0.000         0.000         0.000         0.000
 RS_AIM1        0.000         0.000         0.000         0.000         0.000
 RS_ASF0        0.000         0.000         0.000         0.000         0.000
 RS_ASF1        0.000         0.000         0.000         0.000         0.000
 RS_ASM0        0.000         0.000         0.000         0.000         0.000
 RS_ASM1        0.000         0.000         0.000         0.000         0.000
 RS_HWF0        0.000         0.000         0.000         0.000         0.000
 RS_HWF1        0.000         0.000         0.000         0.000         0.000
 RS_HWM0        0.000         0.000         0.000         0.000         0.000
 RS_HWM1        0.000         0.000         0.000         0.000         0.000
 RS_HLF0        0.000         0.000         0.000         0.000         0.000
 RS_HLF1        0.000         0.000         0.000         0.000         0.000
 RS_HLM0        0.000         0.000         0.000         0.000         0.000
 RS_HLM1        0.000         0.000         0.000         0.000         0.000
 RS_MRF0        0.000         0.000         0.000         0.000         0.000
 RS_MRF1        0.000         0.000         0.000         0.000         0.000
 RS_MRM0        0.000         0.000         0.000         0.000         0.000
 RS_MRM1        0.000         0.000         0.000         0.000         0.000
 RS_WF1         0.000         0.000         0.000         0.000         0.000
 RS_WM0         0.000         0.000         0.000         0.000         0.000
 RS_WM1         0.000         0.000         0.000         0.000         0.000


           PSI
              PCT_LEP_      RS_AAF0       RS_AAF1       RS_AAM0       RS_AAM1
              ________      ________      ________      ________      ________
 PCT_LEP_      63.993
 RS_AAF0        0.000         0.039
 RS_AAF1        0.000         0.000         0.030
 RS_AAM0        0.000         0.000         0.000         0.041
 RS_AAM1        0.000         0.000         0.000         0.000         0.031
 RS_AIF0        0.000         0.000         0.000         0.000         0.000
 RS_AIF1        0.000         0.000         0.000         0.000         0.000
 RS_AIM0        0.000         0.000         0.000         0.000         0.000
 RS_AIM1        0.000         0.000         0.000         0.000         0.000
 RS_ASF0        0.000         0.000         0.000         0.000         0.000
 RS_ASF1        0.000         0.000         0.000         0.000         0.000
 RS_ASM0        0.000         0.000         0.000         0.000         0.000
 RS_ASM1        0.000         0.000         0.000         0.000         0.000
 RS_HWF0        0.000         0.000         0.000         0.000         0.000
 RS_HWF1        0.000         0.000         0.000         0.000         0.000
 RS_HWM0        0.000         0.000         0.000         0.000         0.000
 RS_HWM1        0.000         0.000         0.000         0.000         0.000
 RS_HLF0        0.000         0.000         0.000         0.000         0.000
 RS_HLF1        0.000         0.000         0.000         0.000         0.000
 RS_HLM0        0.000         0.000         0.000         0.000         0.000
 RS_HLM1        0.000         0.000         0.000         0.000         0.000
 RS_MRF0        0.000         0.000         0.000         0.000         0.000
 RS_MRF1        0.000         0.000         0.000         0.000         0.000
 RS_MRM0        0.000         0.000         0.000         0.000         0.000
 RS_MRM1        0.000         0.000         0.000         0.000         0.000
 RS_WF1         0.000         0.000         0.000         0.000         0.000
 RS_WM0         0.000         0.000         0.000         0.000         0.000
 RS_WM1         0.000         0.000         0.000         0.000         0.000


           PSI
              RS_AIF0       RS_AIF1       RS_AIM0       RS_AIM1       RS_ASF0
              ________      ________      ________      ________      ________
 RS_AIF0        0.001
 RS_AIF1        0.000         0.000
 RS_AIM0        0.000         0.000         0.001
 RS_AIM1        0.000         0.000         0.000         0.000
 RS_ASF0        0.000         0.000         0.000         0.000         0.010
 RS_ASF1        0.000         0.000         0.000         0.000         0.000
 RS_ASM0        0.000         0.000         0.000         0.000         0.000
 RS_ASM1        0.000         0.000         0.000         0.000         0.000
 RS_HWF0        0.000         0.000         0.000         0.000         0.000
 RS_HWF1        0.000         0.000         0.000         0.000         0.000
 RS_HWM0        0.000         0.000         0.000         0.000         0.000
 RS_HWM1        0.000         0.000         0.000         0.000         0.000
 RS_HLF0        0.000         0.000         0.000         0.000         0.000
 RS_HLF1        0.000         0.000         0.000         0.000         0.000
 RS_HLM0        0.000         0.000         0.000         0.000         0.000
 RS_HLM1        0.000         0.000         0.000         0.000         0.000
 RS_MRF0        0.000         0.000         0.000         0.000         0.000
 RS_MRF1        0.000         0.000         0.000         0.000         0.000
 RS_MRM0        0.000         0.000         0.000         0.000         0.000
 RS_MRM1        0.000         0.000         0.000         0.000         0.000
 RS_WF1         0.000         0.000         0.000         0.000         0.000
 RS_WM0         0.000         0.000         0.000         0.000         0.000
 RS_WM1         0.000         0.000         0.000         0.000         0.000


           PSI
              RS_ASF1       RS_ASM0       RS_ASM1       RS_HWF0       RS_HWF1
              ________      ________      ________      ________      ________
 RS_ASF1        0.001
 RS_ASM0        0.000         0.011
 RS_ASM1        0.000         0.000         0.001
 RS_HWF0        0.000         0.000         0.000         0.000
 RS_HWF1        0.000         0.000         0.000         0.000         0.000
 RS_HWM0        0.000         0.000         0.000         0.000         0.000
 RS_HWM1        0.000         0.000         0.000         0.000         0.000
 RS_HLF0        0.000         0.000         0.000         0.000         0.000
 RS_HLF1        0.000         0.000         0.000         0.000         0.000
 RS_HLM0        0.000         0.000         0.000         0.000         0.000
 RS_HLM1        0.000         0.000         0.000         0.000         0.000
 RS_MRF0        0.000         0.000         0.000         0.000         0.000
 RS_MRF1        0.000         0.000         0.000         0.000         0.000
 RS_MRM0        0.000         0.000         0.000         0.000         0.000
 RS_MRM1        0.000         0.000         0.000         0.000         0.000
 RS_WF1         0.000         0.000         0.000         0.000         0.000
 RS_WM0         0.000         0.000         0.000         0.000         0.000
 RS_WM1         0.000         0.000         0.000         0.000         0.000


           PSI
              RS_HWM0       RS_HWM1       RS_HLF0       RS_HLF1       RS_HLM0
              ________      ________      ________      ________      ________
 RS_HWM0        0.000
 RS_HWM1        0.000         0.000
 RS_HLF0        0.000         0.000         0.032
 RS_HLF1        0.000         0.000         0.000         0.014
 RS_HLM0        0.000         0.000         0.000         0.000         0.033
 RS_HLM1        0.000         0.000         0.000         0.000         0.000
 RS_MRF0        0.000         0.000         0.000         0.000         0.000
 RS_MRF1        0.000         0.000         0.000         0.000         0.000
 RS_MRM0        0.000         0.000         0.000         0.000         0.000
 RS_MRM1        0.000         0.000         0.000         0.000         0.000
 RS_WF1         0.000         0.000         0.000         0.000         0.000
 RS_WM0         0.000         0.000         0.000         0.000         0.000
 RS_WM1         0.000         0.000         0.000         0.000         0.000


           PSI
              RS_HLM1       RS_MRF0       RS_MRF1       RS_MRM0       RS_MRM1
              ________      ________      ________      ________      ________
 RS_HLM1        0.014
 RS_MRF0        0.000         0.009
 RS_MRF1        0.000         0.000         0.005
 RS_MRM0        0.000         0.000         0.000         0.009
 RS_MRM1        0.000         0.000         0.000         0.000         0.005
 RS_WF1         0.000         0.000         0.000         0.000         0.000
 RS_WM0         0.000         0.000         0.000         0.000         0.000
 RS_WM1         0.000         0.000         0.000         0.000         0.000


           PSI
              RS_WF1        RS_WM0        RS_WM1
              ________      ________      ________
 RS_WF1         0.015
 RS_WM0         0.000         0.071
 RS_WM1         0.000         0.000         0.016


     STARTING VALUES FOR BETWEEN


           TAU
              IS_SPED$
              ________
                0.876


           NU
              IS_SPED       PCT_BLAC      PCT_LATI      PCT_SPED      PCT_LOW_
              ________      ________      ________      ________      ________
                0.000         0.000         0.000         0.000         0.000


           NU
              PCT_LEP_
              ________
                0.000


           LAMBDA
              S1            S2            S3            S4            S5
              ________      ________      ________      ________      ________
 IS_SPED        0.000         0.000         0.000         0.000         0.000
 PCT_BLAC       0.000         0.000         0.000         0.000         0.000
 PCT_LATI       0.000         0.000         0.000         0.000         0.000
 PCT_SPED       0.000         0.000         0.000         0.000         0.000
 PCT_LOW_       0.000         0.000         0.000         0.000         0.000
 PCT_LEP_       0.000         0.000         0.000         0.000         0.000


           LAMBDA
              S6            IS_SPED       PCT_BLAC      PCT_LATI      PCT_SPED
              ________      ________      ________      ________      ________
 IS_SPED        0.000         1.000         0.000         0.000         0.000
 PCT_BLAC       0.000         0.000         1.000         0.000         0.000
 PCT_LATI       0.000         0.000         0.000         1.000         0.000
 PCT_SPED       0.000         0.000         0.000         0.000         1.000
 PCT_LOW_       0.000         0.000         0.000         0.000         0.000
 PCT_LEP_       0.000         0.000         0.000         0.000         0.000


           LAMBDA
              PCT_LOW_      PCT_LEP_
              ________      ________
 IS_SPED        0.000         0.000
 PCT_BLAC       0.000         0.000
 PCT_LATI       0.000         0.000
 PCT_SPED       0.000         0.000
 PCT_LOW_       1.000         0.000
 PCT_LEP_       0.000         1.000


           THETA
              IS_SPED       PCT_BLAC      PCT_LATI      PCT_SPED      PCT_LOW_
              ________      ________      ________      ________      ________
 IS_SPED        0.000
 PCT_BLAC       0.000         0.000
 PCT_LATI       0.000         0.000         0.000
 PCT_SPED       0.000         0.000         0.000         0.000
 PCT_LOW_       0.000         0.000         0.000         0.000         0.000
 PCT_LEP_       0.000         0.000         0.000         0.000         0.000


           THETA
              PCT_LEP_
              ________
 PCT_LEP_       0.000


           ALPHA
              S1            S2            S3            S4            S5
              ________      ________      ________      ________      ________
                0.000         0.000         0.000         0.000         0.000


           ALPHA
              S6            IS_SPED       PCT_BLAC      PCT_LATI      PCT_SPED
              ________      ________      ________      ________      ________
                0.000         0.000        -2.350         0.578        -5.720


           ALPHA
              PCT_LOW_      PCT_LEP_
              ________      ________
               -3.526        -0.057


           BETA
              S1            S2            S3            S4            S5
              ________      ________      ________      ________      ________
 S1             0.000         0.000         0.000         0.000         0.000
 S2             0.000         0.000         0.000         0.000         0.000
 S3             0.000         0.000         0.000         0.000         0.000
 S4             0.000         0.000         0.000         0.000         0.000
 S5             0.000         0.000         0.000         0.000         0.000
 S6             0.000         0.000         0.000         0.000         0.000
 IS_SPED        0.000         0.000         0.000         0.000         0.000
 PCT_BLAC       0.000         0.000         0.000         0.000         0.000
 PCT_LATI       0.000         0.000         0.000         0.000         0.000
 PCT_SPED       0.000         0.000         0.000         0.000         0.000
 PCT_LOW_       0.000         0.000         0.000         0.000         0.000
 PCT_LEP_       0.000         0.000         0.000         0.000         0.000


           BETA
              S6            IS_SPED       PCT_BLAC      PCT_LATI      PCT_SPED
              ________      ________      ________      ________      ________
 S1             0.000         0.000         0.000         0.000         0.000
 S2             0.000         0.000         0.000         0.000         0.000
 S3             0.000         0.000         0.000         0.000         0.000
 S4             0.000         0.000         0.000         0.000         0.000
 S5             0.000         0.000         0.000         0.000         0.000
 S6             0.000         0.000         0.000         0.000         0.000
 IS_SPED        0.000         0.000         0.000         0.000         0.000
 PCT_BLAC       0.000         0.000         0.000         0.000         0.000
 PCT_LATI       0.000         0.000         0.000         0.000         0.000
 PCT_SPED       0.000         0.000         0.000         0.000         0.000
 PCT_LOW_       0.000         0.000         0.000         0.000         0.000
 PCT_LEP_       0.000         0.000         0.000         0.000         0.000


           BETA
              PCT_LOW_      PCT_LEP_
              ________      ________
 S1             0.000         0.000
 S2             0.000         0.000
 S3             0.000         0.000
 S4             0.000         0.000
 S5             0.000         0.000
 S6             0.000         0.000
 IS_SPED        0.000         0.000
 PCT_BLAC       0.000         0.000
 PCT_LATI       0.000         0.000
 PCT_SPED       0.000         0.000
 PCT_LOW_       0.000         0.000
 PCT_LEP_       0.000         0.000


           PSI
              S1            S2            S3            S4            S5
              ________      ________      ________      ________      ________
 S1             1.000
 S2             0.000         1.000
 S3             0.000         0.000         1.000
 S4             0.000         0.000         0.000         1.000
 S5             0.000         0.000         0.000         0.000         1.000
 S6             0.000         0.000         0.000         0.000         0.000
 IS_SPED        0.000         0.000         0.000         0.000         0.000
 PCT_BLAC       0.000         0.000         0.000         0.000         0.000
 PCT_LATI       0.000         0.000         0.000         0.000         0.000
 PCT_SPED       0.000         0.000         0.000         0.000         0.000
 PCT_LOW_       0.000         0.000         0.000         0.000         0.000
 PCT_LEP_       0.000         0.000         0.000         0.000         0.000


           PSI
              S6            IS_SPED       PCT_BLAC      PCT_LATI      PCT_SPED
              ________      ________      ________      ________      ________
 S6             1.000
 IS_SPED        0.000         1.000
 PCT_BLAC       0.000         0.000       161.674
 PCT_LATI       0.000         0.000         0.000       110.614
 PCT_SPED       0.000         0.000         0.000         0.000        71.656
 PCT_LOW_       0.000         0.000         0.000         0.000         0.000
 PCT_LEP_       0.000         0.000         0.000         0.000         0.000


           PSI
              PCT_LOW_      PCT_LEP_
              ________      ________
 PCT_LOW_      91.283
 PCT_LEP_       0.000        63.993



     PRIORS FOR ALL PARAMETERS            PRIOR MEAN      PRIOR VARIANCE     PRIOR STD. DEV.

     Parameter 1~N(0.000,5.000)              0.0000              5.0000              2.2361
     Parameter 2~N(0.000,5.000)              0.0000              5.0000              2.2361
     Parameter 3~N(0.000,5.000)              0.0000              5.0000              2.2361
     Parameter 4~N(0.000,5.000)              0.0000              5.0000              2.2361
     Parameter 5~N(0.000,5.000)              0.0000              5.0000              2.2361
     Parameter 6~N(0.000,5.000)              0.0000              5.0000              2.2361
     Parameter 7~N(0.000,5.000)              0.0000              5.0000              2.2361
     Parameter 8~N(0.000,5.000)              0.0000              5.0000              2.2361
     Parameter 9~N(0.000,5.000)              0.0000              5.0000              2.2361
     Parameter 10~N(0.000,5.000)             0.0000              5.0000              2.2361
     Parameter 11~N(0.000,5.000)             0.0000              5.0000              2.2361
     Parameter 12~N(0.000,5.000)             0.0000              5.0000              2.2361
     Parameter 13~N(0.000,5.000)             0.0000              5.0000              2.2361
     Parameter 14~N(0.000,5.000)             0.0000              5.0000              2.2361
     Parameter 15~N(0.000,5.000)             0.0000              5.0000              2.2361
     Parameter 16~N(0.000,5.000)             0.0000              5.0000              2.2361
     Parameter 17~N(0.000,5.000)             0.0000              5.0000              2.2361
     Parameter 18~N(0.000,5.000)             0.0000              5.0000              2.2361
     Parameter 19~N(0.000,5.000)             0.0000              5.0000              2.2361
     Parameter 20~N(0.000,5.000)             0.0000              5.0000              2.2361
     Parameter 21~N(0.000,5.000)             0.0000              5.0000              2.2361
     Parameter 22~IW(1.000,6)              infinity            infinity            infinity
     Parameter 23~IW(0.000,6)              infinity            infinity            infinity
     Parameter 24~IW(1.000,6)              infinity            infinity            infinity
     Parameter 25~IW(0.000,6)              infinity            infinity            infinity
     Parameter 26~IW(0.000,6)              infinity            infinity            infinity
     Parameter 27~IW(1.000,6)              infinity            infinity            infinity
     Parameter 28~IW(0.000,6)              infinity            infinity            infinity
     Parameter 29~IW(0.000,6)              infinity            infinity            infinity
     Parameter 30~IW(0.000,6)              infinity            infinity            infinity
     Parameter 31~IW(1.000,6)              infinity            infinity            infinity
     Parameter 32~IW(0.000,6)              infinity            infinity            infinity
     Parameter 33~IW(0.000,6)              infinity            infinity            infinity
     Parameter 34~IW(0.000,6)              infinity            infinity            infinity
     Parameter 35~IW(0.000,6)              infinity            infinity            infinity
     Parameter 36~IW(1.000,6)              infinity            infinity            infinity
     Parameter 37~N(0.000,infinity)          0.0000            infinity            infinity
     Parameter 38~N(0.000,infinity)          0.0000            infinity            infinity
     Parameter 39~N(0.000,infinity)          0.0000            infinity            infinity
     Parameter 40~N(0.000,infinity)          0.0000            infinity            infinity
     Parameter 41~N(0.000,infinity)          0.0000            infinity            infinity
     Parameter 42~N(0.000,infinity)          0.0000            infinity            infinity
     Parameter 43~N(0.000,infinity)          0.0000            infinity            infinity
     Parameter 44~N(0.000,infinity)          0.0000            infinity            infinity
     Parameter 45~N(0.000,infinity)          0.0000            infinity            infinity
     Parameter 46~N(0.000,infinity)          0.0000            infinity            infinity
     Parameter 47~N(0.000,infinity)          0.0000            infinity            infinity
     Parameter 48~N(0.000,5.000)             0.0000              5.0000              2.2361
     Parameter 49~N(0.000,5.000)             0.0000              5.0000              2.2361
     Parameter 50~N(0.000,5.000)             0.0000              5.0000              2.2361
     Parameter 51~N(0.000,5.000)             0.0000              5.0000              2.2361
     Parameter 52~N(0.000,5.000)             0.0000              5.0000              2.2361
     Parameter 53~IW(1.000,8)              infinity            infinity            infinity
     Parameter 54~IW(0.000,8)              infinity            infinity            infinity
     Parameter 55~IW(1.000,8)              infinity            infinity            infinity
     Parameter 56~IW(0.000,8)              infinity            infinity            infinity
     Parameter 57~IW(0.000,8)              infinity            infinity            infinity
     Parameter 58~IW(1.000,8)              infinity            infinity            infinity
     Parameter 59~IW(0.000,8)              infinity            infinity            infinity
     Parameter 60~IW(0.000,8)              infinity            infinity            infinity
     Parameter 61~IW(0.000,8)              infinity            infinity            infinity
     Parameter 62~IW(1.000,8)              infinity            infinity            infinity
     Parameter 63~IW(0.000,8)              infinity            infinity            infinity
     Parameter 64~IW(0.000,8)              infinity            infinity            infinity
     Parameter 65~IW(0.000,8)              infinity            infinity            infinity
     Parameter 66~IW(0.000,8)              infinity            infinity            infinity
     Parameter 67~IW(1.000,8)              infinity            infinity            infinity
     Parameter 68~IW(0.000,8)              infinity            infinity            infinity
     Parameter 69~IW(0.000,8)              infinity            infinity            infinity
     Parameter 70~IW(0.000,8)              infinity            infinity            infinity
     Parameter 71~IW(0.000,8)              infinity            infinity            infinity
     Parameter 72~IW(0.000,8)              infinity            infinity            infinity
     Parameter 73~IW(1.000,8)              infinity            infinity            infinity
     Parameter 74~IW(0.000,8)              infinity            infinity            infinity
     Parameter 75~IW(0.000,8)              infinity            infinity            infinity
     Parameter 76~IW(0.000,8)              infinity            infinity            infinity
     Parameter 77~IW(0.000,8)              infinity            infinity            infinity
     Parameter 78~IW(0.000,8)              infinity            infinity            infinity
     Parameter 79~IW(0.000,8)              infinity            infinity            infinity
     Parameter 80~IW(1.000,8)              infinity            infinity            infinity
     Parameter 81~IW(1.000,6)              infinity            infinity            infinity
     Parameter 82~IW(0.000,6)              infinity            infinity            infinity
     Parameter 83~IW(1.000,6)              infinity            infinity            infinity
     Parameter 84~IW(0.000,6)              infinity            infinity            infinity
     Parameter 85~IW(0.000,6)              infinity            infinity            infinity
     Parameter 86~IW(1.000,6)              infinity            infinity            infinity
     Parameter 87~IW(0.000,6)              infinity            infinity            infinity
     Parameter 88~IW(0.000,6)              infinity            infinity            infinity
     Parameter 89~IW(0.000,6)              infinity            infinity            infinity
     Parameter 90~IW(1.000,6)              infinity            infinity            infinity
     Parameter 91~IW(0.000,6)              infinity            infinity            infinity
     Parameter 92~IW(0.000,6)              infinity            infinity            infinity
     Parameter 93~IW(0.000,6)              infinity            infinity            infinity
     Parameter 94~IW(0.000,6)              infinity            infinity            infinity
     Parameter 95~IW(1.000,6)              infinity            infinity            infinity
     Parameter 96~N(0.000,5.000)             0.0000              5.0000              2.2361


TECHNICAL 8 OUTPUT


   TECHNICAL 8 OUTPUT FOR BAYES ESTIMATION

     PROCESSOR    BSEED
     1            0
     2            285380
     3            253358
     4            93468

                     POTENTIAL       PARAMETER WITH
     ITERATION    SCALE REDUCTION      HIGHEST PSR
     100              1.871               12
     200              1.580               62
     300              1.103               15
     400              1.129               75
     500              1.176               75
     600              1.139               74
     700              1.101               39
     800              1.070               39
     900              1.104               41
     1000             1.050               37
     1100             1.044               75
     1200             1.047               75
     1300             1.033               74
     1400             1.024               8
     1500             1.034               8
     1600             1.046               80
     1700             1.039               80
     1800             1.029               70
     1900             1.030               80
     2000             1.033               80
     2100             1.041               80
     2200             1.037               80
     2300             1.029               80
     2400             1.034               73
     2500             1.033               73
     2600             1.037               74
     2700             1.042               74
     2800             1.032               73
     2900             1.026               79
     3000             1.025               73
     3100             1.021               73
     3200             1.021               79
     3300             1.017               79
     3400             1.015               21
     3500             1.022               21
     3600             1.019               79
     3700             1.013               79
     3800             1.017               1
     3900             1.021               1
     4000             1.020               1
     4100             1.022               21
     4200             1.025               21
     4300             1.025               21
     4400             1.030               21
     4500             1.029               21
     4600             1.025               21
     4700             1.028               21
     4800             1.032               21
     4900             1.033               21
     5000             1.033               21
     5100             1.031               21
     5200             1.027               21
     5300             1.025               21
     5400             1.024               21
     5500             1.025               77
     5600             1.029               21
     5700             1.026               21
     5800             1.020               77
     5900             1.018               77
     6000             1.020               77
     6100             1.016               77
     6200             1.016               77
     6300             1.012               77
     6400             1.010               77
     6500             1.011               79
     6600             1.011               79
     6700             1.010               79
     6800             1.010               79
     6900             1.009               79
     7000             1.008               79
     7100             1.009               79
     7200             1.009               62
     7300             1.011               79
     7400             1.013               79
     7500             1.013               79
     7600             1.014               79
     7700             1.012               62
     7800             1.009               62
     7900             1.008               62
     8000             1.010               62
     8100             1.010               62
     8200             1.008               62
     8300             1.009               62
     8400             1.010               62
     8500             1.006               62
     8600             1.006               62
     8700             1.006               62
     8800             1.005               62
     8900             1.006               79
     9000             1.004               58
     9100             1.005               62
     9200             1.005               62
     9300             1.006               62
     9400             1.006               62
     9500             1.006               62
     9600             1.006               62
     9700             1.006               62
     9800             1.007               75
     9900             1.006               75
     10000            1.007               62
     10100            1.008               75
     10200            1.007               75
     10300            1.007               75
     10400            1.006               75
     10500            1.005               75
     10600            1.005               75
     10700            1.005               62
     10800            1.005               62
     10900            1.005               62
     11000            1.005               62
     11100            1.006               62
     11200            1.007               62
     11300            1.007               62
     11400            1.008               62
     11500            1.008               62
     11600            1.010               62
     11700            1.010               62
     11800            1.009               62
     11900            1.008               62
     12000            1.008               62
     12100            1.009               62
     12200            1.008               62
     12300            1.008               62
     12400            1.007               62
     12500            1.006               62
     12600            1.006               62
     12700            1.006               62
     12800            1.006               62
     12900            1.007               62
     13000            1.006               62
     13100            1.006               62
     13200            1.005               62
     13300            1.005               62
     13400            1.005               62
     13500            1.005               62
     13600            1.006               62
     13700            1.006               62
     13800            1.006               62
     13900            1.006               62
     14000            1.005               62
     14100            1.005               62
     14200            1.005               62
     14300            1.004               62
     14400            1.005               62
     14500            1.005               62
     14600            1.005               62
     14700            1.005               62
     14800            1.005               62
     14900            1.005               62
     15000            1.005               62
     15100            1.005               62
     15200            1.005               62
     15300            1.005               62
     15400            1.005               62
     15500            1.006               62
     15600            1.006               62
     15700            1.005               62
     15800            1.005               62
     15900            1.004               62
     16000            1.005               62
     16100            1.004               62
     16200            1.005               62
     16300            1.005               62
     16400            1.004               62
     16500            1.005               62
     16600            1.004               62
     16700            1.004               62
     16800            1.004               62
     16900            1.004               62
     17000            1.004               62
     17100            1.004               62
     17200            1.003               62
     17300            1.003               62
     17400            1.004               62
     17500            1.004               62
     17600            1.004               62
     17700            1.004               62
     17800            1.003               62
     17900            1.003               62
     18000            1.003               62
     18100            1.003               62
     18200            1.003               37
     18300            1.003               37
     18400            1.003               37
     18500            1.003               37
     18600            1.003               37
     18700            1.003               37
     18800            1.003               37
     18900            1.003               62
     19000            1.003               71
     19100            1.003               71
     19200            1.003               62
     19300            1.003               62
     19400            1.003               60
     19500            1.003               60
     19600            1.003               60
     19700            1.003               62
     19800            1.003               62
     19900            1.003               62
     20000            1.003               71


DIAGRAM INFORMATION

  Mplus diagrams are currently not available for multilevel analysis.
  No diagram output was produced.


     Beginning Time:  14:54:32
        Ending Time:  16:22:58
       Elapsed Time:  01:28:26



MUTHEN & MUTHEN
3463 Stoner Ave.
Los Angeles, CA  90066

Tel: (310) 391-9971
Fax: (310) 391-8971
Web: www.StatModel.com
Support: Support@StatModel.com

Copyright (c) 1998-2024 Muthen & Muthen
