Mplus VERSION 8.11
MUTHEN & MUTHEN
09/21/2026   2:28 PM

INPUT INSTRUCTIONS

  TITLE:  Bayesian Multi-Level Modeling - is_sped on regses categories With Level 2 Variable
            Nesting by Schoolt (Refrences: White Females Resources, White)

  DATA:
    FILE IS "S:\Ibrahim\UConn Spencer Project Analysis Delaware Data\K-12_24.txt";

  VARIABLE: NAMES ARE Schl is_sped reg_num regses_num District
            pct_black_c pct_latine_c
            pct_white_c pct_sped_c pct_low_ses_c pct_lep_c;
            USEVARIABLES ARE Schl is_sped
            pct_black_c pct_latine_c pct_sped_c pct_low_ses_c pct_lep_c
            rs_aaf0 rs_aaf1 rs_aam0 rs_aam1 rs_aif0 rs_aif1 rs_aim0 rs_aim1
            rs_asf0 rs_asf1 rs_asm0 rs_asm1 rs_hwf0 rs_hwf1 rs_hwm0 rs_hwm1
            rs_hlf0 rs_hlf1 rs_hlm0 rs_hlm1 rs_mrf0 rs_mrf1 rs_mrm0 rs_mrm1
            rs_wf1  rs_wm0  rs_wm1;
           !pct_white_c is removed from the USEVARIABLES as a reference

  CATEGORICAL is_sped;
      CLUSTER IS Schl;
      MISSING ARE ALL (-999); !tells MPLUS the empty cells are all NAs
      WITHIN = rs_aaf0 rs_aaf1 rs_aam0 rs_aam1 rs_aif0 rs_aif1 rs_aim0 rs_aim1
               rs_asf0 rs_asf1 rs_asm0 rs_asm1 rs_hwf0 rs_hwf1 rs_hwm0 rs_hwm1
               rs_hlf0 rs_hlf1 rs_hlm0 rs_hlm1 rs_mrf0 rs_mrf1 rs_mrm0 rs_mrm1
               rs_wf1  rs_wm0  rs_wm1;

    DEFINE:
      ! Reference Group: White_Female_0 (Code 27) - Excluded from definitions

      ! African American Groups
      rs_aaf0  = (regses_num == 1);   ! African American Female Non-SES
      rs_aaf1  = (regses_num == 2);   ! African American Female Low-Income
      rs_aam0  = (regses_num == 3);   ! African American Male Non-SES
      rs_aam1  = (regses_num == 4);   ! African American Male Low-Income

      ! American Indian Groups
      rs_aif0  = (regses_num == 5);   ! American Indian Female Non-SES
      rs_aif1  = (regses_num == 6);   ! American Indian Female Low-Income
      rs_aim0  = (regses_num == 7);   ! American Indian Male Non-SES
      rs_aim1  = (regses_num == 8);   ! American Indian Male Low-Income

      ! Asian Groups
      rs_asf0  = (regses_num == 9);   ! Asian Female Non-SES
      rs_asf1  = (regses_num== 10);  ! Asian Female Low-Income
      rs_asm0  = (regses_num == 11);  ! Asian Male Non-SES
      rs_asm1  = (regses_num == 12);  ! Asian Male Low-Income

      ! Hawaiian/Pacific Islander Groups
      rs_hwf0  = (regses_num == 13);  ! Hawaiian Female Non-SES
      rs_hwf1  = (regses_num == 14);  ! Hawaiian Female Low-Income
      rs_hwm0  = (regses_num== 15);  ! Hawaiian Male Non-SES
      rs_hwm1  = (regses_num == 16);  ! Hawaiian Male Low-Income

      ! Hispanic/Latino Groups
      rs_hlf0  = (regses_num == 17);  ! Hispanic/Latino Female Non-SES
      rs_hlf1  = (regses_num== 18);  ! Hispanic/Latino Female Low-Income
      rs_hlm0  = (regses_num == 19);  ! Hispanic/Latino Male Non-SES
      rs_hlm1  = (regses_num == 20);  ! Hispanic/Latino Male Low-Income

      ! Multi-Racial Groups
      rs_mrf0  = (regses_num == 21);  ! Multi-Racial Female Non-SES
      rs_mrf1  = (regses_num== 22);  ! Multi-Racial Female Low-Income
      rs_mrm0  = (regses_num == 23);  ! Multi-Racial Male Non-SES
      rs_mrm1  = (regses_num == 24);  ! Multi-Racial Male Low-Income

      ! White Comparison Groups
      rs_wf1   = (regses_num == 28);  ! White Female Low-Income
      rs_wm0   = (regses_num == 29);  ! White Male Non-SES
      rs_wm1   = (regses_num == 30);  ! White Male Low-Income

    ANALYSIS:
      TYPE = TWOLEVEL;
      ESTIMATOR = BAYES;
      PROCESSORS = 4;
      BITERATIONS = (20000);
      BCONVERGENCE = 0.05;

  MODEL:
      %WITHIN%
      is_sped ON rs_aaf0 rs_aaf1 rs_aam0 rs_aam1 rs_aif0 rs_aif1 rs_aim0 rs_aim1
                 rs_asf0 rs_asf1 rs_asm0 rs_asm1 rs_hwf0 rs_hwf1 rs_hwm0 rs_hwm1
                 rs_hlf0 rs_hlf1 rs_hlm0 rs_hlm1 rs_mrf0 rs_mrf1 rs_mrm0 rs_mrm1
                 rs_wf1  rs_wm0  rs_wm1;

      %BETWEEN%
      is_sped ON pct_black_c pct_latine_c pct_sped_c pct_low_ses_c pct_lep_c;

    OUTPUT:
      TECH1 TECH8 STANDARDIZED;
    Savedata:
      BPARAMETERS IS mcmc2.txt; ! File needed to run extra diagnostics in R



*** WARNING
  Input line exceeded 90 characters. Some input may be truncated.
  TITLE:  Bayesian Multi-Level Modeling - is_sped on regses categories With Level 2 Variables
*** WARNING in VARIABLE command
  Note that only the first 8 characters of variable names are used in the output.
  Shorten variable names to avoid any confusion.
*** WARNING in MODEL command
  A within-between variable is used on the between level but has not been used on the within level.
  Please check that this is what is intended.  If this is not intended, specify the variable as a
  between variable.  Problem with:  PCT_BLACK_C
*** WARNING in MODEL command
  A within-between variable is used on the between level but has not been used on the within level.
  Please check that this is what is intended.  If this is not intended, specify the variable as a
  between variable.  Problem with:  PCT_LATINE_C
*** WARNING in MODEL command
  A within-between variable is used on the between level but has not been used on the within level.
  Please check that this is what is intended.  If this is not intended, specify the variable as a
  between variable.  Problem with:  PCT_SPED_C
*** WARNING in MODEL command
  A within-between variable is used on the between level but has not been used on the within level.
  Please check that this is what is intended.  If this is not intended, specify the variable as a
  between variable.  Problem with:  PCT_LOW_SES_C
*** WARNING in MODEL command
  A within-between variable is used on the between level but has not been used on the within level.
  Please check that this is what is intended.  If this is not intended, specify the variable as a
  between variable.  Problem with:  PCT_LEP_C
*** WARNING
  One or more individual-level variables have no variation within a
  cluster for the following clusters.

     Variable   Cluster IDs with no within-cluster variation

      IS_SPED     618 539 768 763 512 578 295
      PCT_BLAC    618 745 530 615 539 768 358 763 514 362 655 537 540 516 570 628 4075 752 512
                  543 27 29 36 750 650 324 640 630 22 310 638 334 728 740 244 636 246 339 264
                  314 322 642 632 326 635 658 156 332 410 318 132 612 124 420 662 266 260 670
                  418 37 432 538 248 573 761 759 4080 456 584 4055 749 762 684 760 256 613 14
                  782 660 4090 330 571 240 35 682 130 321 274 280 112 320 16 412 128 611 646 732
                  680 21 242 710 668 254 616 622 110 696 252 722 681 4040 350 312 352 250 327
                  776 20 721 736 578 620 10 712 673 623 28 11 581 575 669 292 634 779 621 271
                  775 633 270 282 476 610 637 4050 690 686 374 718 720 780 474 672 724 176 730
                  692 756 733 372 586 427 276 742 170 741 579 625 32 178 4045 376 764 734 766
                  33 294 738 180 743 26 23 392 470 151 665 17 261 286 664 190 295 685 194 290
                  394 675 422 196 746 66 783 576 284 44 34 652 18 678 770 390 587 24 568 80 688
                  648 726 748 490 585 626 588
      PCT_LATI    618 745 530 615 539 768 358 763 514 362 655 537 540 516 570 628 4075 752 512
                  543 27 29 36 750 650 324 640 630 22 310 638 334 728 740 244 636 246 339 264
                  314 322 642 632 326 635 658 156 332 410 318 132 612 124 420 662 266 260 670
                  418 37 432 538 248 573 761 759 4080 456 584 4055 749 762 684 760 256 613 14
                  782 660 4090 330 571 240 35 682 130 321 274 280 112 320 16 412 128 611 646 732
                  680 21 242 710 668 254 616 622 110 696 252 722 681 4040 350 312 352 250 327
                  776 20 721 736 578 620 10 712 673 623 28 11 581 575 669 292 634 779 621 271
                  775 633 270 282 476 610 637 4050 690 686 374 718 720 780 474 672 724 176 730
                  692 756 733 372 586 427 276 742 170 741 579 625 32 178 4045 376 764 734 766
                  33 294 738 180 743 26 23 392 470 151 665 17 261 286 664 190 295 685 194 290
                  394 675 422 196 746 66 783 576 284 44 34 652 18 678 770 390 587 24 568 80 688
                  648 726 748 490 585 626 588
      PCT_SPED    618 745 530 615 539 768 358 763 514 362 655 537 540 516 570 628 4075 752 512
                  543 27 29 36 750 650 324 640 630 22 310 638 334 728 740 244 636 246 339 264
                  314 322 642 632 326 635 658 156 332 410 318 132 612 124 420 662 266 260 670
                  418 37 432 538 248 573 761 759 4080 456 584 4055 749 762 684 760 256 613 14
                  782 660 4090 330 571 240 35 682 130 321 274 280 112 320 16 412 128 611 646 732
                  680 21 242 710 668 254 616 622 110 696 252 722 681 4040 350 312 352 250 327
                  776 20 721 736 578 620 10 712 673 623 28 11 581 575 669 292 634 779 621 271
                  775 633 270 282 476 610 637 4050 690 686 374 718 720 780 474 672 724 176 730
                  692 756 733 372 586 427 276 742 170 741 579 625 32 178 4045 376 764 734 766
                  33 294 738 180 743 26 23 392 470 151 665 17 261 286 664 190 295 685 194 290
                  394 675 422 196 746 66 783 576 284 44 34 652 18 678 770 390 587 24 568 80 688
                  648 726 748 490 585 626 588
      PCT_LOW_    618 745 530 615 539 768 358 763 514 362 655 537 540 516 570 628 4075 752 512
                  543 27 29 36 750 650 324 640 630 22 310 638 334 728 740 244 636 246 339 264
                  314 322 642 632 326 635 658 156 332 410 318 132 612 124 420 662 266 260 670
                  418 37 432 538 248 573 761 759 4080 456 584 4055 749 762 684 760 256 613 14
                  782 660 4090 330 571 240 35 682 130 321 274 280 112 320 16 412 128 611 646 732
                  680 21 242 710 668 254 616 622 110 696 252 722 681 4040 350 312 352 250 327
                  776 20 721 736 578 620 10 712 673 623 28 11 581 575 669 292 634 779 621 271
                  775 633 270 282 476 610 637 4050 690 686 374 718 720 780 474 672 724 176 730
                  692 756 733 372 586 427 276 742 170 741 579 625 32 178 4045 376 764 734 766
                  33 294 738 180 743 26 23 392 470 151 665 17 261 286 664 190 295 685 194 290
                  394 675 422 196 746 66 783 576 284 44 34 652 18 678 770 390 587 24 568 80 688
                  648 726 748 490 585 626 588
      PCT_LEP_    618 745 530 615 539 768 358 763 514 362 655 537 540 516 570 628 4075 752 512
                  543 27 29 36 750 650 324 640 630 22 310 638 334 728 740 244 636 246 339 264
                  314 322 642 632 326 635 658 156 332 410 318 132 612 124 420 662 266 260 670
                  418 37 432 538 248 573 761 759 4080 456 584 4055 749 762 684 760 256 613 14
                  782 660 4090 330 571 240 35 682 130 321 274 280 112 320 16 412 128 611 646 732
                  680 21 242 710 668 254 616 622 110 696 252 722 681 4040 350 312 352 250 327
                  776 20 721 736 578 620 10 712 673 623 28 11 581 575 669 292 634 779 621 271
                  775 633 270 282 476 610 637 4050 690 686 374 718 720 780 474 672 724 176 730
                  692 756 733 372 586 427 276 742 170 741 579 625 32 178 4045 376 764 734 766
                  33 294 738 180 743 26 23 392 470 151 665 17 261 286 664 190 295 685 194 290
                  394 675 422 196 746 66 783 576 284 44 34 652 18 678 770 390 587 24 568 80 688
                  648 726 748 490 585 626 588
      RS_AAF0     745
      RS_AAF1     745
      RS_AAM0     618 745 530
      RS_AAM1     618 745 763 628 612 749
      RS_AIF0     618 745 530 615 539 768 358 763 514 362 655 540 570 628 4075 752 512 543 27
                  29 750 324 640 310 334 728 740 244 339 264 322 642 632 326 635 658 156 332 410
                  420 266 670 432 248 761 759 456 584 4055 749 762 684 760 613 14 660 4090 330
                  571 240 35 130 280 320 128 611 646 732 680 21 242 710 254 616 622 110 252 722
                  681 4040 350 352 250 327 776 736 578 620 10 712 28 581 575 779 271 775 282 637
                  686 374 780 474 672 176 692 372 427 276 742 170 579 32 178 376 764 392 261 394
                  675 284 678 390 568
      RS_AIF1     618 745 530 615 539 768 358 763 514 362 655 537 540 516 628 752 512 543 27 29
                  36 750 650 324 640 630 22 310 334 728 636 246 339 264 314 642 632 658 156 332
                  410 318 132 612 124 420 662 266 260 670 418 37 538 248 573 759 4080 456 584
                  4055 684 256 613 782 660 4090 330 571 240 35 682 130 274 16 128 611 680 21 242
                  710 668 254 616 622 696 252 722 681 350 312 250 327 776 20 721 736 620 10 712
                  28 11 669 292 634 779 621 271 633 270 282 476 637 690 686 374 718 720 176 730
                  692 756 733 372 586 427 276 742 170 579 32 178 4045 376 764 766 33 180 23 392
                  151 17 261 664 295 290 394 675 422 196 576 284 44 34 652 18 587 24 568 688 626
                  588
      RS_AIM0     618 745 530 615 539 768 358 763 514 362 537 540 570 628 752 512 543 27 29 36
                  750 650 324 640 22 310 638 334 728 740 244 339 264 314 322 642 326 156 332 410
                  318 612 124 420 662 260 670 418 37 248 573 761 456 749 762 684 256 14 660 330
                  571 240 682 130 274 280 320 412 128 732 21 242 710 668 254 616 622 696 252 722
                  681 350 352 776 578 620 712 623 581 575 292 634 779 621 271 775 270 282 476
                  610 4050 374 780 474 672 176 372 427 742 170 625 4045 764 734 738 261 290 422
                  746 18 568 585
      RS_AIM1     618 745 530 615 539 768 358 514 362 655 537 540 516 570 628 4075 512 543 27
                  29 36 750 650 324 640 630 22 334 728 740 244 636 246 339 264 314 322 326 658
                  156 332 410 318 132 612 124 662 266 260 670 418 37 432 538 248 573 761 759 4080
                  456 584 4055 749 762 684 760 256 613 14 782 660 4090 330 571 240 682 321 112
                  16 128 611 646 732 680 21 242 710 668 616 622 696 252 722 681 312 250 776 20
                  721 736 578 620 712 673 623 11 575 669 779 621 775 270 282 610 4050 686 718
                  720 780 474 672 724 730 692 733 586 427 742 170 32 4045 376 734 766 738 180
                  743 26 23 665 17 261 286 664 295 685 394 675 422 746 66 284 652 678 587 24 588
      RS_ASF0     618 745 530 615 539 768 358 763 362 655 537 570 4075 752 543 750 244 410 266
                  456 782 571 274 352 581 575 692 4045
      RS_ASF1     618 745 530 615 539 768 358 763 514 362 655 537 540 570 628 4075 752 543 36
                  750 650 324 640 630 22 638 728 740 244 636 246 339 264 322 642 632 635 658 156
                  410 420 662 266 260 418 37 432 573 761 759 584 749 684 14 782 660 4090 240 35
                  280 16 646 732 680 242 710 254 616 622 696 252 722 681 4040 350 352 250 327
                  721 736 578 620 712 673 623 11 581 575 292 779 621 271 633 270 282 476 610 690
                  686 720 672 724 730 692 733 586 427 276 742 741 579 4045 734 766 33 738 743
                  665 286 685 675 746 576 284 568 726 748
      RS_ASM0     745 530 615 539 768 358 655 537 570 628 4075 752 543 244 246 266 670 432 248
                  761 4080 456 584 782 571 240 4040 776 581 575 672 692 579 4045
      RS_ASM1     618 745 530 615 539 768 358 763 514 362 655 537 540 516 570 628 4075 752 512
                  543 27 29 36 750 650 324 640 630 22 638 334 728 740 244 636 246 264 642 632
                  658 156 410 662 266 670 418 37 432 573 761 4080 456 584 749 762 760 14 660 4090
                  682 274 412 611 646 732 680 242 710 668 696 252 722 681 4040 350 352 250 327
                  776 721 736 10 712 11 581 575 292 634 271 775 633 282 476 637 690 718 720 780
                  474 672 724 176 730 692 756 733 372 586 742 741 579 4045 734 766 294 738 743
                  665 261 286 190 685 675 746 66 783 576 652 18 80 490 626
      RS_HWF0     618 745 530 615 539 768 358 763 514 362 655 537 540 516 570 4075 752 512 543
                  27 29 36 750 650 324 640 630 22 310 638 728 740 244 339 264 314 322 642 632
                  326 658 156 332 410 318 132 124 662 266 260 670 418 37 538 248 573 761 759 4080
                  456 584 749 762 760 256 613 782 660 4090 240 35 682 130 321 274 280 112 16 412
                  128 611 646 732 680 242 668 254 616 622 110 252 722 681 350 312 352 250 327
                  776 20 721 736 578 620 10 712 673 623 28 11 581 575 669 292 634 775 270 282
                  476 610 637 4050 690 686 374 720 780 474 672 724 176 692 733 372 586 742 170
                  741 625 32 178 4045 376 734 766 294 738 180 743 23 392 470 665 17 286 664 190
                  685 194 290 675 196 783 284 678 587 80 726 748 585 588
      RS_HWF1     618 745 530 615 539 768 358 763 514 362 655 537 540 516 570 628 4075 752 512
                  543 27 29 36 750 650 324 640 630 22 310 638 334 728 740 244 636 246 339 264
                  314 322 642 632 326 658 156 332 318 132 612 420 662 266 260 670 418 37 432 538
                  248 573 761 759 4080 456 584 4055 749 762 684 760 256 613 14 782 660 4090 330
                  571 240 35 682 130 321 274 280 112 320 16 412 611 646 732 680 21 242 710 668
                  254 616 622 110 696 722 681 350 312 352 250 327 776 20 721 736 578 620 10 712
                  673 623 28 11 581 669 292 634 779 621 271 775 270 282 476 610 637 4050 690 686
                  718 720 780 474 672 724 176 730 692 733 372 586 427 276 742 170 741 579 625
                  32 178 4045 376 764 734 766 33 294 738 180 743 26 23 392 470 151 665 261 286
                  664 190 295 685 290 394 422 196 66 783 576 284 44 34 652 18 678 770 587 568
                  80 688 726 490 585 588
      RS_HWM0     618 745 530 615 539 768 358 763 514 362 655 537 540 516 570 628 4075 752 543
                  27 29 36 750 650 324 640 630 22 310 638 334 728 740 244 636 246 339 264 322
                  642 632 326 635 658 156 332 410 132 124 420 662 266 260 670 418 37 538 248 573
                  761 759 4080 456 584 749 762 684 760 256 613 14 660 4090 240 682 321 280 112
                  320 16 412 128 611 646 732 680 242 668 254 622 110 696 252 722 4040 350 312
                  352 250 776 20 736 578 620 10 712 11 581 575 669 292 634 621 271 775 270 282
                  476 637 4050 690 686 720 474 672 724 730 692 733 586 427 276 742 741 579 4045
                  376 764 734 766 33 294 743 26 470 151 665 261 286 664 190 295 685 290 394 422
                  746 576 284 44 18 678 770 24 568 80 748 588
      RS_HWM1     618 745 530 615 539 768 358 763 514 362 655 537 540 516 570 628 4075 752 512
                  543 27 29 36 750 650 324 640 630 22 310 638 334 728 740 244 246 339 264 314
                  322 642 632 326 635 658 156 332 410 318 132 612 124 662 266 260 670 418 37 538
                  248 573 761 759 4080 456 584 4055 749 762 684 760 613 14 782 660 4090 330 571
                  240 35 682 130 321 274 280 320 16 128 611 646 732 680 21 242 710 668 254 616
                  622 110 696 722 681 4040 350 312 352 250 327 776 20 721 620 10 712 673 623 28
                  11 581 575 669 292 634 779 621 775 633 270 282 476 610 637 4050 690 686 374
                  718 720 780 474 672 724 176 730 692 756 733 372 586 427 276 742 170 579 625
                  32 178 4045 734 766 33 294 738 180 743 26 23 392 470 151 665 17 286 664 190
                  295 685 194 290 394 675 422 196 746 66 783 576 284 44 34 652 678 770 587 24
                  568 688 726 748 490 585 626 588
      RS_HLF0     618 530 615 539 570 575
      RS_HLF1     618 745 530 615 539 763 514 655 628 4075 29 612 124
      RS_HLM0     618 745 655 575
      RS_HLM1     618 530 539 768 628 27 29 4090 4050
      RS_MRF0     618 745 530 615 539 358 763 514 4075 244 248
      RS_MRF1     618 745 615 539 358 763 514 655 540 628 4075 512 27 630 728 246 612 37 571 35
                  736 271 579 295 284
      RS_MRM0     618 745 530 539 516 246 248 571
      RS_MRM1     618 745 615 539 358 362 655 516 628 4075 29 612 248 4080 571 578
      RS_WF1      618 615 539 358 537 628 4075
      RS_WM0      618 358
      RS_WM1      745 530 358 628

   8 WARNING(S) FOUND IN THE INPUT INSTRUCTIONS



Bayesian Multi-Level Modeling - is_sped on regses categories With Level 2 Variables
Nesting by Schoolt (Refrences: White Females Resources, White)

SUMMARY OF ANALYSIS

Number of groups                                                 1
Number of observations                                      139601

Number of dependent variables                                    1
Number of independent variables                                 32
Number of continuous latent variables                            0

Observed dependent variables

  Binary and ordered categorical (ordinal)
   IS_SPED

Observed independent variables
   PCT_BLAC    PCT_LATI    PCT_SPED    PCT_LOW_    PCT_LEP_    RS_AAF0
   RS_AAF1     RS_AAM0     RS_AAM1     RS_AIF0     RS_AIF1     RS_AIM0
   RS_AIM1     RS_ASF0     RS_ASF1     RS_ASM0     RS_ASM1     RS_HWF0
   RS_HWF1     RS_HWM0     RS_HWM1     RS_HLF0     RS_HLF1     RS_HLM0
   RS_HLM1     RS_MRF0     RS_MRF1     RS_MRM0     RS_MRM1     RS_WF1
   RS_WM0      RS_WM1

Variables with special functions

  Cluster variable      SCHL

  Within variables
   RS_AAF0     RS_AAF1     RS_AAM0     RS_AAM1     RS_AIF0     RS_AIF1
   RS_AIM0     RS_AIM1     RS_ASF0     RS_ASF1     RS_ASM0     RS_ASM1
   RS_HWF0     RS_HWF1     RS_HWM0     RS_HWM1     RS_HLF0     RS_HLF1
   RS_HLM0     RS_HLM1     RS_MRF0     RS_MRF1     RS_MRM0     RS_MRM1
   RS_WF1      RS_WM0      RS_WM1


Estimator                                                    BAYES
Specifications for Bayesian Estimation
  Point estimate                                            MEDIAN
  Number of Markov chain Monte Carlo (MCMC) chains               2
  Random seed for the first chain                                0
  Starting value information                           UNPERTURBED
  Algorithm used for Markov chain Monte Carlo           GIBBS(PX1)
  Convergence criterion                                  0.500D-01
  Maximum number of iterations                               50000
  K-th iteration used for thinning                               1
Link                                                        PROBIT

Input data file(s)
  S:\Ibrahim\UConn Spencer Project Analysis Delaware Data\K-12_24.txt
Input data format  FREE


SUMMARY OF DATA

     Number of clusters                        222

       Size (s)    Cluster ID with Size s

          5        618
          9        745
         18        530
         26        615
         42        539
         61        768
         62        358
         63        763
         84        514
         85        362
         86        655
         91        537
        101        540
        120        516
        122        570
        132        628
        145        4075
        172        752
        183        512
        191        543
        192        27
        201        29
        211        36
        232        750
        239        650
        251        324
        257        640
        259        630
        268        22
        272        310
        273        638
        275        334
        294        728
        301        740
        303        244
        315        636
        316        246
        322        339
        324        264
        327        314
        328        322
        329        642
        338        632
        339        326
        340        635 658
        343        156
        346        332
        356        410
        357        318
        358        132
        362        612
        366        124
        368        420
        371        662
        374        266
        375        260
        379        670
        384        418
        387        37
        388        432
        392        538
        394        248
        403        573
        405        761
        408        759
        411        4080
        415        456 584
        416        4055
        419        749
        426        762 684
        427        760
        431        256
        434        613 14
        437        782
        439        660 4090
        442        330
        446        571
        452        240
        454        35
        457        682
        460        130
        461        321
        467        274
        472        280
        476        112
        477        320
        478        16
        479        412 128 611
        481        646
        482        732
        488        680
        490        21
        493        242
        497        710
        503        668
        509        254
        512        616 622
        514        110
        519        696
        528        252 722
        529        681
        533        4040
        535        350 312
        545        352
        547        250
        548        327
        557        776
        559        20
        565        721
        566        736
        567        578
        568        620
        570        10 712
        572        673
        574        623
        577        28
        596        11
        599        581
        601        575
        602        669
        605        292
        606        634
        607        779
        615        621 271 775 633
        617        270
        619        282
        625        476
        633        610
        638        637
        643        4050
        656        690
        664        686
        678        374
        681        718
        682        720
        687        780
        688        474
        689        672
        705        724
        710        176
        714        730
        723        692
        724        756
        732        733
        734        372
        741        586
        743        427
        747        276
        749        742 170
        756        741
        764        579
        786        625
        788        32
        800        178
        805        4045
        807        376
        812        764
        817        734
        833        766
        854        33
        870        294
        875        738
        880        180
        886        743
        902        26
        903        23
        907        392
        908        470
        913        151
        918        665
        927        17
        932        261
        934        286
        939        664
        941        190
        971        295
       1009        685
       1015        194
       1032        290
       1055        394
       1058        675
       1063        422
       1074        196
       1092        746
       1094        66
       1134        783
       1158        576
       1163        284
       1188        44
       1190        34
       1225        652
       1235        18
       1315        678
       1323        770
       1340        390
       1396        587
       1399        24
       1444        568
       1598        80
       1790        688
       1867        648
       1918        726
       2012        748
       2077        490
       2192        585
       2242        626
       3047        588



COVARIANCE COVERAGE OF DATA

Minimum covariance coverage value   0.100

     Number of missing data patterns             1


     PROPORTION OF DATA PRESENT


           Covariance Coverage
              IS_SPED       PCT_BLAC      PCT_LATI      PCT_SPED      PCT_LOW_
              ________      ________      ________      ________      ________
 IS_SPED        1.000
 PCT_BLAC       1.000         1.000
 PCT_LATI       1.000         1.000         1.000
 PCT_SPED       1.000         1.000         1.000         1.000
 PCT_LOW_       1.000         1.000         1.000         1.000         1.000
 PCT_LEP_       1.000         1.000         1.000         1.000         1.000
 RS_AAF0        1.000         1.000         1.000         1.000         1.000
 RS_AAF1        1.000         1.000         1.000         1.000         1.000
 RS_AAM0        1.000         1.000         1.000         1.000         1.000
 RS_AAM1        1.000         1.000         1.000         1.000         1.000
 RS_AIF0        1.000         1.000         1.000         1.000         1.000
 RS_AIF1        1.000         1.000         1.000         1.000         1.000
 RS_AIM0        1.000         1.000         1.000         1.000         1.000
 RS_AIM1        1.000         1.000         1.000         1.000         1.000
 RS_ASF0        1.000         1.000         1.000         1.000         1.000
 RS_ASF1        1.000         1.000         1.000         1.000         1.000
 RS_ASM0        1.000         1.000         1.000         1.000         1.000
 RS_ASM1        1.000         1.000         1.000         1.000         1.000
 RS_HWF0        1.000         1.000         1.000         1.000         1.000
 RS_HWF1        1.000         1.000         1.000         1.000         1.000
 RS_HWM0        1.000         1.000         1.000         1.000         1.000
 RS_HWM1        1.000         1.000         1.000         1.000         1.000
 RS_HLF0        1.000         1.000         1.000         1.000         1.000
 RS_HLF1        1.000         1.000         1.000         1.000         1.000
 RS_HLM0        1.000         1.000         1.000         1.000         1.000
 RS_HLM1        1.000         1.000         1.000         1.000         1.000
 RS_MRF0        1.000         1.000         1.000         1.000         1.000
 RS_MRF1        1.000         1.000         1.000         1.000         1.000
 RS_MRM0        1.000         1.000         1.000         1.000         1.000
 RS_MRM1        1.000         1.000         1.000         1.000         1.000
 RS_WF1         1.000         1.000         1.000         1.000         1.000
 RS_WM0         1.000         1.000         1.000         1.000         1.000
 RS_WM1         1.000         1.000         1.000         1.000         1.000


           Covariance Coverage
              PCT_LEP_      RS_AAF0       RS_AAF1       RS_AAM0       RS_AAM1
              ________      ________      ________      ________      ________
 PCT_LEP_       1.000
 RS_AAF0        1.000         1.000
 RS_AAF1        1.000         1.000         1.000
 RS_AAM0        1.000         1.000         1.000         1.000
 RS_AAM1        1.000         1.000         1.000         1.000         1.000
 RS_AIF0        1.000         1.000         1.000         1.000         1.000
 RS_AIF1        1.000         1.000         1.000         1.000         1.000
 RS_AIM0        1.000         1.000         1.000         1.000         1.000
 RS_AIM1        1.000         1.000         1.000         1.000         1.000
 RS_ASF0        1.000         1.000         1.000         1.000         1.000
 RS_ASF1        1.000         1.000         1.000         1.000         1.000
 RS_ASM0        1.000         1.000         1.000         1.000         1.000
 RS_ASM1        1.000         1.000         1.000         1.000         1.000
 RS_HWF0        1.000         1.000         1.000         1.000         1.000
 RS_HWF1        1.000         1.000         1.000         1.000         1.000
 RS_HWM0        1.000         1.000         1.000         1.000         1.000
 RS_HWM1        1.000         1.000         1.000         1.000         1.000
 RS_HLF0        1.000         1.000         1.000         1.000         1.000
 RS_HLF1        1.000         1.000         1.000         1.000         1.000
 RS_HLM0        1.000         1.000         1.000         1.000         1.000
 RS_HLM1        1.000         1.000         1.000         1.000         1.000
 RS_MRF0        1.000         1.000         1.000         1.000         1.000
 RS_MRF1        1.000         1.000         1.000         1.000         1.000
 RS_MRM0        1.000         1.000         1.000         1.000         1.000
 RS_MRM1        1.000         1.000         1.000         1.000         1.000
 RS_WF1         1.000         1.000         1.000         1.000         1.000
 RS_WM0         1.000         1.000         1.000         1.000         1.000
 RS_WM1         1.000         1.000         1.000         1.000         1.000


           Covariance Coverage
              RS_AIF0       RS_AIF1       RS_AIM0       RS_AIM1       RS_ASF0
              ________      ________      ________      ________      ________
 RS_AIF0        1.000
 RS_AIF1        1.000         1.000
 RS_AIM0        1.000         1.000         1.000
 RS_AIM1        1.000         1.000         1.000         1.000
 RS_ASF0        1.000         1.000         1.000         1.000         1.000
 RS_ASF1        1.000         1.000         1.000         1.000         1.000
 RS_ASM0        1.000         1.000         1.000         1.000         1.000
 RS_ASM1        1.000         1.000         1.000         1.000         1.000
 RS_HWF0        1.000         1.000         1.000         1.000         1.000
 RS_HWF1        1.000         1.000         1.000         1.000         1.000
 RS_HWM0        1.000         1.000         1.000         1.000         1.000
 RS_HWM1        1.000         1.000         1.000         1.000         1.000
 RS_HLF0        1.000         1.000         1.000         1.000         1.000
 RS_HLF1        1.000         1.000         1.000         1.000         1.000
 RS_HLM0        1.000         1.000         1.000         1.000         1.000
 RS_HLM1        1.000         1.000         1.000         1.000         1.000
 RS_MRF0        1.000         1.000         1.000         1.000         1.000
 RS_MRF1        1.000         1.000         1.000         1.000         1.000
 RS_MRM0        1.000         1.000         1.000         1.000         1.000
 RS_MRM1        1.000         1.000         1.000         1.000         1.000
 RS_WF1         1.000         1.000         1.000         1.000         1.000
 RS_WM0         1.000         1.000         1.000         1.000         1.000
 RS_WM1         1.000         1.000         1.000         1.000         1.000


           Covariance Coverage
              RS_ASF1       RS_ASM0       RS_ASM1       RS_HWF0       RS_HWF1
              ________      ________      ________      ________      ________
 RS_ASF1        1.000
 RS_ASM0        1.000         1.000
 RS_ASM1        1.000         1.000         1.000
 RS_HWF0        1.000         1.000         1.000         1.000
 RS_HWF1        1.000         1.000         1.000         1.000         1.000
 RS_HWM0        1.000         1.000         1.000         1.000         1.000
 RS_HWM1        1.000         1.000         1.000         1.000         1.000
 RS_HLF0        1.000         1.000         1.000         1.000         1.000
 RS_HLF1        1.000         1.000         1.000         1.000         1.000
 RS_HLM0        1.000         1.000         1.000         1.000         1.000
 RS_HLM1        1.000         1.000         1.000         1.000         1.000
 RS_MRF0        1.000         1.000         1.000         1.000         1.000
 RS_MRF1        1.000         1.000         1.000         1.000         1.000
 RS_MRM0        1.000         1.000         1.000         1.000         1.000
 RS_MRM1        1.000         1.000         1.000         1.000         1.000
 RS_WF1         1.000         1.000         1.000         1.000         1.000
 RS_WM0         1.000         1.000         1.000         1.000         1.000
 RS_WM1         1.000         1.000         1.000         1.000         1.000


           Covariance Coverage
              RS_HWM0       RS_HWM1       RS_HLF0       RS_HLF1       RS_HLM0
              ________      ________      ________      ________      ________
 RS_HWM0        1.000
 RS_HWM1        1.000         1.000
 RS_HLF0        1.000         1.000         1.000
 RS_HLF1        1.000         1.000         1.000         1.000
 RS_HLM0        1.000         1.000         1.000         1.000         1.000
 RS_HLM1        1.000         1.000         1.000         1.000         1.000
 RS_MRF0        1.000         1.000         1.000         1.000         1.000
 RS_MRF1        1.000         1.000         1.000         1.000         1.000
 RS_MRM0        1.000         1.000         1.000         1.000         1.000
 RS_MRM1        1.000         1.000         1.000         1.000         1.000
 RS_WF1         1.000         1.000         1.000         1.000         1.000
 RS_WM0         1.000         1.000         1.000         1.000         1.000
 RS_WM1         1.000         1.000         1.000         1.000         1.000


           Covariance Coverage
              RS_HLM1       RS_MRF0       RS_MRF1       RS_MRM0       RS_MRM1
              ________      ________      ________      ________      ________
 RS_HLM1        1.000
 RS_MRF0        1.000         1.000
 RS_MRF1        1.000         1.000         1.000
 RS_MRM0        1.000         1.000         1.000         1.000
 RS_MRM1        1.000         1.000         1.000         1.000         1.000
 RS_WF1         1.000         1.000         1.000         1.000         1.000
 RS_WM0         1.000         1.000         1.000         1.000         1.000
 RS_WM1         1.000         1.000         1.000         1.000         1.000


           Covariance Coverage
              RS_WF1        RS_WM0        RS_WM1
              ________      ________      ________
 RS_WF1         1.000
 RS_WM0         1.000         1.000
 RS_WM1         1.000         1.000         1.000


UNIVARIATE PROPORTIONS AND COUNTS FOR CATEGORICAL VARIABLES

    IS_SPED
      Category 1    0.829       115683.000
      Category 2    0.171        23918.000



UNIVARIATE SAMPLE STATISTICS


     UNIVARIATE HIGHER-ORDER MOMENT DESCRIPTIVE STATISTICS

         Variable/         Mean/     Skewness/   Minimum/ % with                Percentiles
        Sample Size      Variance    Kurtosis    Maximum  Min/Max      20%/60%    40%/80%    Median

     PCT_BLACK_C          -2.350       1.115     -33.106    0.01%     -18.633     -7.586     -3.939
          139601.000     323.348       1.764      63.566    0.43%      -0.226     10.618
     PCT_LATINE_C          0.578       1.827     -19.062    0.00%     -10.583     -7.021     -4.036
          139601.000     221.227       3.785      66.404    0.58%      -0.345      7.904
     PCT_SPED_C           -5.720       5.395     -21.497    0.70%     -11.061     -8.701     -7.633
          139601.000     143.312      34.398      77.473    1.43%      -6.516     -2.778
     PCT_LOW_SES_C        -3.526       0.723     -29.306    0.09%     -15.437     -8.903     -3.779
          139601.000     182.567       0.786      45.385    0.43%      -0.648      6.576
     PCT_LEP_C            -0.057       1.903     -12.077    0.43%      -8.941     -6.209     -3.506
          139601.000     127.985       4.781      57.494    0.52%      -1.363      6.624
     RS_AAF0               0.086       2.946       0.000   91.37%       0.000      0.000      0.000
          139601.000       0.079       6.678       1.000    8.63%       0.000      0.000
     RS_AAF1               0.064       3.555       0.000   93.58%       0.000      0.000      0.000
          139601.000       0.060      10.640       1.000    6.42%       0.000      0.000
     RS_AAM0               0.091       2.840       0.000   90.88%       0.000      0.000      0.000
          139601.000       0.083       6.064       1.000    9.12%       0.000      0.000
     RS_AAM1               0.066       3.503       0.000   93.42%       0.000      0.000      0.000
          139601.000       0.061      10.269       1.000    6.58%       0.000      0.000
     RS_AIF0               0.001      26.839       0.000   99.86%       0.000      0.000      0.000
          139601.000       0.001     718.323       1.000    0.14%       0.000      0.000
     RS_AIF1               0.001      40.975       0.000   99.94%       0.000      0.000      0.000
          139601.000       0.001    1676.940       1.000    0.06%       0.000      0.000
     RS_AIM0               0.001      26.429       0.000   99.86%       0.000      0.000      0.000
          139601.000       0.001     696.514       1.000    0.14%       0.000      0.000
     RS_AIM1               0.001      41.479       0.000   99.94%       0.000      0.000      0.000
          139601.000       0.001    1718.470       1.000    0.06%       0.000      0.000
     RS_ASF0               0.019       6.969       0.000   98.06%       0.000      0.000      0.000
          139601.000       0.019      46.571       1.000    1.94%       0.000      0.000
     RS_ASF1               0.002      24.630       0.000   99.84%       0.000      0.000      0.000
          139601.000       0.002     604.613       1.000    0.16%       0.000      0.000
     RS_ASM0               0.022       6.589       0.000   97.84%       0.000      0.000      0.000
          139601.000       0.021      41.417       1.000    2.16%       0.000      0.000
     RS_ASM1               0.002      24.157       0.000   99.83%       0.000      0.000      0.000
          139601.000       0.002     581.561       1.000    0.17%       0.000      0.000
     RS_HWF0               0.000      45.276       0.000   99.95%       0.000      0.000      0.000
          139601.000       0.000    2047.956       1.000    0.05%       0.000      0.000
     RS_HWF1               0.000      73.255       0.000   99.98%       0.000      0.000      0.000
          139601.000       0.000    5364.269       1.000    0.02%       0.000      0.000
     RS_HWM0               0.001      44.624       0.000   99.95%       0.000      0.000      0.000
          139601.000       0.001    1989.301       1.000    0.05%       0.000      0.000
     RS_HWM1               0.000      83.529       0.000   99.99%       0.000      0.000      0.000
          139601.000       0.000    6975.050       1.000    0.01%       0.000      0.000
     RS_HLF0               0.069       3.389       0.000   93.06%       0.000      0.000      0.000
          139601.000       0.065       9.486       1.000    6.94%       0.000      0.000
     RS_HLF1               0.028       5.708       0.000   97.19%       0.000      0.000      0.000
          139601.000       0.027      30.578       1.000    2.81%       0.000      0.000
     RS_HLM0               0.071       3.340       0.000   92.90%       0.000      0.000      0.000
          139601.000       0.066       9.158       1.000    7.10%       0.000      0.000
     RS_HLM1               0.028       5.737       0.000   97.21%       0.000      0.000      0.000
          139601.000       0.027      30.916       1.000    2.79%       0.000      0.000
     RS_MRF0               0.018       7.314       0.000   98.23%       0.000      0.000      0.000
          139601.000       0.017      51.491       1.000    1.77%       0.000      0.000
     RS_MRF1               0.010      10.032       0.000   99.04%       0.000      0.000      0.000
          139601.000       0.010      98.648       1.000    0.96%       0.000      0.000
     RS_MRM0               0.018       7.217       0.000   98.18%       0.000      0.000      0.000
          139601.000       0.018      50.088       1.000    1.82%       0.000      0.000
     RS_MRM1               0.009      10.303       0.000   99.08%       0.000      0.000      0.000
          139601.000       0.009     104.158       1.000    0.92%       0.000      0.000
     RS_WF1                0.030       5.473       0.000   96.96%       0.000      0.000      0.000
          139601.000       0.029      27.948       1.000    3.04%       0.000      0.000
     RS_WM0                0.170       1.758       0.000   83.01%       0.000      0.000      0.000
          139601.000       0.141       1.091       1.000   16.99%       0.000      0.000
     RS_WM1                0.033       5.237       0.000   96.71%       0.000      0.000      0.000
          139601.000       0.032      25.422       1.000    3.29%       0.000      0.000


THE MODEL ESTIMATION TERMINATED NORMALLY

     USE THE FBITERATIONS OPTION TO INCREASE THE NUMBER OF ITERATIONS BY A FACTOR
     OF AT LEAST TWO TO CHECK CONVERGENCE AND THAT THE PSR VALUE DOES NOT INCREASE.



MODEL FIT INFORMATION

Number of Free Parameters                              69

Bayesian Posterior Predictive Checking using Chi-Square

          95% Confidence Interval for the Difference Between
          the Observed and the Replicated Chi-Square Values

                             595191.217        672621.068

          Posterior Predictive P-Value              0.000



MODEL RESULTS

                                Posterior  One-Tailed         95% C.I.
                    Estimate       S.D.      P-Value   Lower 2.5%  Upper 2.5%  Significance

Within Level

 IS_SPED    ON
    RS_AAF0            0.092       0.019      0.000       0.056       0.129      *
    RS_AAF1            0.279       0.020      0.000       0.239       0.317      *
    RS_AAM0            0.454       0.017      0.000       0.420       0.487      *
    RS_AAM1            0.630       0.019      0.000       0.594       0.667      *
    RS_AIF0            0.038       0.120      0.376      -0.209       0.264
    RS_AIF1            0.218       0.169      0.104      -0.128       0.541
    RS_AIM0            0.402       0.102      0.000       0.201       0.598      *
    RS_AIM1            0.535       0.153      0.001       0.235       0.835      *
    RS_ASF0           -0.544       0.048      0.000      -0.637      -0.451      *
    RS_ASF1           -0.400       0.137      0.001      -0.676      -0.141      *
    RS_ASM0           -0.087       0.035      0.006      -0.158      -0.019      *
    RS_ASM1            0.112       0.104      0.139      -0.098       0.311
    RS_HWF0            0.308       0.181      0.050      -0.060       0.656
    RS_HWF1           -0.592       0.492      0.084      -1.698       0.214
    RS_HWM0            0.063       0.196      0.374      -0.334       0.437
    RS_HWM1            0.410       0.331      0.115      -0.271       1.028
    RS_HLF0           -0.057       0.021      0.003      -0.097      -0.015      *
    RS_HLF1            0.165       0.028      0.000       0.112       0.219      *
    RS_HLM0            0.252       0.019      0.000       0.213       0.289      *
    RS_HLM1            0.514       0.025      0.000       0.465       0.564      *
    RS_MRF0           -0.028       0.036      0.224      -0.100       0.042
    RS_MRF1            0.195       0.043      0.000       0.111       0.279      *
    RS_MRM0            0.318       0.032      0.000       0.255       0.380      *
    RS_MRM1            0.651       0.039      0.000       0.572       0.725      *
    RS_WF1             0.396       0.025      0.000       0.347       0.444      *
    RS_WM0             0.319       0.015      0.000       0.291       0.348      *
    RS_WM1             0.693       0.023      0.000       0.650       0.738      *

 PCT_LATI WITH
    PCT_BLACK_         0.000       0.000      0.497       0.000       0.000

 PCT_SPED WITH
    PCT_BLACK_         0.000       0.000      0.497       0.000       0.000
    PCT_LATINE         0.000       0.000      0.500       0.000       0.000

 PCT_LOW_ WITH
    PCT_BLACK_         0.000       0.000      0.494       0.000       0.000
    PCT_LATINE         0.000       0.000      0.496       0.000       0.000
    PCT_SPED_C         0.000       0.000      0.498       0.000       0.000

 PCT_LEP_ WITH
    PCT_BLACK_         0.000       0.000      0.500       0.000       0.000
    PCT_LATINE         0.000       0.000      0.496       0.000       0.000
    PCT_SPED_C         0.000       0.000      0.500       0.000       0.000
    PCT_LOW_SE         0.000       0.000      0.493       0.000       0.000

 Variances
    PCT_BLACK_         0.000       0.000      0.000       0.000       0.000      *
    PCT_LATINE         0.000       0.000      0.000       0.000       0.000      *
    PCT_SPED_C         0.000       0.000      0.000       0.000       0.000      *
    PCT_LOW_SE         0.000       0.000      0.000       0.000       0.000      *
    PCT_LEP_C          0.000       0.000      0.000       0.000       0.000      *

Between Level

 IS_SPED    ON
    PCT_BLACK_        -0.003       0.002      0.058      -0.007       0.001
    PCT_LATINE         0.002       0.003      0.288      -0.005       0.009
    PCT_SPED_C         0.009       0.001      0.000       0.007       0.011      *
    PCT_LOW_SE         0.005       0.003      0.035       0.000       0.010
    PCT_LEP_C         -0.004       0.004      0.153      -0.013       0.004

 PCT_LATI WITH
    PCT_BLACK_       -79.867      19.257      0.000    -120.267     -45.093      *

 PCT_SPED WITH
    PCT_BLACK_        63.104      31.146      0.020       3.631     126.409      *
    PCT_LATINE       -26.444      22.303      0.112     -71.576      16.089

 PCT_LOW_ WITH
    PCT_BLACK_       201.776      24.451      0.000     159.137     255.172      *
    PCT_LATINE        33.494      14.466      0.008       6.443      62.992      *
    PCT_SPED_C        61.787      24.171      0.004      16.180     111.109      *

 PCT_LEP_ WITH
    PCT_BLACK_       -54.038      15.285      0.000     -85.668     -26.018      *
    PCT_LATINE       137.477      14.309      0.000     113.142     168.899      *
    PCT_SPED_C       -49.545      18.226      0.002     -86.887     -15.175      *
    PCT_LOW_SE        36.815      11.720      0.000      15.197      61.027      *

 Means
    PCT_BLACK_        -0.017       1.318      0.495      -2.631       2.563
    PCT_LATINE         0.005       0.934      0.498      -1.845       1.836
    PCT_SPED_C        -0.014       1.583      0.496      -3.137       3.096
    PCT_LOW_SE        -0.009       1.025      0.497      -2.030       2.006
    PCT_LEP_C          0.002       0.750      0.499      -1.452       1.449

 Thresholds
    IS_SPED$1          1.170       0.025      0.000       1.121       1.219      *

 Variances
    PCT_BLACK_       380.560      36.946      0.000     317.459     462.065      *
    PCT_LATINE       196.154      18.971      0.000     164.401     237.719      *
    PCT_SPED_C       548.064      52.695      0.000     456.575     662.392      *
    PCT_LOW_SE       226.321      21.892      0.000     189.018     275.124      *
    PCT_LEP_C        127.368      12.261      0.000     106.536     154.140      *

 Residual Variances
    IS_SPED            0.105       0.014      0.000       0.082       0.135      *


STANDARDIZED MODEL RESULTS


STDYX Standardization

                                Posterior  One-Tailed         95% C.I.
                    Estimate       S.D.      P-Value   Lower 2.5%  Upper 2.5%  Significance
Within Level

 IS_SPED    ON
    RS_AAF0            0.025       0.005      0.000       0.015       0.035      *
    RS_AAF1            0.066       0.005      0.000       0.057       0.076      *
    RS_AAM0            0.127       0.005      0.000       0.117       0.136      *
    RS_AAM1            0.152       0.004      0.000       0.143       0.160      *
    RS_AIF0            0.001       0.004      0.376      -0.008       0.010
    RS_AIF1            0.005       0.004      0.104      -0.003       0.013
    RS_AIM0            0.015       0.004      0.000       0.007       0.022      *
    RS_AIM1            0.013       0.004      0.001       0.005       0.020      *
    RS_ASF0           -0.073       0.006      0.000      -0.085      -0.060      *
    RS_ASF1           -0.016       0.005      0.001      -0.027      -0.006      *
    RS_ASM0           -0.012       0.005      0.006      -0.022      -0.003      *
    RS_ASM1            0.004       0.004      0.139      -0.004       0.012
    RS_HWF0            0.007       0.004      0.050      -0.001       0.014
    RS_HWF1           -0.008       0.007      0.084      -0.022       0.003
    RS_HWM0            0.001       0.004      0.374      -0.007       0.009
    RS_HWM1            0.005       0.004      0.115      -0.003       0.012
    RS_HLF0           -0.014       0.005      0.003      -0.024      -0.004      *
    RS_HLF1            0.027       0.004      0.000       0.018       0.035      *
    RS_HLM0            0.063       0.005      0.000       0.053       0.072      *
    RS_HLM1            0.082       0.004      0.000       0.074       0.090      *
    RS_MRF0           -0.004       0.005      0.224      -0.013       0.005
    RS_MRF1            0.018       0.004      0.000       0.010       0.026      *
    RS_MRM0            0.041       0.004      0.000       0.033       0.049      *
    RS_MRM1            0.060       0.004      0.000       0.053       0.067      *
    RS_WF1             0.066       0.004      0.000       0.058       0.074      *
    RS_WM0             0.116       0.005      0.000       0.106       0.127      *
    RS_WM1             0.120       0.004      0.000       0.113       0.128      *

 PCT_LATI WITH
    PCT_BLACK_         0.000       0.012      0.497      -0.025       0.024

 PCT_SPED WITH
    PCT_BLACK_         0.000       0.013      0.497      -0.025       0.025
    PCT_LATINE         0.000       0.012      0.500      -0.024       0.025

 PCT_LOW_ WITH
    PCT_BLACK_         0.000       0.012      0.494      -0.025       0.024
    PCT_LATINE         0.000       0.012      0.496      -0.024       0.024
    PCT_SPED_C         0.000       0.013      0.498      -0.025       0.024

 PCT_LEP_ WITH
    PCT_BLACK_         0.000       0.012      0.500      -0.025       0.024
    PCT_LATINE         0.000       0.013      0.496      -0.024       0.025
    PCT_SPED_C         0.000       0.012      0.500      -0.024       0.025
    PCT_LOW_SE         0.000       0.012      0.493      -0.025       0.024

 Variances
    PCT_BLACK_         1.000       0.000      0.000       1.000       1.000
    PCT_LATINE         1.000       0.000      0.000       1.000       1.000
    PCT_SPED_C         1.000       0.000      0.000       1.000       1.000
    PCT_LOW_SE         1.000       0.000      0.000       1.000       1.000
    PCT_LEP_C          1.000       0.000      0.000       1.000       1.000

Between Level

 IS_SPED    ON
    PCT_BLACK_        -0.149       0.095      0.058      -0.337       0.038
    PCT_LATINE         0.067       0.119      0.288      -0.166       0.300
    PCT_SPED_C         0.542       0.059      0.000       0.418       0.649      *
    PCT_LOW_SE         0.173       0.096      0.035      -0.014       0.361
    PCT_LEP_C         -0.125       0.123      0.153      -0.364       0.117

 PCT_LATI WITH
    PCT_BLACK_        -0.294       0.061      0.000      -0.408      -0.172      *

 PCT_SPED WITH
    PCT_BLACK_         0.139       0.065      0.020       0.008       0.265      *
    PCT_LATINE        -0.081       0.066      0.112      -0.211       0.049

 PCT_LOW_ WITH
    PCT_BLACK_         0.689       0.036      0.000       0.612       0.751      *
    PCT_LATINE         0.159       0.065      0.008       0.030       0.285      *
    PCT_SPED_C         0.176       0.065      0.004       0.047       0.299      *

 PCT_LEP_ WITH
    PCT_BLACK_        -0.246       0.062      0.000      -0.365      -0.121      *
    PCT_LATINE         0.871       0.016      0.000       0.835       0.899      *
    PCT_SPED_C        -0.189       0.064      0.002      -0.311      -0.059      *
    PCT_LOW_SE         0.218       0.063      0.000       0.092       0.338      *

 Means
    PCT_BLACK_        -0.001       0.067      0.495      -0.134       0.130
    PCT_LATINE         0.000       0.067      0.498      -0.130       0.130
    PCT_SPED_C        -0.001       0.067      0.496      -0.134       0.132
    PCT_LOW_SE        -0.001       0.068      0.497      -0.134       0.132
    PCT_LEP_C          0.000       0.066      0.499      -0.129       0.128

 Thresholds
    IS_SPED$1          2.911       0.176      0.000       2.578       3.271      *

 Variances
    PCT_BLACK_         1.000       0.000      0.000       1.000       1.000
    PCT_LATINE         1.000       0.000      0.000       1.000       1.000
    PCT_SPED_C         1.000       0.000      0.000       1.000       1.000
    PCT_LOW_SE         1.000       0.000      0.000       1.000       1.000
    PCT_LEP_C          1.000       0.000      0.000       1.000       1.000

 Residual Variances
    IS_SPED            0.650       0.060      0.000       0.535       0.768      *


STDY Standardization

                                Posterior  One-Tailed         95% C.I.
                    Estimate       S.D.      P-Value   Lower 2.5%  Upper 2.5%  Significance
Within Level

 IS_SPED    ON
    RS_AAF0            0.089       0.018      0.000       0.054       0.125      *
    RS_AAF1            0.271       0.019      0.000       0.232       0.308      *
    RS_AAM0            0.441       0.016      0.000       0.408       0.473      *
    RS_AAM1            0.612       0.018      0.000       0.577       0.646      *
    RS_AIF0            0.037       0.116      0.376      -0.203       0.256
    RS_AIF1            0.211       0.164      0.104      -0.125       0.525
    RS_AIM0            0.390       0.099      0.000       0.195       0.581      *
    RS_AIM1            0.520       0.149      0.001       0.228       0.810      *
    RS_ASF0           -0.528       0.046      0.000      -0.617      -0.438      *
    RS_ASF1           -0.388       0.133      0.001      -0.657      -0.137      *
    RS_ASM0           -0.085       0.034      0.006      -0.153      -0.018      *
    RS_ASM1            0.109       0.101      0.139      -0.095       0.302
    RS_HWF0            0.299       0.176      0.050      -0.058       0.636
    RS_HWF1           -0.575       0.478      0.084      -1.649       0.207
    RS_HWM0            0.062       0.191      0.374      -0.324       0.424
    RS_HWM1            0.398       0.321      0.115      -0.263       0.998
    RS_HLF0           -0.055       0.020      0.003      -0.095      -0.015      *
    RS_HLF1            0.160       0.027      0.000       0.109       0.212      *
    RS_HLM0            0.245       0.019      0.000       0.207       0.281      *
    RS_HLM1            0.500       0.024      0.000       0.452       0.547      *
    RS_MRF0           -0.027       0.035      0.224      -0.097       0.041
    RS_MRF1            0.189       0.042      0.000       0.107       0.271      *
    RS_MRM0            0.309       0.031      0.000       0.248       0.368      *
    RS_MRM1            0.632       0.038      0.000       0.556       0.704      *
    RS_WF1             0.385       0.024      0.000       0.337       0.431      *
    RS_WM0             0.310       0.014      0.000       0.283       0.338      *
    RS_WM1             0.673       0.022      0.000       0.631       0.716      *

 PCT_LATI WITH
    PCT_BLACK_         0.000       0.012      0.497      -0.025       0.024

 PCT_SPED WITH
    PCT_BLACK_         0.000       0.013      0.497      -0.025       0.025
    PCT_LATINE         0.000       0.012      0.500      -0.024       0.025

 PCT_LOW_ WITH
    PCT_BLACK_         0.000       0.012      0.494      -0.025       0.024
    PCT_LATINE         0.000       0.012      0.496      -0.024       0.024
    PCT_SPED_C         0.000       0.013      0.498      -0.025       0.024

 PCT_LEP_ WITH
    PCT_BLACK_         0.000       0.012      0.500      -0.025       0.024
    PCT_LATINE         0.000       0.013      0.496      -0.024       0.025
    PCT_SPED_C         0.000       0.012      0.500      -0.024       0.025
    PCT_LOW_SE         0.000       0.012      0.493      -0.025       0.024

 Variances
    PCT_BLACK_         1.000       0.000      0.000       1.000       1.000
    PCT_LATINE         1.000       0.000      0.000       1.000       1.000
    PCT_SPED_C         1.000       0.000      0.000       1.000       1.000
    PCT_LOW_SE         1.000       0.000      0.000       1.000       1.000
    PCT_LEP_C          1.000       0.000      0.000       1.000       1.000

Between Level

 IS_SPED    ON
    PCT_BLACK_        -0.149       0.095      0.058      -0.337       0.038
    PCT_LATINE         0.067       0.119      0.288      -0.166       0.300
    PCT_SPED_C         0.542       0.059      0.000       0.418       0.649      *
    PCT_LOW_SE         0.173       0.096      0.035      -0.014       0.361
    PCT_LEP_C         -0.125       0.123      0.153      -0.364       0.117

 PCT_LATI WITH
    PCT_BLACK_        -0.294       0.061      0.000      -0.408      -0.172      *

 PCT_SPED WITH
    PCT_BLACK_         0.139       0.065      0.020       0.008       0.265      *
    PCT_LATINE        -0.081       0.066      0.112      -0.211       0.049

 PCT_LOW_ WITH
    PCT_BLACK_         0.689       0.036      0.000       0.612       0.751      *
    PCT_LATINE         0.159       0.065      0.008       0.030       0.285      *
    PCT_SPED_C         0.176       0.065      0.004       0.047       0.299      *

 PCT_LEP_ WITH
    PCT_BLACK_        -0.246       0.062      0.000      -0.365      -0.121      *
    PCT_LATINE         0.871       0.016      0.000       0.835       0.899      *
    PCT_SPED_C        -0.189       0.064      0.002      -0.311      -0.059      *
    PCT_LOW_SE         0.218       0.063      0.000       0.092       0.338      *

 Means
    PCT_BLACK_        -0.001       0.067      0.495      -0.134       0.130
    PCT_LATINE         0.000       0.067      0.498      -0.130       0.130
    PCT_SPED_C        -0.001       0.067      0.496      -0.134       0.132
    PCT_LOW_SE        -0.001       0.068      0.497      -0.134       0.132
    PCT_LEP_C          0.000       0.066      0.499      -0.129       0.128

 Thresholds
    IS_SPED$1          2.911       0.176      0.000       2.578       3.271      *

 Variances
    PCT_BLACK_         1.000       0.000      0.000       1.000       1.000
    PCT_LATINE         1.000       0.000      0.000       1.000       1.000
    PCT_SPED_C         1.000       0.000      0.000       1.000       1.000
    PCT_LOW_SE         1.000       0.000      0.000       1.000       1.000
    PCT_LEP_C          1.000       0.000      0.000       1.000       1.000

 Residual Variances
    IS_SPED            0.650       0.060      0.000       0.535       0.768      *


STD Standardization

                                Posterior  One-Tailed         95% C.I.
                    Estimate       S.D.      P-Value   Lower 2.5%  Upper 2.5%  Significance
Within Level

 IS_SPED    ON
    RS_AAF0            0.092       0.019      0.000       0.056       0.129      *
    RS_AAF1            0.279       0.020      0.000       0.239       0.317      *
    RS_AAM0            0.454       0.017      0.000       0.420       0.487      *
    RS_AAM1            0.630       0.019      0.000       0.594       0.667      *
    RS_AIF0            0.038       0.120      0.376      -0.209       0.264
    RS_AIF1            0.218       0.169      0.104      -0.128       0.541
    RS_AIM0            0.402       0.102      0.000       0.201       0.598      *
    RS_AIM1            0.535       0.153      0.001       0.235       0.835      *
    RS_ASF0           -0.544       0.048      0.000      -0.637      -0.451      *
    RS_ASF1           -0.400       0.137      0.001      -0.676      -0.141      *
    RS_ASM0           -0.087       0.035      0.006      -0.158      -0.019      *
    RS_ASM1            0.112       0.104      0.139      -0.098       0.311
    RS_HWF0            0.308       0.181      0.050      -0.060       0.656
    RS_HWF1           -0.592       0.492      0.084      -1.698       0.214
    RS_HWM0            0.063       0.196      0.374      -0.334       0.437
    RS_HWM1            0.410       0.331      0.115      -0.271       1.028
    RS_HLF0           -0.057       0.021      0.003      -0.097      -0.015      *
    RS_HLF1            0.165       0.028      0.000       0.112       0.219      *
    RS_HLM0            0.252       0.019      0.000       0.213       0.289      *
    RS_HLM1            0.514       0.025      0.000       0.465       0.564      *
    RS_MRF0           -0.028       0.036      0.224      -0.100       0.042
    RS_MRF1            0.195       0.043      0.000       0.111       0.279      *
    RS_MRM0            0.318       0.032      0.000       0.255       0.380      *
    RS_MRM1            0.651       0.039      0.000       0.572       0.725      *
    RS_WF1             0.396       0.025      0.000       0.347       0.444      *
    RS_WM0             0.319       0.015      0.000       0.291       0.348      *
    RS_WM1             0.693       0.023      0.000       0.650       0.738      *

 PCT_LATI WITH
    PCT_BLACK_         0.000       0.000      0.497       0.000       0.000

 PCT_SPED WITH
    PCT_BLACK_         0.000       0.000      0.497       0.000       0.000
    PCT_LATINE         0.000       0.000      0.500       0.000       0.000

 PCT_LOW_ WITH
    PCT_BLACK_         0.000       0.000      0.494       0.000       0.000
    PCT_LATINE         0.000       0.000      0.496       0.000       0.000
    PCT_SPED_C         0.000       0.000      0.498       0.000       0.000

 PCT_LEP_ WITH
    PCT_BLACK_         0.000       0.000      0.500       0.000       0.000
    PCT_LATINE         0.000       0.000      0.496       0.000       0.000
    PCT_SPED_C         0.000       0.000      0.500       0.000       0.000
    PCT_LOW_SE         0.000       0.000      0.493       0.000       0.000

 Variances
    PCT_BLACK_         0.000       0.000      0.000       0.000       0.000      *
    PCT_LATINE         0.000       0.000      0.000       0.000       0.000      *
    PCT_SPED_C         0.000       0.000      0.000       0.000       0.000      *
    PCT_LOW_SE         0.000       0.000      0.000       0.000       0.000      *
    PCT_LEP_C          0.000       0.000      0.000       0.000       0.000      *

Between Level

 IS_SPED    ON
    PCT_BLACK_        -0.003       0.002      0.058      -0.007       0.001
    PCT_LATINE         0.002       0.003      0.288      -0.005       0.009
    PCT_SPED_C         0.009       0.001      0.000       0.007       0.011      *
    PCT_LOW_SE         0.005       0.003      0.035       0.000       0.010
    PCT_LEP_C         -0.004       0.004      0.153      -0.013       0.004

 PCT_LATI WITH
    PCT_BLACK_       -79.867      19.257      0.000    -120.267     -45.093      *

 PCT_SPED WITH
    PCT_BLACK_        63.104      31.146      0.020       3.631     126.409      *
    PCT_LATINE       -26.444      22.303      0.112     -71.576      16.089

 PCT_LOW_ WITH
    PCT_BLACK_       201.776      24.451      0.000     159.137     255.172      *
    PCT_LATINE        33.494      14.466      0.008       6.443      62.992      *
    PCT_SPED_C        61.787      24.171      0.004      16.180     111.109      *

 PCT_LEP_ WITH
    PCT_BLACK_       -54.038      15.285      0.000     -85.668     -26.018      *
    PCT_LATINE       137.477      14.309      0.000     113.142     168.899      *
    PCT_SPED_C       -49.545      18.226      0.002     -86.887     -15.175      *
    PCT_LOW_SE        36.815      11.720      0.000      15.197      61.027      *

 Means
    PCT_BLACK_        -0.017       1.318      0.495      -2.631       2.563
    PCT_LATINE         0.005       0.934      0.498      -1.845       1.836
    PCT_SPED_C        -0.014       1.583      0.496      -3.137       3.096
    PCT_LOW_SE        -0.009       1.025      0.497      -2.030       2.006
    PCT_LEP_C          0.002       0.750      0.499      -1.452       1.449

 Thresholds
    IS_SPED$1          1.170       0.025      0.000       1.121       1.219      *

 Variances
    PCT_BLACK_       380.560      36.946      0.000     317.459     462.065      *
    PCT_LATINE       196.154      18.971      0.000     164.401     237.719      *
    PCT_SPED_C       548.064      52.695      0.000     456.575     662.392      *
    PCT_LOW_SE       226.321      21.892      0.000     189.018     275.124      *
    PCT_LEP_C        127.368      12.261      0.000     106.536     154.140      *

 Residual Variances
    IS_SPED            0.105       0.014      0.000       0.082       0.135      *


R-SQUARE

Within Level

                                Posterior  One-Tailed         95% C.I.
    Variable        Estimate       S.D.      P-Value   Lower 2.5%  Upper 2.5%

    IS_SPED            0.057       0.002      0.000       0.053       0.062

Between Level

                                Posterior  One-Tailed         95% C.I.
    Variable        Estimate       S.D.      P-Value   Lower 2.5%  Upper 2.5%

    IS_SPED            0.350       0.060      0.000       0.232       0.465


TECHNICAL 1 OUTPUT


     PARAMETER SPECIFICATION FOR WITHIN


           TAU
              IS_SPED$
              ________
                    0


           NU
              IS_SPED       PCT_BLAC      PCT_LATI      PCT_SPED      PCT_LOW_
              ________      ________      ________      ________      ________
                    0             0             0             0             0


           NU
              PCT_LEP_      RS_AAF0       RS_AAF1       RS_AAM0       RS_AAM1
              ________      ________      ________      ________      ________
                    0             0             0             0             0


           NU
              RS_AIF0       RS_AIF1       RS_AIM0       RS_AIM1       RS_ASF0
              ________      ________      ________      ________      ________
                    0             0             0             0             0


           NU
              RS_ASF1       RS_ASM0       RS_ASM1       RS_HWF0       RS_HWF1
              ________      ________      ________      ________      ________
                    0             0             0             0             0


           NU
              RS_HWM0       RS_HWM1       RS_HLF0       RS_HLF1       RS_HLM0
              ________      ________      ________      ________      ________
                    0             0             0             0             0


           NU
              RS_HLM1       RS_MRF0       RS_MRF1       RS_MRM0       RS_MRM1
              ________      ________      ________      ________      ________
                    0             0             0             0             0


           NU
              RS_WF1        RS_WM0        RS_WM1
              ________      ________      ________
                    0             0             0


           LAMBDA
              IS_SPED       PCT_BLAC      PCT_LATI      PCT_SPED      PCT_LOW_
              ________      ________      ________      ________      ________
 IS_SPED            0             0             0             0             0
 PCT_BLAC           0             0             0             0             0
 PCT_LATI           0             0             0             0             0
 PCT_SPED           0             0             0             0             0
 PCT_LOW_           0             0             0             0             0
 PCT_LEP_           0             0             0             0             0
 RS_AAF0            0             0             0             0             0
 RS_AAF1            0             0             0             0             0
 RS_AAM0            0             0             0             0             0
 RS_AAM1            0             0             0             0             0
 RS_AIF0            0             0             0             0             0
 RS_AIF1            0             0             0             0             0
 RS_AIM0            0             0             0             0             0
 RS_AIM1            0             0             0             0             0
 RS_ASF0            0             0             0             0             0
 RS_ASF1            0             0             0             0             0
 RS_ASM0            0             0             0             0             0
 RS_ASM1            0             0             0             0             0
 RS_HWF0            0             0             0             0             0
 RS_HWF1            0             0             0             0             0
 RS_HWM0            0             0             0             0             0
 RS_HWM1            0             0             0             0             0
 RS_HLF0            0             0             0             0             0
 RS_HLF1            0             0             0             0             0
 RS_HLM0            0             0             0             0             0
 RS_HLM1            0             0             0             0             0
 RS_MRF0            0             0             0             0             0
 RS_MRF1            0             0             0             0             0
 RS_MRM0            0             0             0             0             0
 RS_MRM1            0             0             0             0             0
 RS_WF1             0             0             0             0             0
 RS_WM0             0             0             0             0             0
 RS_WM1             0             0             0             0             0


           LAMBDA
              PCT_LEP_      RS_AAF0       RS_AAF1       RS_AAM0       RS_AAM1
              ________      ________      ________      ________      ________
 IS_SPED            0             0             0             0             0
 PCT_BLAC           0             0             0             0             0
 PCT_LATI           0             0             0             0             0
 PCT_SPED           0             0             0             0             0
 PCT_LOW_           0             0             0             0             0
 PCT_LEP_           0             0             0             0             0
 RS_AAF0            0             0             0             0             0
 RS_AAF1            0             0             0             0             0
 RS_AAM0            0             0             0             0             0
 RS_AAM1            0             0             0             0             0
 RS_AIF0            0             0             0             0             0
 RS_AIF1            0             0             0             0             0
 RS_AIM0            0             0             0             0             0
 RS_AIM1            0             0             0             0             0
 RS_ASF0            0             0             0             0             0
 RS_ASF1            0             0             0             0             0
 RS_ASM0            0             0             0             0             0
 RS_ASM1            0             0             0             0             0
 RS_HWF0            0             0             0             0             0
 RS_HWF1            0             0             0             0             0
 RS_HWM0            0             0             0             0             0
 RS_HWM1            0             0             0             0             0
 RS_HLF0            0             0             0             0             0
 RS_HLF1            0             0             0             0             0
 RS_HLM0            0             0             0             0             0
 RS_HLM1            0             0             0             0             0
 RS_MRF0            0             0             0             0             0
 RS_MRF1            0             0             0             0             0
 RS_MRM0            0             0             0             0             0
 RS_MRM1            0             0             0             0             0
 RS_WF1             0             0             0             0             0
 RS_WM0             0             0             0             0             0
 RS_WM1             0             0             0             0             0


           LAMBDA
              RS_AIF0       RS_AIF1       RS_AIM0       RS_AIM1       RS_ASF0
              ________      ________      ________      ________      ________
 IS_SPED            0             0             0             0             0
 PCT_BLAC           0             0             0             0             0
 PCT_LATI           0             0             0             0             0
 PCT_SPED           0             0             0             0             0
 PCT_LOW_           0             0             0             0             0
 PCT_LEP_           0             0             0             0             0
 RS_AAF0            0             0             0             0             0
 RS_AAF1            0             0             0             0             0
 RS_AAM0            0             0             0             0             0
 RS_AAM1            0             0             0             0             0
 RS_AIF0            0             0             0             0             0
 RS_AIF1            0             0             0             0             0
 RS_AIM0            0             0             0             0             0
 RS_AIM1            0             0             0             0             0
 RS_ASF0            0             0             0             0             0
 RS_ASF1            0             0             0             0             0
 RS_ASM0            0             0             0             0             0
 RS_ASM1            0             0             0             0             0
 RS_HWF0            0             0             0             0             0
 RS_HWF1            0             0             0             0             0
 RS_HWM0            0             0             0             0             0
 RS_HWM1            0             0             0             0             0
 RS_HLF0            0             0             0             0             0
 RS_HLF1            0             0             0             0             0
 RS_HLM0            0             0             0             0             0
 RS_HLM1            0             0             0             0             0
 RS_MRF0            0             0             0             0             0
 RS_MRF1            0             0             0             0             0
 RS_MRM0            0             0             0             0             0
 RS_MRM1            0             0             0             0             0
 RS_WF1             0             0             0             0             0
 RS_WM0             0             0             0             0             0
 RS_WM1             0             0             0             0             0


           LAMBDA
              RS_ASF1       RS_ASM0       RS_ASM1       RS_HWF0       RS_HWF1
              ________      ________      ________      ________      ________
 IS_SPED            0             0             0             0             0
 PCT_BLAC           0             0             0             0             0
 PCT_LATI           0             0             0             0             0
 PCT_SPED           0             0             0             0             0
 PCT_LOW_           0             0             0             0             0
 PCT_LEP_           0             0             0             0             0
 RS_AAF0            0             0             0             0             0
 RS_AAF1            0             0             0             0             0
 RS_AAM0            0             0             0             0             0
 RS_AAM1            0             0             0             0             0
 RS_AIF0            0             0             0             0             0
 RS_AIF1            0             0             0             0             0
 RS_AIM0            0             0             0             0             0
 RS_AIM1            0             0             0             0             0
 RS_ASF0            0             0             0             0             0
 RS_ASF1            0             0             0             0             0
 RS_ASM0            0             0             0             0             0
 RS_ASM1            0             0             0             0             0
 RS_HWF0            0             0             0             0             0
 RS_HWF1            0             0             0             0             0
 RS_HWM0            0             0             0             0             0
 RS_HWM1            0             0             0             0             0
 RS_HLF0            0             0             0             0             0
 RS_HLF1            0             0             0             0             0
 RS_HLM0            0             0             0             0             0
 RS_HLM1            0             0             0             0             0
 RS_MRF0            0             0             0             0             0
 RS_MRF1            0             0             0             0             0
 RS_MRM0            0             0             0             0             0
 RS_MRM1            0             0             0             0             0
 RS_WF1             0             0             0             0             0
 RS_WM0             0             0             0             0             0
 RS_WM1             0             0             0             0             0


           LAMBDA
              RS_HWM0       RS_HWM1       RS_HLF0       RS_HLF1       RS_HLM0
              ________      ________      ________      ________      ________
 IS_SPED            0             0             0             0             0
 PCT_BLAC           0             0             0             0             0
 PCT_LATI           0             0             0             0             0
 PCT_SPED           0             0             0             0             0
 PCT_LOW_           0             0             0             0             0
 PCT_LEP_           0             0             0             0             0
 RS_AAF0            0             0             0             0             0
 RS_AAF1            0             0             0             0             0
 RS_AAM0            0             0             0             0             0
 RS_AAM1            0             0             0             0             0
 RS_AIF0            0             0             0             0             0
 RS_AIF1            0             0             0             0             0
 RS_AIM0            0             0             0             0             0
 RS_AIM1            0             0             0             0             0
 RS_ASF0            0             0             0             0             0
 RS_ASF1            0             0             0             0             0
 RS_ASM0            0             0             0             0             0
 RS_ASM1            0             0             0             0             0
 RS_HWF0            0             0             0             0             0
 RS_HWF1            0             0             0             0             0
 RS_HWM0            0             0             0             0             0
 RS_HWM1            0             0             0             0             0
 RS_HLF0            0             0             0             0             0
 RS_HLF1            0             0             0             0             0
 RS_HLM0            0             0             0             0             0
 RS_HLM1            0             0             0             0             0
 RS_MRF0            0             0             0             0             0
 RS_MRF1            0             0             0             0             0
 RS_MRM0            0             0             0             0             0
 RS_MRM1            0             0             0             0             0
 RS_WF1             0             0             0             0             0
 RS_WM0             0             0             0             0             0
 RS_WM1             0             0             0             0             0


           LAMBDA
              RS_HLM1       RS_MRF0       RS_MRF1       RS_MRM0       RS_MRM1
              ________      ________      ________      ________      ________
 IS_SPED            0             0             0             0             0
 PCT_BLAC           0             0             0             0             0
 PCT_LATI           0             0             0             0             0
 PCT_SPED           0             0             0             0             0
 PCT_LOW_           0             0             0             0             0
 PCT_LEP_           0             0             0             0             0
 RS_AAF0            0             0             0             0             0
 RS_AAF1            0             0             0             0             0
 RS_AAM0            0             0             0             0             0
 RS_AAM1            0             0             0             0             0
 RS_AIF0            0             0             0             0             0
 RS_AIF1            0             0             0             0             0
 RS_AIM0            0             0             0             0             0
 RS_AIM1            0             0             0             0             0
 RS_ASF0            0             0             0             0             0
 RS_ASF1            0             0             0             0             0
 RS_ASM0            0             0             0             0             0
 RS_ASM1            0             0             0             0             0
 RS_HWF0            0             0             0             0             0
 RS_HWF1            0             0             0             0             0
 RS_HWM0            0             0             0             0             0
 RS_HWM1            0             0             0             0             0
 RS_HLF0            0             0             0             0             0
 RS_HLF1            0             0             0             0             0
 RS_HLM0            0             0             0             0             0
 RS_HLM1            0             0             0             0             0
 RS_MRF0            0             0             0             0             0
 RS_MRF1            0             0             0             0             0
 RS_MRM0            0             0             0             0             0
 RS_MRM1            0             0             0             0             0
 RS_WF1             0             0             0             0             0
 RS_WM0             0             0             0             0             0
 RS_WM1             0             0             0             0             0


           LAMBDA
              RS_WF1        RS_WM0        RS_WM1
              ________      ________      ________
 IS_SPED            0             0             0
 PCT_BLAC           0             0             0
 PCT_LATI           0             0             0
 PCT_SPED           0             0             0
 PCT_LOW_           0             0             0
 PCT_LEP_           0             0             0
 RS_AAF0            0             0             0
 RS_AAF1            0             0             0
 RS_AAM0            0             0             0
 RS_AAM1            0             0             0
 RS_AIF0            0             0             0
 RS_AIF1            0             0             0
 RS_AIM0            0             0             0
 RS_AIM1            0             0             0
 RS_ASF0            0             0             0
 RS_ASF1            0             0             0
 RS_ASM0            0             0             0
 RS_ASM1            0             0             0
 RS_HWF0            0             0             0
 RS_HWF1            0             0             0
 RS_HWM0            0             0             0
 RS_HWM1            0             0             0
 RS_HLF0            0             0             0
 RS_HLF1            0             0             0
 RS_HLM0            0             0             0
 RS_HLM1            0             0             0
 RS_MRF0            0             0             0
 RS_MRF1            0             0             0
 RS_MRM0            0             0             0
 RS_MRM1            0             0             0
 RS_WF1             0             0             0
 RS_WM0             0             0             0
 RS_WM1             0             0             0


           THETA
              IS_SPED       PCT_BLAC      PCT_LATI      PCT_SPED      PCT_LOW_
              ________      ________      ________      ________      ________
 IS_SPED            0
 PCT_BLAC           0             0
 PCT_LATI           0             0             0
 PCT_SPED           0             0             0             0
 PCT_LOW_           0             0             0             0             0
 PCT_LEP_           0             0             0             0             0
 RS_AAF0            0             0             0             0             0
 RS_AAF1            0             0             0             0             0
 RS_AAM0            0             0             0             0             0
 RS_AAM1            0             0             0             0             0
 RS_AIF0            0             0             0             0             0
 RS_AIF1            0             0             0             0             0
 RS_AIM0            0             0             0             0             0
 RS_AIM1            0             0             0             0             0
 RS_ASF0            0             0             0             0             0
 RS_ASF1            0             0             0             0             0
 RS_ASM0            0             0             0             0             0
 RS_ASM1            0             0             0             0             0
 RS_HWF0            0             0             0             0             0
 RS_HWF1            0             0             0             0             0
 RS_HWM0            0             0             0             0             0
 RS_HWM1            0             0             0             0             0
 RS_HLF0            0             0             0             0             0
 RS_HLF1            0             0             0             0             0
 RS_HLM0            0             0             0             0             0
 RS_HLM1            0             0             0             0             0
 RS_MRF0            0             0             0             0             0
 RS_MRF1            0             0             0             0             0
 RS_MRM0            0             0             0             0             0
 RS_MRM1            0             0             0             0             0
 RS_WF1             0             0             0             0             0
 RS_WM0             0             0             0             0             0
 RS_WM1             0             0             0             0             0


           THETA
              PCT_LEP_      RS_AAF0       RS_AAF1       RS_AAM0       RS_AAM1
              ________      ________      ________      ________      ________
 PCT_LEP_           0
 RS_AAF0            0             0
 RS_AAF1            0             0             0
 RS_AAM0            0             0             0             0
 RS_AAM1            0             0             0             0             0
 RS_AIF0            0             0             0             0             0
 RS_AIF1            0             0             0             0             0
 RS_AIM0            0             0             0             0             0
 RS_AIM1            0             0             0             0             0
 RS_ASF0            0             0             0             0             0
 RS_ASF1            0             0             0             0             0
 RS_ASM0            0             0             0             0             0
 RS_ASM1            0             0             0             0             0
 RS_HWF0            0             0             0             0             0
 RS_HWF1            0             0             0             0             0
 RS_HWM0            0             0             0             0             0
 RS_HWM1            0             0             0             0             0
 RS_HLF0            0             0             0             0             0
 RS_HLF1            0             0             0             0             0
 RS_HLM0            0             0             0             0             0
 RS_HLM1            0             0             0             0             0
 RS_MRF0            0             0             0             0             0
 RS_MRF1            0             0             0             0             0
 RS_MRM0            0             0             0             0             0
 RS_MRM1            0             0             0             0             0
 RS_WF1             0             0             0             0             0
 RS_WM0             0             0             0             0             0
 RS_WM1             0             0             0             0             0


           THETA
              RS_AIF0       RS_AIF1       RS_AIM0       RS_AIM1       RS_ASF0
              ________      ________      ________      ________      ________
 RS_AIF0            0
 RS_AIF1            0             0
 RS_AIM0            0             0             0
 RS_AIM1            0             0             0             0
 RS_ASF0            0             0             0             0             0
 RS_ASF1            0             0             0             0             0
 RS_ASM0            0             0             0             0             0
 RS_ASM1            0             0             0             0             0
 RS_HWF0            0             0             0             0             0
 RS_HWF1            0             0             0             0             0
 RS_HWM0            0             0             0             0             0
 RS_HWM1            0             0             0             0             0
 RS_HLF0            0             0             0             0             0
 RS_HLF1            0             0             0             0             0
 RS_HLM0            0             0             0             0             0
 RS_HLM1            0             0             0             0             0
 RS_MRF0            0             0             0             0             0
 RS_MRF1            0             0             0             0             0
 RS_MRM0            0             0             0             0             0
 RS_MRM1            0             0             0             0             0
 RS_WF1             0             0             0             0             0
 RS_WM0             0             0             0             0             0
 RS_WM1             0             0             0             0             0


           THETA
              RS_ASF1       RS_ASM0       RS_ASM1       RS_HWF0       RS_HWF1
              ________      ________      ________      ________      ________
 RS_ASF1            0
 RS_ASM0            0             0
 RS_ASM1            0             0             0
 RS_HWF0            0             0             0             0
 RS_HWF1            0             0             0             0             0
 RS_HWM0            0             0             0             0             0
 RS_HWM1            0             0             0             0             0
 RS_HLF0            0             0             0             0             0
 RS_HLF1            0             0             0             0             0
 RS_HLM0            0             0             0             0             0
 RS_HLM1            0             0             0             0             0
 RS_MRF0            0             0             0             0             0
 RS_MRF1            0             0             0             0             0
 RS_MRM0            0             0             0             0             0
 RS_MRM1            0             0             0             0             0
 RS_WF1             0             0             0             0             0
 RS_WM0             0             0             0             0             0
 RS_WM1             0             0             0             0             0


           THETA
              RS_HWM0       RS_HWM1       RS_HLF0       RS_HLF1       RS_HLM0
              ________      ________      ________      ________      ________
 RS_HWM0            0
 RS_HWM1            0             0
 RS_HLF0            0             0             0
 RS_HLF1            0             0             0             0
 RS_HLM0            0             0             0             0             0
 RS_HLM1            0             0             0             0             0
 RS_MRF0            0             0             0             0             0
 RS_MRF1            0             0             0             0             0
 RS_MRM0            0             0             0             0             0
 RS_MRM1            0             0             0             0             0
 RS_WF1             0             0             0             0             0
 RS_WM0             0             0             0             0             0
 RS_WM1             0             0             0             0             0


           THETA
              RS_HLM1       RS_MRF0       RS_MRF1       RS_MRM0       RS_MRM1
              ________      ________      ________      ________      ________
 RS_HLM1            0
 RS_MRF0            0             0
 RS_MRF1            0             0             0
 RS_MRM0            0             0             0             0
 RS_MRM1            0             0             0             0             0
 RS_WF1             0             0             0             0             0
 RS_WM0             0             0             0             0             0
 RS_WM1             0             0             0             0             0


           THETA
              RS_WF1        RS_WM0        RS_WM1
              ________      ________      ________
 RS_WF1             0
 RS_WM0             0             0
 RS_WM1             0             0             0


           ALPHA
              IS_SPED       PCT_BLAC      PCT_LATI      PCT_SPED      PCT_LOW_
              ________      ________      ________      ________      ________
                    0             0             0             0             0


           ALPHA
              PCT_LEP_      RS_AAF0       RS_AAF1       RS_AAM0       RS_AAM1
              ________      ________      ________      ________      ________
                    0             0             0             0             0


           ALPHA
              RS_AIF0       RS_AIF1       RS_AIM0       RS_AIM1       RS_ASF0
              ________      ________      ________      ________      ________
                    0             0             0             0             0


           ALPHA
              RS_ASF1       RS_ASM0       RS_ASM1       RS_HWF0       RS_HWF1
              ________      ________      ________      ________      ________
                    0             0             0             0             0


           ALPHA
              RS_HWM0       RS_HWM1       RS_HLF0       RS_HLF1       RS_HLM0
              ________      ________      ________      ________      ________
                    0             0             0             0             0


           ALPHA
              RS_HLM1       RS_MRF0       RS_MRF1       RS_MRM0       RS_MRM1
              ________      ________      ________      ________      ________
                    0             0             0             0             0


           ALPHA
              RS_WF1        RS_WM0        RS_WM1
              ________      ________      ________
                    0             0             0


           BETA
              IS_SPED       PCT_BLAC      PCT_LATI      PCT_SPED      PCT_LOW_
              ________      ________      ________      ________      ________
 IS_SPED            0             0             0             0             0
 PCT_BLAC           0             0             0             0             0
 PCT_LATI           0             0             0             0             0
 PCT_SPED           0             0             0             0             0
 PCT_LOW_           0             0             0             0             0
 PCT_LEP_           0             0             0             0             0
 RS_AAF0            0             0             0             0             0
 RS_AAF1            0             0             0             0             0
 RS_AAM0            0             0             0             0             0
 RS_AAM1            0             0             0             0             0
 RS_AIF0            0             0             0             0             0
 RS_AIF1            0             0             0             0             0
 RS_AIM0            0             0             0             0             0
 RS_AIM1            0             0             0             0             0
 RS_ASF0            0             0             0             0             0
 RS_ASF1            0             0             0             0             0
 RS_ASM0            0             0             0             0             0
 RS_ASM1            0             0             0             0             0
 RS_HWF0            0             0             0             0             0
 RS_HWF1            0             0             0             0             0
 RS_HWM0            0             0             0             0             0
 RS_HWM1            0             0             0             0             0
 RS_HLF0            0             0             0             0             0
 RS_HLF1            0             0             0             0             0
 RS_HLM0            0             0             0             0             0
 RS_HLM1            0             0             0             0             0
 RS_MRF0            0             0             0             0             0
 RS_MRF1            0             0             0             0             0
 RS_MRM0            0             0             0             0             0
 RS_MRM1            0             0             0             0             0
 RS_WF1             0             0             0             0             0
 RS_WM0             0             0             0             0             0
 RS_WM1             0             0             0             0             0


           BETA
              PCT_LEP_      RS_AAF0       RS_AAF1       RS_AAM0       RS_AAM1
              ________      ________      ________      ________      ________
 IS_SPED            0             1             2             3             4
 PCT_BLAC           0             0             0             0             0
 PCT_LATI           0             0             0             0             0
 PCT_SPED           0             0             0             0             0
 PCT_LOW_           0             0             0             0             0
 PCT_LEP_           0             0             0             0             0
 RS_AAF0            0             0             0             0             0
 RS_AAF1            0             0             0             0             0
 RS_AAM0            0             0             0             0             0
 RS_AAM1            0             0             0             0             0
 RS_AIF0            0             0             0             0             0
 RS_AIF1            0             0             0             0             0
 RS_AIM0            0             0             0             0             0
 RS_AIM1            0             0             0             0             0
 RS_ASF0            0             0             0             0             0
 RS_ASF1            0             0             0             0             0
 RS_ASM0            0             0             0             0             0
 RS_ASM1            0             0             0             0             0
 RS_HWF0            0             0             0             0             0
 RS_HWF1            0             0             0             0             0
 RS_HWM0            0             0             0             0             0
 RS_HWM1            0             0             0             0             0
 RS_HLF0            0             0             0             0             0
 RS_HLF1            0             0             0             0             0
 RS_HLM0            0             0             0             0             0
 RS_HLM1            0             0             0             0             0
 RS_MRF0            0             0             0             0             0
 RS_MRF1            0             0             0             0             0
 RS_MRM0            0             0             0             0             0
 RS_MRM1            0             0             0             0             0
 RS_WF1             0             0             0             0             0
 RS_WM0             0             0             0             0             0
 RS_WM1             0             0             0             0             0


           BETA
              RS_AIF0       RS_AIF1       RS_AIM0       RS_AIM1       RS_ASF0
              ________      ________      ________      ________      ________
 IS_SPED            5             6             7             8             9
 PCT_BLAC           0             0             0             0             0
 PCT_LATI           0             0             0             0             0
 PCT_SPED           0             0             0             0             0
 PCT_LOW_           0             0             0             0             0
 PCT_LEP_           0             0             0             0             0
 RS_AAF0            0             0             0             0             0
 RS_AAF1            0             0             0             0             0
 RS_AAM0            0             0             0             0             0
 RS_AAM1            0             0             0             0             0
 RS_AIF0            0             0             0             0             0
 RS_AIF1            0             0             0             0             0
 RS_AIM0            0             0             0             0             0
 RS_AIM1            0             0             0             0             0
 RS_ASF0            0             0             0             0             0
 RS_ASF1            0             0             0             0             0
 RS_ASM0            0             0             0             0             0
 RS_ASM1            0             0             0             0             0
 RS_HWF0            0             0             0             0             0
 RS_HWF1            0             0             0             0             0
 RS_HWM0            0             0             0             0             0
 RS_HWM1            0             0             0             0             0
 RS_HLF0            0             0             0             0             0
 RS_HLF1            0             0             0             0             0
 RS_HLM0            0             0             0             0             0
 RS_HLM1            0             0             0             0             0
 RS_MRF0            0             0             0             0             0
 RS_MRF1            0             0             0             0             0
 RS_MRM0            0             0             0             0             0
 RS_MRM1            0             0             0             0             0
 RS_WF1             0             0             0             0             0
 RS_WM0             0             0             0             0             0
 RS_WM1             0             0             0             0             0


           BETA
              RS_ASF1       RS_ASM0       RS_ASM1       RS_HWF0       RS_HWF1
              ________      ________      ________      ________      ________
 IS_SPED           10            11            12            13            14
 PCT_BLAC           0             0             0             0             0
 PCT_LATI           0             0             0             0             0
 PCT_SPED           0             0             0             0             0
 PCT_LOW_           0             0             0             0             0
 PCT_LEP_           0             0             0             0             0
 RS_AAF0            0             0             0             0             0
 RS_AAF1            0             0             0             0             0
 RS_AAM0            0             0             0             0             0
 RS_AAM1            0             0             0             0             0
 RS_AIF0            0             0             0             0             0
 RS_AIF1            0             0             0             0             0
 RS_AIM0            0             0             0             0             0
 RS_AIM1            0             0             0             0             0
 RS_ASF0            0             0             0             0             0
 RS_ASF1            0             0             0             0             0
 RS_ASM0            0             0             0             0             0
 RS_ASM1            0             0             0             0             0
 RS_HWF0            0             0             0             0             0
 RS_HWF1            0             0             0             0             0
 RS_HWM0            0             0             0             0             0
 RS_HWM1            0             0             0             0             0
 RS_HLF0            0             0             0             0             0
 RS_HLF1            0             0             0             0             0
 RS_HLM0            0             0             0             0             0
 RS_HLM1            0             0             0             0             0
 RS_MRF0            0             0             0             0             0
 RS_MRF1            0             0             0             0             0
 RS_MRM0            0             0             0             0             0
 RS_MRM1            0             0             0             0             0
 RS_WF1             0             0             0             0             0
 RS_WM0             0             0             0             0             0
 RS_WM1             0             0             0             0             0


           BETA
              RS_HWM0       RS_HWM1       RS_HLF0       RS_HLF1       RS_HLM0
              ________      ________      ________      ________      ________
 IS_SPED           15            16            17            18            19
 PCT_BLAC           0             0             0             0             0
 PCT_LATI           0             0             0             0             0
 PCT_SPED           0             0             0             0             0
 PCT_LOW_           0             0             0             0             0
 PCT_LEP_           0             0             0             0             0
 RS_AAF0            0             0             0             0             0
 RS_AAF1            0             0             0             0             0
 RS_AAM0            0             0             0             0             0
 RS_AAM1            0             0             0             0             0
 RS_AIF0            0             0             0             0             0
 RS_AIF1            0             0             0             0             0
 RS_AIM0            0             0             0             0             0
 RS_AIM1            0             0             0             0             0
 RS_ASF0            0             0             0             0             0
 RS_ASF1            0             0             0             0             0
 RS_ASM0            0             0             0             0             0
 RS_ASM1            0             0             0             0             0
 RS_HWF0            0             0             0             0             0
 RS_HWF1            0             0             0             0             0
 RS_HWM0            0             0             0             0             0
 RS_HWM1            0             0             0             0             0
 RS_HLF0            0             0             0             0             0
 RS_HLF1            0             0             0             0             0
 RS_HLM0            0             0             0             0             0
 RS_HLM1            0             0             0             0             0
 RS_MRF0            0             0             0             0             0
 RS_MRF1            0             0             0             0             0
 RS_MRM0            0             0             0             0             0
 RS_MRM1            0             0             0             0             0
 RS_WF1             0             0             0             0             0
 RS_WM0             0             0             0             0             0
 RS_WM1             0             0             0             0             0


           BETA
              RS_HLM1       RS_MRF0       RS_MRF1       RS_MRM0       RS_MRM1
              ________      ________      ________      ________      ________
 IS_SPED           20            21            22            23            24
 PCT_BLAC           0             0             0             0             0
 PCT_LATI           0             0             0             0             0
 PCT_SPED           0             0             0             0             0
 PCT_LOW_           0             0             0             0             0
 PCT_LEP_           0             0             0             0             0
 RS_AAF0            0             0             0             0             0
 RS_AAF1            0             0             0             0             0
 RS_AAM0            0             0             0             0             0
 RS_AAM1            0             0             0             0             0
 RS_AIF0            0             0             0             0             0
 RS_AIF1            0             0             0             0             0
 RS_AIM0            0             0             0             0             0
 RS_AIM1            0             0             0             0             0
 RS_ASF0            0             0             0             0             0
 RS_ASF1            0             0             0             0             0
 RS_ASM0            0             0             0             0             0
 RS_ASM1            0             0             0             0             0
 RS_HWF0            0             0             0             0             0
 RS_HWF1            0             0             0             0             0
 RS_HWM0            0             0             0             0             0
 RS_HWM1            0             0             0             0             0
 RS_HLF0            0             0             0             0             0
 RS_HLF1            0             0             0             0             0
 RS_HLM0            0             0             0             0             0
 RS_HLM1            0             0             0             0             0
 RS_MRF0            0             0             0             0             0
 RS_MRF1            0             0             0             0             0
 RS_MRM0            0             0             0             0             0
 RS_MRM1            0             0             0             0             0
 RS_WF1             0             0             0             0             0
 RS_WM0             0             0             0             0             0
 RS_WM1             0             0             0             0             0


           BETA
              RS_WF1        RS_WM0        RS_WM1
              ________      ________      ________
 IS_SPED           25            26            27
 PCT_BLAC           0             0             0
 PCT_LATI           0             0             0
 PCT_SPED           0             0             0
 PCT_LOW_           0             0             0
 PCT_LEP_           0             0             0
 RS_AAF0            0             0             0
 RS_AAF1            0             0             0
 RS_AAM0            0             0             0
 RS_AAM1            0             0             0
 RS_AIF0            0             0             0
 RS_AIF1            0             0             0
 RS_AIM0            0             0             0
 RS_AIM1            0             0             0
 RS_ASF0            0             0             0
 RS_ASF1            0             0             0
 RS_ASM0            0             0             0
 RS_ASM1            0             0             0
 RS_HWF0            0             0             0
 RS_HWF1            0             0             0
 RS_HWM0            0             0             0
 RS_HWM1            0             0             0
 RS_HLF0            0             0             0
 RS_HLF1            0             0             0
 RS_HLM0            0             0             0
 RS_HLM1            0             0             0
 RS_MRF0            0             0             0
 RS_MRF1            0             0             0
 RS_MRM0            0             0             0
 RS_MRM1            0             0             0
 RS_WF1             0             0             0
 RS_WM0             0             0             0
 RS_WM1             0             0             0


           PSI
              IS_SPED       PCT_BLAC      PCT_LATI      PCT_SPED      PCT_LOW_
              ________      ________      ________      ________      ________
 IS_SPED            0
 PCT_BLAC           0            28
 PCT_LATI           0            29            30
 PCT_SPED           0            31            32            33
 PCT_LOW_           0            34            35            36            37
 PCT_LEP_           0            38            39            40            41
 RS_AAF0            0             0             0             0             0
 RS_AAF1            0             0             0             0             0
 RS_AAM0            0             0             0             0             0
 RS_AAM1            0             0             0             0             0
 RS_AIF0            0             0             0             0             0
 RS_AIF1            0             0             0             0             0
 RS_AIM0            0             0             0             0             0
 RS_AIM1            0             0             0             0             0
 RS_ASF0            0             0             0             0             0
 RS_ASF1            0             0             0             0             0
 RS_ASM0            0             0             0             0             0
 RS_ASM1            0             0             0             0             0
 RS_HWF0            0             0             0             0             0
 RS_HWF1            0             0             0             0             0
 RS_HWM0            0             0             0             0             0
 RS_HWM1            0             0             0             0             0
 RS_HLF0            0             0             0             0             0
 RS_HLF1            0             0             0             0             0
 RS_HLM0            0             0             0             0             0
 RS_HLM1            0             0             0             0             0
 RS_MRF0            0             0             0             0             0
 RS_MRF1            0             0             0             0             0
 RS_MRM0            0             0             0             0             0
 RS_MRM1            0             0             0             0             0
 RS_WF1             0             0             0             0             0
 RS_WM0             0             0             0             0             0
 RS_WM1             0             0             0             0             0


           PSI
              PCT_LEP_      RS_AAF0       RS_AAF1       RS_AAM0       RS_AAM1
              ________      ________      ________      ________      ________
 PCT_LEP_          42
 RS_AAF0            0             0
 RS_AAF1            0             0             0
 RS_AAM0            0             0             0             0
 RS_AAM1            0             0             0             0             0
 RS_AIF0            0             0             0             0             0
 RS_AIF1            0             0             0             0             0
 RS_AIM0            0             0             0             0             0
 RS_AIM1            0             0             0             0             0
 RS_ASF0            0             0             0             0             0
 RS_ASF1            0             0             0             0             0
 RS_ASM0            0             0             0             0             0
 RS_ASM1            0             0             0             0             0
 RS_HWF0            0             0             0             0             0
 RS_HWF1            0             0             0             0             0
 RS_HWM0            0             0             0             0             0
 RS_HWM1            0             0             0             0             0
 RS_HLF0            0             0             0             0             0
 RS_HLF1            0             0             0             0             0
 RS_HLM0            0             0             0             0             0
 RS_HLM1            0             0             0             0             0
 RS_MRF0            0             0             0             0             0
 RS_MRF1            0             0             0             0             0
 RS_MRM0            0             0             0             0             0
 RS_MRM1            0             0             0             0             0
 RS_WF1             0             0             0             0             0
 RS_WM0             0             0             0             0             0
 RS_WM1             0             0             0             0             0


           PSI
              RS_AIF0       RS_AIF1       RS_AIM0       RS_AIM1       RS_ASF0
              ________      ________      ________      ________      ________
 RS_AIF0            0
 RS_AIF1            0             0
 RS_AIM0            0             0             0
 RS_AIM1            0             0             0             0
 RS_ASF0            0             0             0             0             0
 RS_ASF1            0             0             0             0             0
 RS_ASM0            0             0             0             0             0
 RS_ASM1            0             0             0             0             0
 RS_HWF0            0             0             0             0             0
 RS_HWF1            0             0             0             0             0
 RS_HWM0            0             0             0             0             0
 RS_HWM1            0             0             0             0             0
 RS_HLF0            0             0             0             0             0
 RS_HLF1            0             0             0             0             0
 RS_HLM0            0             0             0             0             0
 RS_HLM1            0             0             0             0             0
 RS_MRF0            0             0             0             0             0
 RS_MRF1            0             0             0             0             0
 RS_MRM0            0             0             0             0             0
 RS_MRM1            0             0             0             0             0
 RS_WF1             0             0             0             0             0
 RS_WM0             0             0             0             0             0
 RS_WM1             0             0             0             0             0


           PSI
              RS_ASF1       RS_ASM0       RS_ASM1       RS_HWF0       RS_HWF1
              ________      ________      ________      ________      ________
 RS_ASF1            0
 RS_ASM0            0             0
 RS_ASM1            0             0             0
 RS_HWF0            0             0             0             0
 RS_HWF1            0             0             0             0             0
 RS_HWM0            0             0             0             0             0
 RS_HWM1            0             0             0             0             0
 RS_HLF0            0             0             0             0             0
 RS_HLF1            0             0             0             0             0
 RS_HLM0            0             0             0             0             0
 RS_HLM1            0             0             0             0             0
 RS_MRF0            0             0             0             0             0
 RS_MRF1            0             0             0             0             0
 RS_MRM0            0             0             0             0             0
 RS_MRM1            0             0             0             0             0
 RS_WF1             0             0             0             0             0
 RS_WM0             0             0             0             0             0
 RS_WM1             0             0             0             0             0


           PSI
              RS_HWM0       RS_HWM1       RS_HLF0       RS_HLF1       RS_HLM0
              ________      ________      ________      ________      ________
 RS_HWM0            0
 RS_HWM1            0             0
 RS_HLF0            0             0             0
 RS_HLF1            0             0             0             0
 RS_HLM0            0             0             0             0             0
 RS_HLM1            0             0             0             0             0
 RS_MRF0            0             0             0             0             0
 RS_MRF1            0             0             0             0             0
 RS_MRM0            0             0             0             0             0
 RS_MRM1            0             0             0             0             0
 RS_WF1             0             0             0             0             0
 RS_WM0             0             0             0             0             0
 RS_WM1             0             0             0             0             0


           PSI
              RS_HLM1       RS_MRF0       RS_MRF1       RS_MRM0       RS_MRM1
              ________      ________      ________      ________      ________
 RS_HLM1            0
 RS_MRF0            0             0
 RS_MRF1            0             0             0
 RS_MRM0            0             0             0             0
 RS_MRM1            0             0             0             0             0
 RS_WF1             0             0             0             0             0
 RS_WM0             0             0             0             0             0
 RS_WM1             0             0             0             0             0


           PSI
              RS_WF1        RS_WM0        RS_WM1
              ________      ________      ________
 RS_WF1             0
 RS_WM0             0             0
 RS_WM1             0             0             0


     PARAMETER SPECIFICATION FOR BETWEEN


           TAU
              IS_SPED$
              ________
                   69


           NU
              IS_SPED       PCT_BLAC      PCT_LATI      PCT_SPED      PCT_LOW_
              ________      ________      ________      ________      ________
                    0             0             0             0             0


           NU
              PCT_LEP_
              ________
                    0


           LAMBDA
              IS_SPED       PCT_BLAC      PCT_LATI      PCT_SPED      PCT_LOW_
              ________      ________      ________      ________      ________
 IS_SPED            0             0             0             0             0
 PCT_BLAC           0             0             0             0             0
 PCT_LATI           0             0             0             0             0
 PCT_SPED           0             0             0             0             0
 PCT_LOW_           0             0             0             0             0
 PCT_LEP_           0             0             0             0             0


           LAMBDA
              PCT_LEP_
              ________
 IS_SPED            0
 PCT_BLAC           0
 PCT_LATI           0
 PCT_SPED           0
 PCT_LOW_           0
 PCT_LEP_           0


           THETA
              IS_SPED       PCT_BLAC      PCT_LATI      PCT_SPED      PCT_LOW_
              ________      ________      ________      ________      ________
 IS_SPED            0
 PCT_BLAC           0             0
 PCT_LATI           0             0             0
 PCT_SPED           0             0             0             0
 PCT_LOW_           0             0             0             0             0
 PCT_LEP_           0             0             0             0             0


           THETA
              PCT_LEP_
              ________
 PCT_LEP_           0


           ALPHA
              IS_SPED       PCT_BLAC      PCT_LATI      PCT_SPED      PCT_LOW_
              ________      ________      ________      ________      ________
                    0            43            44            45            46


           ALPHA
              PCT_LEP_
              ________
                   47


           BETA
              IS_SPED       PCT_BLAC      PCT_LATI      PCT_SPED      PCT_LOW_
              ________      ________      ________      ________      ________
 IS_SPED            0            48            49            50            51
 PCT_BLAC           0             0             0             0             0
 PCT_LATI           0             0             0             0             0
 PCT_SPED           0             0             0             0             0
 PCT_LOW_           0             0             0             0             0
 PCT_LEP_           0             0             0             0             0


           BETA
              PCT_LEP_
              ________
 IS_SPED           52
 PCT_BLAC           0
 PCT_LATI           0
 PCT_SPED           0
 PCT_LOW_           0
 PCT_LEP_           0


           PSI
              IS_SPED       PCT_BLAC      PCT_LATI      PCT_SPED      PCT_LOW_
              ________      ________      ________      ________      ________
 IS_SPED           53
 PCT_BLAC           0            54
 PCT_LATI           0            55            56
 PCT_SPED           0            57            58            59
 PCT_LOW_           0            60            61            62            63
 PCT_LEP_           0            64            65            66            67


           PSI
              PCT_LEP_
              ________
 PCT_LEP_          68


     STARTING VALUES FOR WITHIN


           TAU
              IS_SPED$
              ________
                0.000


           NU
              IS_SPED       PCT_BLAC      PCT_LATI      PCT_SPED      PCT_LOW_
              ________      ________      ________      ________      ________
                0.000         0.000         0.000         0.000         0.000


           NU
              PCT_LEP_      RS_AAF0       RS_AAF1       RS_AAM0       RS_AAM1
              ________      ________      ________      ________      ________
                0.000         0.000         0.000         0.000         0.000


           NU
              RS_AIF0       RS_AIF1       RS_AIM0       RS_AIM1       RS_ASF0
              ________      ________      ________      ________      ________
                0.000         0.000         0.000         0.000         0.000


           NU
              RS_ASF1       RS_ASM0       RS_ASM1       RS_HWF0       RS_HWF1
              ________      ________      ________      ________      ________
                0.000         0.000         0.000         0.000         0.000


           NU
              RS_HWM0       RS_HWM1       RS_HLF0       RS_HLF1       RS_HLM0
              ________      ________      ________      ________      ________
                0.000         0.000         0.000         0.000         0.000


           NU
              RS_HLM1       RS_MRF0       RS_MRF1       RS_MRM0       RS_MRM1
              ________      ________      ________      ________      ________
                0.000         0.000         0.000         0.000         0.000


           NU
              RS_WF1        RS_WM0        RS_WM1
              ________      ________      ________
                0.000         0.000         0.000


           LAMBDA
              IS_SPED       PCT_BLAC      PCT_LATI      PCT_SPED      PCT_LOW_
              ________      ________      ________      ________      ________
 IS_SPED        1.000         0.000         0.000         0.000         0.000
 PCT_BLAC       0.000         1.000         0.000         0.000         0.000
 PCT_LATI       0.000         0.000         1.000         0.000         0.000
 PCT_SPED       0.000         0.000         0.000         1.000         0.000
 PCT_LOW_       0.000         0.000         0.000         0.000         1.000
 PCT_LEP_       0.000         0.000         0.000         0.000         0.000
 RS_AAF0        0.000         0.000         0.000         0.000         0.000
 RS_AAF1        0.000         0.000         0.000         0.000         0.000
 RS_AAM0        0.000         0.000         0.000         0.000         0.000
 RS_AAM1        0.000         0.000         0.000         0.000         0.000
 RS_AIF0        0.000         0.000         0.000         0.000         0.000
 RS_AIF1        0.000         0.000         0.000         0.000         0.000
 RS_AIM0        0.000         0.000         0.000         0.000         0.000
 RS_AIM1        0.000         0.000         0.000         0.000         0.000
 RS_ASF0        0.000         0.000         0.000         0.000         0.000
 RS_ASF1        0.000         0.000         0.000         0.000         0.000
 RS_ASM0        0.000         0.000         0.000         0.000         0.000
 RS_ASM1        0.000         0.000         0.000         0.000         0.000
 RS_HWF0        0.000         0.000         0.000         0.000         0.000
 RS_HWF1        0.000         0.000         0.000         0.000         0.000
 RS_HWM0        0.000         0.000         0.000         0.000         0.000
 RS_HWM1        0.000         0.000         0.000         0.000         0.000
 RS_HLF0        0.000         0.000         0.000         0.000         0.000
 RS_HLF1        0.000         0.000         0.000         0.000         0.000
 RS_HLM0        0.000         0.000         0.000         0.000         0.000
 RS_HLM1        0.000         0.000         0.000         0.000         0.000
 RS_MRF0        0.000         0.000         0.000         0.000         0.000
 RS_MRF1        0.000         0.000         0.000         0.000         0.000
 RS_MRM0        0.000         0.000         0.000         0.000         0.000
 RS_MRM1        0.000         0.000         0.000         0.000         0.000
 RS_WF1         0.000         0.000         0.000         0.000         0.000
 RS_WM0         0.000         0.000         0.000         0.000         0.000
 RS_WM1         0.000         0.000         0.000         0.000         0.000


           LAMBDA
              PCT_LEP_      RS_AAF0       RS_AAF1       RS_AAM0       RS_AAM1
              ________      ________      ________      ________      ________
 IS_SPED        0.000         0.000         0.000         0.000         0.000
 PCT_BLAC       0.000         0.000         0.000         0.000         0.000
 PCT_LATI       0.000         0.000         0.000         0.000         0.000
 PCT_SPED       0.000         0.000         0.000         0.000         0.000
 PCT_LOW_       0.000         0.000         0.000         0.000         0.000
 PCT_LEP_       1.000         0.000         0.000         0.000         0.000
 RS_AAF0        0.000         1.000         0.000         0.000         0.000
 RS_AAF1        0.000         0.000         1.000         0.000         0.000
 RS_AAM0        0.000         0.000         0.000         1.000         0.000
 RS_AAM1        0.000         0.000         0.000         0.000         1.000
 RS_AIF0        0.000         0.000         0.000         0.000         0.000
 RS_AIF1        0.000         0.000         0.000         0.000         0.000
 RS_AIM0        0.000         0.000         0.000         0.000         0.000
 RS_AIM1        0.000         0.000         0.000         0.000         0.000
 RS_ASF0        0.000         0.000         0.000         0.000         0.000
 RS_ASF1        0.000         0.000         0.000         0.000         0.000
 RS_ASM0        0.000         0.000         0.000         0.000         0.000
 RS_ASM1        0.000         0.000         0.000         0.000         0.000
 RS_HWF0        0.000         0.000         0.000         0.000         0.000
 RS_HWF1        0.000         0.000         0.000         0.000         0.000
 RS_HWM0        0.000         0.000         0.000         0.000         0.000
 RS_HWM1        0.000         0.000         0.000         0.000         0.000
 RS_HLF0        0.000         0.000         0.000         0.000         0.000
 RS_HLF1        0.000         0.000         0.000         0.000         0.000
 RS_HLM0        0.000         0.000         0.000         0.000         0.000
 RS_HLM1        0.000         0.000         0.000         0.000         0.000
 RS_MRF0        0.000         0.000         0.000         0.000         0.000
 RS_MRF1        0.000         0.000         0.000         0.000         0.000
 RS_MRM0        0.000         0.000         0.000         0.000         0.000
 RS_MRM1        0.000         0.000         0.000         0.000         0.000
 RS_WF1         0.000         0.000         0.000         0.000         0.000
 RS_WM0         0.000         0.000         0.000         0.000         0.000
 RS_WM1         0.000         0.000         0.000         0.000         0.000


           LAMBDA
              RS_AIF0       RS_AIF1       RS_AIM0       RS_AIM1       RS_ASF0
              ________      ________      ________      ________      ________
 IS_SPED        0.000         0.000         0.000         0.000         0.000
 PCT_BLAC       0.000         0.000         0.000         0.000         0.000
 PCT_LATI       0.000         0.000         0.000         0.000         0.000
 PCT_SPED       0.000         0.000         0.000         0.000         0.000
 PCT_LOW_       0.000         0.000         0.000         0.000         0.000
 PCT_LEP_       0.000         0.000         0.000         0.000         0.000
 RS_AAF0        0.000         0.000         0.000         0.000         0.000
 RS_AAF1        0.000         0.000         0.000         0.000         0.000
 RS_AAM0        0.000         0.000         0.000         0.000         0.000
 RS_AAM1        0.000         0.000         0.000         0.000         0.000
 RS_AIF0        1.000         0.000         0.000         0.000         0.000
 RS_AIF1        0.000         1.000         0.000         0.000         0.000
 RS_AIM0        0.000         0.000         1.000         0.000         0.000
 RS_AIM1        0.000         0.000         0.000         1.000         0.000
 RS_ASF0        0.000         0.000         0.000         0.000         1.000
 RS_ASF1        0.000         0.000         0.000         0.000         0.000
 RS_ASM0        0.000         0.000         0.000         0.000         0.000
 RS_ASM1        0.000         0.000         0.000         0.000         0.000
 RS_HWF0        0.000         0.000         0.000         0.000         0.000
 RS_HWF1        0.000         0.000         0.000         0.000         0.000
 RS_HWM0        0.000         0.000         0.000         0.000         0.000
 RS_HWM1        0.000         0.000         0.000         0.000         0.000
 RS_HLF0        0.000         0.000         0.000         0.000         0.000
 RS_HLF1        0.000         0.000         0.000         0.000         0.000
 RS_HLM0        0.000         0.000         0.000         0.000         0.000
 RS_HLM1        0.000         0.000         0.000         0.000         0.000
 RS_MRF0        0.000         0.000         0.000         0.000         0.000
 RS_MRF1        0.000         0.000         0.000         0.000         0.000
 RS_MRM0        0.000         0.000         0.000         0.000         0.000
 RS_MRM1        0.000         0.000         0.000         0.000         0.000
 RS_WF1         0.000         0.000         0.000         0.000         0.000
 RS_WM0         0.000         0.000         0.000         0.000         0.000
 RS_WM1         0.000         0.000         0.000         0.000         0.000


           LAMBDA
              RS_ASF1       RS_ASM0       RS_ASM1       RS_HWF0       RS_HWF1
              ________      ________      ________      ________      ________
 IS_SPED        0.000         0.000         0.000         0.000         0.000
 PCT_BLAC       0.000         0.000         0.000         0.000         0.000
 PCT_LATI       0.000         0.000         0.000         0.000         0.000
 PCT_SPED       0.000         0.000         0.000         0.000         0.000
 PCT_LOW_       0.000         0.000         0.000         0.000         0.000
 PCT_LEP_       0.000         0.000         0.000         0.000         0.000
 RS_AAF0        0.000         0.000         0.000         0.000         0.000
 RS_AAF1        0.000         0.000         0.000         0.000         0.000
 RS_AAM0        0.000         0.000         0.000         0.000         0.000
 RS_AAM1        0.000         0.000         0.000         0.000         0.000
 RS_AIF0        0.000         0.000         0.000         0.000         0.000
 RS_AIF1        0.000         0.000         0.000         0.000         0.000
 RS_AIM0        0.000         0.000         0.000         0.000         0.000
 RS_AIM1        0.000         0.000         0.000         0.000         0.000
 RS_ASF0        0.000         0.000         0.000         0.000         0.000
 RS_ASF1        1.000         0.000         0.000         0.000         0.000
 RS_ASM0        0.000         1.000         0.000         0.000         0.000
 RS_ASM1        0.000         0.000         1.000         0.000         0.000
 RS_HWF0        0.000         0.000         0.000         1.000         0.000
 RS_HWF1        0.000         0.000         0.000         0.000         1.000
 RS_HWM0        0.000         0.000         0.000         0.000         0.000
 RS_HWM1        0.000         0.000         0.000         0.000         0.000
 RS_HLF0        0.000         0.000         0.000         0.000         0.000
 RS_HLF1        0.000         0.000         0.000         0.000         0.000
 RS_HLM0        0.000         0.000         0.000         0.000         0.000
 RS_HLM1        0.000         0.000         0.000         0.000         0.000
 RS_MRF0        0.000         0.000         0.000         0.000         0.000
 RS_MRF1        0.000         0.000         0.000         0.000         0.000
 RS_MRM0        0.000         0.000         0.000         0.000         0.000
 RS_MRM1        0.000         0.000         0.000         0.000         0.000
 RS_WF1         0.000         0.000         0.000         0.000         0.000
 RS_WM0         0.000         0.000         0.000         0.000         0.000
 RS_WM1         0.000         0.000         0.000         0.000         0.000


           LAMBDA
              RS_HWM0       RS_HWM1       RS_HLF0       RS_HLF1       RS_HLM0
              ________      ________      ________      ________      ________
 IS_SPED        0.000         0.000         0.000         0.000         0.000
 PCT_BLAC       0.000         0.000         0.000         0.000         0.000
 PCT_LATI       0.000         0.000         0.000         0.000         0.000
 PCT_SPED       0.000         0.000         0.000         0.000         0.000
 PCT_LOW_       0.000         0.000         0.000         0.000         0.000
 PCT_LEP_       0.000         0.000         0.000         0.000         0.000
 RS_AAF0        0.000         0.000         0.000         0.000         0.000
 RS_AAF1        0.000         0.000         0.000         0.000         0.000
 RS_AAM0        0.000         0.000         0.000         0.000         0.000
 RS_AAM1        0.000         0.000         0.000         0.000         0.000
 RS_AIF0        0.000         0.000         0.000         0.000         0.000
 RS_AIF1        0.000         0.000         0.000         0.000         0.000
 RS_AIM0        0.000         0.000         0.000         0.000         0.000
 RS_AIM1        0.000         0.000         0.000         0.000         0.000
 RS_ASF0        0.000         0.000         0.000         0.000         0.000
 RS_ASF1        0.000         0.000         0.000         0.000         0.000
 RS_ASM0        0.000         0.000         0.000         0.000         0.000
 RS_ASM1        0.000         0.000         0.000         0.000         0.000
 RS_HWF0        0.000         0.000         0.000         0.000         0.000
 RS_HWF1        0.000         0.000         0.000         0.000         0.000
 RS_HWM0        1.000         0.000         0.000         0.000         0.000
 RS_HWM1        0.000         1.000         0.000         0.000         0.000
 RS_HLF0        0.000         0.000         1.000         0.000         0.000
 RS_HLF1        0.000         0.000         0.000         1.000         0.000
 RS_HLM0        0.000         0.000         0.000         0.000         1.000
 RS_HLM1        0.000         0.000         0.000         0.000         0.000
 RS_MRF0        0.000         0.000         0.000         0.000         0.000
 RS_MRF1        0.000         0.000         0.000         0.000         0.000
 RS_MRM0        0.000         0.000         0.000         0.000         0.000
 RS_MRM1        0.000         0.000         0.000         0.000         0.000
 RS_WF1         0.000         0.000         0.000         0.000         0.000
 RS_WM0         0.000         0.000         0.000         0.000         0.000
 RS_WM1         0.000         0.000         0.000         0.000         0.000


           LAMBDA
              RS_HLM1       RS_MRF0       RS_MRF1       RS_MRM0       RS_MRM1
              ________      ________      ________      ________      ________
 IS_SPED        0.000         0.000         0.000         0.000         0.000
 PCT_BLAC       0.000         0.000         0.000         0.000         0.000
 PCT_LATI       0.000         0.000         0.000         0.000         0.000
 PCT_SPED       0.000         0.000         0.000         0.000         0.000
 PCT_LOW_       0.000         0.000         0.000         0.000         0.000
 PCT_LEP_       0.000         0.000         0.000         0.000         0.000
 RS_AAF0        0.000         0.000         0.000         0.000         0.000
 RS_AAF1        0.000         0.000         0.000         0.000         0.000
 RS_AAM0        0.000         0.000         0.000         0.000         0.000
 RS_AAM1        0.000         0.000         0.000         0.000         0.000
 RS_AIF0        0.000         0.000         0.000         0.000         0.000
 RS_AIF1        0.000         0.000         0.000         0.000         0.000
 RS_AIM0        0.000         0.000         0.000         0.000         0.000
 RS_AIM1        0.000         0.000         0.000         0.000         0.000
 RS_ASF0        0.000         0.000         0.000         0.000         0.000
 RS_ASF1        0.000         0.000         0.000         0.000         0.000
 RS_ASM0        0.000         0.000         0.000         0.000         0.000
 RS_ASM1        0.000         0.000         0.000         0.000         0.000
 RS_HWF0        0.000         0.000         0.000         0.000         0.000
 RS_HWF1        0.000         0.000         0.000         0.000         0.000
 RS_HWM0        0.000         0.000         0.000         0.000         0.000
 RS_HWM1        0.000         0.000         0.000         0.000         0.000
 RS_HLF0        0.000         0.000         0.000         0.000         0.000
 RS_HLF1        0.000         0.000         0.000         0.000         0.000
 RS_HLM0        0.000         0.000         0.000         0.000         0.000
 RS_HLM1        1.000         0.000         0.000         0.000         0.000
 RS_MRF0        0.000         1.000         0.000         0.000         0.000
 RS_MRF1        0.000         0.000         1.000         0.000         0.000
 RS_MRM0        0.000         0.000         0.000         1.000         0.000
 RS_MRM1        0.000         0.000         0.000         0.000         1.000
 RS_WF1         0.000         0.000         0.000         0.000         0.000
 RS_WM0         0.000         0.000         0.000         0.000         0.000
 RS_WM1         0.000         0.000         0.000         0.000         0.000


           LAMBDA
              RS_WF1        RS_WM0        RS_WM1
              ________      ________      ________
 IS_SPED        0.000         0.000         0.000
 PCT_BLAC       0.000         0.000         0.000
 PCT_LATI       0.000         0.000         0.000
 PCT_SPED       0.000         0.000         0.000
 PCT_LOW_       0.000         0.000         0.000
 PCT_LEP_       0.000         0.000         0.000
 RS_AAF0        0.000         0.000         0.000
 RS_AAF1        0.000         0.000         0.000
 RS_AAM0        0.000         0.000         0.000
 RS_AAM1        0.000         0.000         0.000
 RS_AIF0        0.000         0.000         0.000
 RS_AIF1        0.000         0.000         0.000
 RS_AIM0        0.000         0.000         0.000
 RS_AIM1        0.000         0.000         0.000
 RS_ASF0        0.000         0.000         0.000
 RS_ASF1        0.000         0.000         0.000
 RS_ASM0        0.000         0.000         0.000
 RS_ASM1        0.000         0.000         0.000
 RS_HWF0        0.000         0.000         0.000
 RS_HWF1        0.000         0.000         0.000
 RS_HWM0        0.000         0.000         0.000
 RS_HWM1        0.000         0.000         0.000
 RS_HLF0        0.000         0.000         0.000
 RS_HLF1        0.000         0.000         0.000
 RS_HLM0        0.000         0.000         0.000
 RS_HLM1        0.000         0.000         0.000
 RS_MRF0        0.000         0.000         0.000
 RS_MRF1        0.000         0.000         0.000
 RS_MRM0        0.000         0.000         0.000
 RS_MRM1        0.000         0.000         0.000
 RS_WF1         1.000         0.000         0.000
 RS_WM0         0.000         1.000         0.000
 RS_WM1         0.000         0.000         1.000


           THETA
              IS_SPED       PCT_BLAC      PCT_LATI      PCT_SPED      PCT_LOW_
              ________      ________      ________      ________      ________
 IS_SPED        0.000
 PCT_BLAC       0.000         0.000
 PCT_LATI       0.000         0.000         0.000
 PCT_SPED       0.000         0.000         0.000         0.000
 PCT_LOW_       0.000         0.000         0.000         0.000         0.000
 PCT_LEP_       0.000         0.000         0.000         0.000         0.000
 RS_AAF0        0.000         0.000         0.000         0.000         0.000
 RS_AAF1        0.000         0.000         0.000         0.000         0.000
 RS_AAM0        0.000         0.000         0.000         0.000         0.000
 RS_AAM1        0.000         0.000         0.000         0.000         0.000
 RS_AIF0        0.000         0.000         0.000         0.000         0.000
 RS_AIF1        0.000         0.000         0.000         0.000         0.000
 RS_AIM0        0.000         0.000         0.000         0.000         0.000
 RS_AIM1        0.000         0.000         0.000         0.000         0.000
 RS_ASF0        0.000         0.000         0.000         0.000         0.000
 RS_ASF1        0.000         0.000         0.000         0.000         0.000
 RS_ASM0        0.000         0.000         0.000         0.000         0.000
 RS_ASM1        0.000         0.000         0.000         0.000         0.000
 RS_HWF0        0.000         0.000         0.000         0.000         0.000
 RS_HWF1        0.000         0.000         0.000         0.000         0.000
 RS_HWM0        0.000         0.000         0.000         0.000         0.000
 RS_HWM1        0.000         0.000         0.000         0.000         0.000
 RS_HLF0        0.000         0.000         0.000         0.000         0.000
 RS_HLF1        0.000         0.000         0.000         0.000         0.000
 RS_HLM0        0.000         0.000         0.000         0.000         0.000
 RS_HLM1        0.000         0.000         0.000         0.000         0.000
 RS_MRF0        0.000         0.000         0.000         0.000         0.000
 RS_MRF1        0.000         0.000         0.000         0.000         0.000
 RS_MRM0        0.000         0.000         0.000         0.000         0.000
 RS_MRM1        0.000         0.000         0.000         0.000         0.000
 RS_WF1         0.000         0.000         0.000         0.000         0.000
 RS_WM0         0.000         0.000         0.000         0.000         0.000
 RS_WM1         0.000         0.000         0.000         0.000         0.000


           THETA
              PCT_LEP_      RS_AAF0       RS_AAF1       RS_AAM0       RS_AAM1
              ________      ________      ________      ________      ________
 PCT_LEP_       0.000
 RS_AAF0        0.000         0.000
 RS_AAF1        0.000         0.000         0.000
 RS_AAM0        0.000         0.000         0.000         0.000
 RS_AAM1        0.000         0.000         0.000         0.000         0.000
 RS_AIF0        0.000         0.000         0.000         0.000         0.000
 RS_AIF1        0.000         0.000         0.000         0.000         0.000
 RS_AIM0        0.000         0.000         0.000         0.000         0.000
 RS_AIM1        0.000         0.000         0.000         0.000         0.000
 RS_ASF0        0.000         0.000         0.000         0.000         0.000
 RS_ASF1        0.000         0.000         0.000         0.000         0.000
 RS_ASM0        0.000         0.000         0.000         0.000         0.000
 RS_ASM1        0.000         0.000         0.000         0.000         0.000
 RS_HWF0        0.000         0.000         0.000         0.000         0.000
 RS_HWF1        0.000         0.000         0.000         0.000         0.000
 RS_HWM0        0.000         0.000         0.000         0.000         0.000
 RS_HWM1        0.000         0.000         0.000         0.000         0.000
 RS_HLF0        0.000         0.000         0.000         0.000         0.000
 RS_HLF1        0.000         0.000         0.000         0.000         0.000
 RS_HLM0        0.000         0.000         0.000         0.000         0.000
 RS_HLM1        0.000         0.000         0.000         0.000         0.000
 RS_MRF0        0.000         0.000         0.000         0.000         0.000
 RS_MRF1        0.000         0.000         0.000         0.000         0.000
 RS_MRM0        0.000         0.000         0.000         0.000         0.000
 RS_MRM1        0.000         0.000         0.000         0.000         0.000
 RS_WF1         0.000         0.000         0.000         0.000         0.000
 RS_WM0         0.000         0.000         0.000         0.000         0.000
 RS_WM1         0.000         0.000         0.000         0.000         0.000


           THETA
              RS_AIF0       RS_AIF1       RS_AIM0       RS_AIM1       RS_ASF0
              ________      ________      ________      ________      ________
 RS_AIF0        0.000
 RS_AIF1        0.000         0.000
 RS_AIM0        0.000         0.000         0.000
 RS_AIM1        0.000         0.000         0.000         0.000
 RS_ASF0        0.000         0.000         0.000         0.000         0.000
 RS_ASF1        0.000         0.000         0.000         0.000         0.000
 RS_ASM0        0.000         0.000         0.000         0.000         0.000
 RS_ASM1        0.000         0.000         0.000         0.000         0.000
 RS_HWF0        0.000         0.000         0.000         0.000         0.000
 RS_HWF1        0.000         0.000         0.000         0.000         0.000
 RS_HWM0        0.000         0.000         0.000         0.000         0.000
 RS_HWM1        0.000         0.000         0.000         0.000         0.000
 RS_HLF0        0.000         0.000         0.000         0.000         0.000
 RS_HLF1        0.000         0.000         0.000         0.000         0.000
 RS_HLM0        0.000         0.000         0.000         0.000         0.000
 RS_HLM1        0.000         0.000         0.000         0.000         0.000
 RS_MRF0        0.000         0.000         0.000         0.000         0.000
 RS_MRF1        0.000         0.000         0.000         0.000         0.000
 RS_MRM0        0.000         0.000         0.000         0.000         0.000
 RS_MRM1        0.000         0.000         0.000         0.000         0.000
 RS_WF1         0.000         0.000         0.000         0.000         0.000
 RS_WM0         0.000         0.000         0.000         0.000         0.000
 RS_WM1         0.000         0.000         0.000         0.000         0.000


           THETA
              RS_ASF1       RS_ASM0       RS_ASM1       RS_HWF0       RS_HWF1
              ________      ________      ________      ________      ________
 RS_ASF1        0.000
 RS_ASM0        0.000         0.000
 RS_ASM1        0.000         0.000         0.000
 RS_HWF0        0.000         0.000         0.000         0.000
 RS_HWF1        0.000         0.000         0.000         0.000         0.000
 RS_HWM0        0.000         0.000         0.000         0.000         0.000
 RS_HWM1        0.000         0.000         0.000         0.000         0.000
 RS_HLF0        0.000         0.000         0.000         0.000         0.000
 RS_HLF1        0.000         0.000         0.000         0.000         0.000
 RS_HLM0        0.000         0.000         0.000         0.000         0.000
 RS_HLM1        0.000         0.000         0.000         0.000         0.000
 RS_MRF0        0.000         0.000         0.000         0.000         0.000
 RS_MRF1        0.000         0.000         0.000         0.000         0.000
 RS_MRM0        0.000         0.000         0.000         0.000         0.000
 RS_MRM1        0.000         0.000         0.000         0.000         0.000
 RS_WF1         0.000         0.000         0.000         0.000         0.000
 RS_WM0         0.000         0.000         0.000         0.000         0.000
 RS_WM1         0.000         0.000         0.000         0.000         0.000


           THETA
              RS_HWM0       RS_HWM1       RS_HLF0       RS_HLF1       RS_HLM0
              ________      ________      ________      ________      ________
 RS_HWM0        0.000
 RS_HWM1        0.000         0.000
 RS_HLF0        0.000         0.000         0.000
 RS_HLF1        0.000         0.000         0.000         0.000
 RS_HLM0        0.000         0.000         0.000         0.000         0.000
 RS_HLM1        0.000         0.000         0.000         0.000         0.000
 RS_MRF0        0.000         0.000         0.000         0.000         0.000
 RS_MRF1        0.000         0.000         0.000         0.000         0.000
 RS_MRM0        0.000         0.000         0.000         0.000         0.000
 RS_MRM1        0.000         0.000         0.000         0.000         0.000
 RS_WF1         0.000         0.000         0.000         0.000         0.000
 RS_WM0         0.000         0.000         0.000         0.000         0.000
 RS_WM1         0.000         0.000         0.000         0.000         0.000


           THETA
              RS_HLM1       RS_MRF0       RS_MRF1       RS_MRM0       RS_MRM1
              ________      ________      ________      ________      ________
 RS_HLM1        0.000
 RS_MRF0        0.000         0.000
 RS_MRF1        0.000         0.000         0.000
 RS_MRM0        0.000         0.000         0.000         0.000
 RS_MRM1        0.000         0.000         0.000         0.000         0.000
 RS_WF1         0.000         0.000         0.000         0.000         0.000
 RS_WM0         0.000         0.000         0.000         0.000         0.000
 RS_WM1         0.000         0.000         0.000         0.000         0.000


           THETA
              RS_WF1        RS_WM0        RS_WM1
              ________      ________      ________
 RS_WF1         0.000
 RS_WM0         0.000         0.000
 RS_WM1         0.000         0.000         0.000


           ALPHA
              IS_SPED       PCT_BLAC      PCT_LATI      PCT_SPED      PCT_LOW_
              ________      ________      ________      ________      ________
                0.000         0.000         0.000         0.000         0.000


           ALPHA
              PCT_LEP_      RS_AAF0       RS_AAF1       RS_AAM0       RS_AAM1
              ________      ________      ________      ________      ________
                0.000         0.000         0.000         0.000         0.000


           ALPHA
              RS_AIF0       RS_AIF1       RS_AIM0       RS_AIM1       RS_ASF0
              ________      ________      ________      ________      ________
                0.000         0.000         0.000         0.000         0.000


           ALPHA
              RS_ASF1       RS_ASM0       RS_ASM1       RS_HWF0       RS_HWF1
              ________      ________      ________      ________      ________
                0.000         0.000         0.000         0.000         0.000


           ALPHA
              RS_HWM0       RS_HWM1       RS_HLF0       RS_HLF1       RS_HLM0
              ________      ________      ________      ________      ________
                0.000         0.000         0.000         0.000         0.000


           ALPHA
              RS_HLM1       RS_MRF0       RS_MRF1       RS_MRM0       RS_MRM1
              ________      ________      ________      ________      ________
                0.000         0.000         0.000         0.000         0.000


           ALPHA
              RS_WF1        RS_WM0        RS_WM1
              ________      ________      ________
                0.000         0.000         0.000


           BETA
              IS_SPED       PCT_BLAC      PCT_LATI      PCT_SPED      PCT_LOW_
              ________      ________      ________      ________      ________
 IS_SPED        0.000         0.000         0.000         0.000         0.000
 PCT_BLAC       0.000         0.000         0.000         0.000         0.000
 PCT_LATI       0.000         0.000         0.000         0.000         0.000
 PCT_SPED       0.000         0.000         0.000         0.000         0.000
 PCT_LOW_       0.000         0.000         0.000         0.000         0.000
 PCT_LEP_       0.000         0.000         0.000         0.000         0.000
 RS_AAF0        0.000         0.000         0.000         0.000         0.000
 RS_AAF1        0.000         0.000         0.000         0.000         0.000
 RS_AAM0        0.000         0.000         0.000         0.000         0.000
 RS_AAM1        0.000         0.000         0.000         0.000         0.000
 RS_AIF0        0.000         0.000         0.000         0.000         0.000
 RS_AIF1        0.000         0.000         0.000         0.000         0.000
 RS_AIM0        0.000         0.000         0.000         0.000         0.000
 RS_AIM1        0.000         0.000         0.000         0.000         0.000
 RS_ASF0        0.000         0.000         0.000         0.000         0.000
 RS_ASF1        0.000         0.000         0.000         0.000         0.000
 RS_ASM0        0.000         0.000         0.000         0.000         0.000
 RS_ASM1        0.000         0.000         0.000         0.000         0.000
 RS_HWF0        0.000         0.000         0.000         0.000         0.000
 RS_HWF1        0.000         0.000         0.000         0.000         0.000
 RS_HWM0        0.000         0.000         0.000         0.000         0.000
 RS_HWM1        0.000         0.000         0.000         0.000         0.000
 RS_HLF0        0.000         0.000         0.000         0.000         0.000
 RS_HLF1        0.000         0.000         0.000         0.000         0.000
 RS_HLM0        0.000         0.000         0.000         0.000         0.000
 RS_HLM1        0.000         0.000         0.000         0.000         0.000
 RS_MRF0        0.000         0.000         0.000         0.000         0.000
 RS_MRF1        0.000         0.000         0.000         0.000         0.000
 RS_MRM0        0.000         0.000         0.000         0.000         0.000
 RS_MRM1        0.000         0.000         0.000         0.000         0.000
 RS_WF1         0.000         0.000         0.000         0.000         0.000
 RS_WM0         0.000         0.000         0.000         0.000         0.000
 RS_WM1         0.000         0.000         0.000         0.000         0.000


           BETA
              PCT_LEP_      RS_AAF0       RS_AAF1       RS_AAM0       RS_AAM1
              ________      ________      ________      ________      ________
 IS_SPED        0.000         0.000         0.000         0.000         0.000
 PCT_BLAC       0.000         0.000         0.000         0.000         0.000
 PCT_LATI       0.000         0.000         0.000         0.000         0.000
 PCT_SPED       0.000         0.000         0.000         0.000         0.000
 PCT_LOW_       0.000         0.000         0.000         0.000         0.000
 PCT_LEP_       0.000         0.000         0.000         0.000         0.000
 RS_AAF0        0.000         0.000         0.000         0.000         0.000
 RS_AAF1        0.000         0.000         0.000         0.000         0.000
 RS_AAM0        0.000         0.000         0.000         0.000         0.000
 RS_AAM1        0.000         0.000         0.000         0.000         0.000
 RS_AIF0        0.000         0.000         0.000         0.000         0.000
 RS_AIF1        0.000         0.000         0.000         0.000         0.000
 RS_AIM0        0.000         0.000         0.000         0.000         0.000
 RS_AIM1        0.000         0.000         0.000         0.000         0.000
 RS_ASF0        0.000         0.000         0.000         0.000         0.000
 RS_ASF1        0.000         0.000         0.000         0.000         0.000
 RS_ASM0        0.000         0.000         0.000         0.000         0.000
 RS_ASM1        0.000         0.000         0.000         0.000         0.000
 RS_HWF0        0.000         0.000         0.000         0.000         0.000
 RS_HWF1        0.000         0.000         0.000         0.000         0.000
 RS_HWM0        0.000         0.000         0.000         0.000         0.000
 RS_HWM1        0.000         0.000         0.000         0.000         0.000
 RS_HLF0        0.000         0.000         0.000         0.000         0.000
 RS_HLF1        0.000         0.000         0.000         0.000         0.000
 RS_HLM0        0.000         0.000         0.000         0.000         0.000
 RS_HLM1        0.000         0.000         0.000         0.000         0.000
 RS_MRF0        0.000         0.000         0.000         0.000         0.000
 RS_MRF1        0.000         0.000         0.000         0.000         0.000
 RS_MRM0        0.000         0.000         0.000         0.000         0.000
 RS_MRM1        0.000         0.000         0.000         0.000         0.000
 RS_WF1         0.000         0.000         0.000         0.000         0.000
 RS_WM0         0.000         0.000         0.000         0.000         0.000
 RS_WM1         0.000         0.000         0.000         0.000         0.000


           BETA
              RS_AIF0       RS_AIF1       RS_AIM0       RS_AIM1       RS_ASF0
              ________      ________      ________      ________      ________
 IS_SPED        0.000         0.000         0.000         0.000         0.000
 PCT_BLAC       0.000         0.000         0.000         0.000         0.000
 PCT_LATI       0.000         0.000         0.000         0.000         0.000
 PCT_SPED       0.000         0.000         0.000         0.000         0.000
 PCT_LOW_       0.000         0.000         0.000         0.000         0.000
 PCT_LEP_       0.000         0.000         0.000         0.000         0.000
 RS_AAF0        0.000         0.000         0.000         0.000         0.000
 RS_AAF1        0.000         0.000         0.000         0.000         0.000
 RS_AAM0        0.000         0.000         0.000         0.000         0.000
 RS_AAM1        0.000         0.000         0.000         0.000         0.000
 RS_AIF0        0.000         0.000         0.000         0.000         0.000
 RS_AIF1        0.000         0.000         0.000         0.000         0.000
 RS_AIM0        0.000         0.000         0.000         0.000         0.000
 RS_AIM1        0.000         0.000         0.000         0.000         0.000
 RS_ASF0        0.000         0.000         0.000         0.000         0.000
 RS_ASF1        0.000         0.000         0.000         0.000         0.000
 RS_ASM0        0.000         0.000         0.000         0.000         0.000
 RS_ASM1        0.000         0.000         0.000         0.000         0.000
 RS_HWF0        0.000         0.000         0.000         0.000         0.000
 RS_HWF1        0.000         0.000         0.000         0.000         0.000
 RS_HWM0        0.000         0.000         0.000         0.000         0.000
 RS_HWM1        0.000         0.000         0.000         0.000         0.000
 RS_HLF0        0.000         0.000         0.000         0.000         0.000
 RS_HLF1        0.000         0.000         0.000         0.000         0.000
 RS_HLM0        0.000         0.000         0.000         0.000         0.000
 RS_HLM1        0.000         0.000         0.000         0.000         0.000
 RS_MRF0        0.000         0.000         0.000         0.000         0.000
 RS_MRF1        0.000         0.000         0.000         0.000         0.000
 RS_MRM0        0.000         0.000         0.000         0.000         0.000
 RS_MRM1        0.000         0.000         0.000         0.000         0.000
 RS_WF1         0.000         0.000         0.000         0.000         0.000
 RS_WM0         0.000         0.000         0.000         0.000         0.000
 RS_WM1         0.000         0.000         0.000         0.000         0.000


           BETA
              RS_ASF1       RS_ASM0       RS_ASM1       RS_HWF0       RS_HWF1
              ________      ________      ________      ________      ________
 IS_SPED        0.000         0.000         0.000         0.000         0.000
 PCT_BLAC       0.000         0.000         0.000         0.000         0.000
 PCT_LATI       0.000         0.000         0.000         0.000         0.000
 PCT_SPED       0.000         0.000         0.000         0.000         0.000
 PCT_LOW_       0.000         0.000         0.000         0.000         0.000
 PCT_LEP_       0.000         0.000         0.000         0.000         0.000
 RS_AAF0        0.000         0.000         0.000         0.000         0.000
 RS_AAF1        0.000         0.000         0.000         0.000         0.000
 RS_AAM0        0.000         0.000         0.000         0.000         0.000
 RS_AAM1        0.000         0.000         0.000         0.000         0.000
 RS_AIF0        0.000         0.000         0.000         0.000         0.000
 RS_AIF1        0.000         0.000         0.000         0.000         0.000
 RS_AIM0        0.000         0.000         0.000         0.000         0.000
 RS_AIM1        0.000         0.000         0.000         0.000         0.000
 RS_ASF0        0.000         0.000         0.000         0.000         0.000
 RS_ASF1        0.000         0.000         0.000         0.000         0.000
 RS_ASM0        0.000         0.000         0.000         0.000         0.000
 RS_ASM1        0.000         0.000         0.000         0.000         0.000
 RS_HWF0        0.000         0.000         0.000         0.000         0.000
 RS_HWF1        0.000         0.000         0.000         0.000         0.000
 RS_HWM0        0.000         0.000         0.000         0.000         0.000
 RS_HWM1        0.000         0.000         0.000         0.000         0.000
 RS_HLF0        0.000         0.000         0.000         0.000         0.000
 RS_HLF1        0.000         0.000         0.000         0.000         0.000
 RS_HLM0        0.000         0.000         0.000         0.000         0.000
 RS_HLM1        0.000         0.000         0.000         0.000         0.000
 RS_MRF0        0.000         0.000         0.000         0.000         0.000
 RS_MRF1        0.000         0.000         0.000         0.000         0.000
 RS_MRM0        0.000         0.000         0.000         0.000         0.000
 RS_MRM1        0.000         0.000         0.000         0.000         0.000
 RS_WF1         0.000         0.000         0.000         0.000         0.000
 RS_WM0         0.000         0.000         0.000         0.000         0.000
 RS_WM1         0.000         0.000         0.000         0.000         0.000


           BETA
              RS_HWM0       RS_HWM1       RS_HLF0       RS_HLF1       RS_HLM0
              ________      ________      ________      ________      ________
 IS_SPED        0.000         0.000         0.000         0.000         0.000
 PCT_BLAC       0.000         0.000         0.000         0.000         0.000
 PCT_LATI       0.000         0.000         0.000         0.000         0.000
 PCT_SPED       0.000         0.000         0.000         0.000         0.000
 PCT_LOW_       0.000         0.000         0.000         0.000         0.000
 PCT_LEP_       0.000         0.000         0.000         0.000         0.000
 RS_AAF0        0.000         0.000         0.000         0.000         0.000
 RS_AAF1        0.000         0.000         0.000         0.000         0.000
 RS_AAM0        0.000         0.000         0.000         0.000         0.000
 RS_AAM1        0.000         0.000         0.000         0.000         0.000
 RS_AIF0        0.000         0.000         0.000         0.000         0.000
 RS_AIF1        0.000         0.000         0.000         0.000         0.000
 RS_AIM0        0.000         0.000         0.000         0.000         0.000
 RS_AIM1        0.000         0.000         0.000         0.000         0.000
 RS_ASF0        0.000         0.000         0.000         0.000         0.000
 RS_ASF1        0.000         0.000         0.000         0.000         0.000
 RS_ASM0        0.000         0.000         0.000         0.000         0.000
 RS_ASM1        0.000         0.000         0.000         0.000         0.000
 RS_HWF0        0.000         0.000         0.000         0.000         0.000
 RS_HWF1        0.000         0.000         0.000         0.000         0.000
 RS_HWM0        0.000         0.000         0.000         0.000         0.000
 RS_HWM1        0.000         0.000         0.000         0.000         0.000
 RS_HLF0        0.000         0.000         0.000         0.000         0.000
 RS_HLF1        0.000         0.000         0.000         0.000         0.000
 RS_HLM0        0.000         0.000         0.000         0.000         0.000
 RS_HLM1        0.000         0.000         0.000         0.000         0.000
 RS_MRF0        0.000         0.000         0.000         0.000         0.000
 RS_MRF1        0.000         0.000         0.000         0.000         0.000
 RS_MRM0        0.000         0.000         0.000         0.000         0.000
 RS_MRM1        0.000         0.000         0.000         0.000         0.000
 RS_WF1         0.000         0.000         0.000         0.000         0.000
 RS_WM0         0.000         0.000         0.000         0.000         0.000
 RS_WM1         0.000         0.000         0.000         0.000         0.000


           BETA
              RS_HLM1       RS_MRF0       RS_MRF1       RS_MRM0       RS_MRM1
              ________      ________      ________      ________      ________
 IS_SPED        0.000         0.000         0.000         0.000         0.000
 PCT_BLAC       0.000         0.000         0.000         0.000         0.000
 PCT_LATI       0.000         0.000         0.000         0.000         0.000
 PCT_SPED       0.000         0.000         0.000         0.000         0.000
 PCT_LOW_       0.000         0.000         0.000         0.000         0.000
 PCT_LEP_       0.000         0.000         0.000         0.000         0.000
 RS_AAF0        0.000         0.000         0.000         0.000         0.000
 RS_AAF1        0.000         0.000         0.000         0.000         0.000
 RS_AAM0        0.000         0.000         0.000         0.000         0.000
 RS_AAM1        0.000         0.000         0.000         0.000         0.000
 RS_AIF0        0.000         0.000         0.000         0.000         0.000
 RS_AIF1        0.000         0.000         0.000         0.000         0.000
 RS_AIM0        0.000         0.000         0.000         0.000         0.000
 RS_AIM1        0.000         0.000         0.000         0.000         0.000
 RS_ASF0        0.000         0.000         0.000         0.000         0.000
 RS_ASF1        0.000         0.000         0.000         0.000         0.000
 RS_ASM0        0.000         0.000         0.000         0.000         0.000
 RS_ASM1        0.000         0.000         0.000         0.000         0.000
 RS_HWF0        0.000         0.000         0.000         0.000         0.000
 RS_HWF1        0.000         0.000         0.000         0.000         0.000
 RS_HWM0        0.000         0.000         0.000         0.000         0.000
 RS_HWM1        0.000         0.000         0.000         0.000         0.000
 RS_HLF0        0.000         0.000         0.000         0.000         0.000
 RS_HLF1        0.000         0.000         0.000         0.000         0.000
 RS_HLM0        0.000         0.000         0.000         0.000         0.000
 RS_HLM1        0.000         0.000         0.000         0.000         0.000
 RS_MRF0        0.000         0.000         0.000         0.000         0.000
 RS_MRF1        0.000         0.000         0.000         0.000         0.000
 RS_MRM0        0.000         0.000         0.000         0.000         0.000
 RS_MRM1        0.000         0.000         0.000         0.000         0.000
 RS_WF1         0.000         0.000         0.000         0.000         0.000
 RS_WM0         0.000         0.000         0.000         0.000         0.000
 RS_WM1         0.000         0.000         0.000         0.000         0.000


           BETA
              RS_WF1        RS_WM0        RS_WM1
              ________      ________      ________
 IS_SPED        0.000         0.000         0.000
 PCT_BLAC       0.000         0.000         0.000
 PCT_LATI       0.000         0.000         0.000
 PCT_SPED       0.000         0.000         0.000
 PCT_LOW_       0.000         0.000         0.000
 PCT_LEP_       0.000         0.000         0.000
 RS_AAF0        0.000         0.000         0.000
 RS_AAF1        0.000         0.000         0.000
 RS_AAM0        0.000         0.000         0.000
 RS_AAM1        0.000         0.000         0.000
 RS_AIF0        0.000         0.000         0.000
 RS_AIF1        0.000         0.000         0.000
 RS_AIM0        0.000         0.000         0.000
 RS_AIM1        0.000         0.000         0.000
 RS_ASF0        0.000         0.000         0.000
 RS_ASF1        0.000         0.000         0.000
 RS_ASM0        0.000         0.000         0.000
 RS_ASM1        0.000         0.000         0.000
 RS_HWF0        0.000         0.000         0.000
 RS_HWF1        0.000         0.000         0.000
 RS_HWM0        0.000         0.000         0.000
 RS_HWM1        0.000         0.000         0.000
 RS_HLF0        0.000         0.000         0.000
 RS_HLF1        0.000         0.000         0.000
 RS_HLM0        0.000         0.000         0.000
 RS_HLM1        0.000         0.000         0.000
 RS_MRF0        0.000         0.000         0.000
 RS_MRF1        0.000         0.000         0.000
 RS_MRM0        0.000         0.000         0.000
 RS_MRM1        0.000         0.000         0.000
 RS_WF1         0.000         0.000         0.000
 RS_WM0         0.000         0.000         0.000
 RS_WM1         0.000         0.000         0.000


           PSI
              IS_SPED       PCT_BLAC      PCT_LATI      PCT_SPED      PCT_LOW_
              ________      ________      ________      ________      ________
 IS_SPED        1.000
 PCT_BLAC       0.000       161.674
 PCT_LATI       0.000         0.000       110.614
 PCT_SPED       0.000         0.000         0.000        71.656
 PCT_LOW_       0.000         0.000         0.000         0.000        91.283
 PCT_LEP_       0.000         0.000         0.000         0.000         0.000
 RS_AAF0        0.000         0.000         0.000         0.000         0.000
 RS_AAF1        0.000         0.000         0.000         0.000         0.000
 RS_AAM0        0.000         0.000         0.000         0.000         0.000
 RS_AAM1        0.000         0.000         0.000         0.000         0.000
 RS_AIF0        0.000         0.000         0.000         0.000         0.000
 RS_AIF1        0.000         0.000         0.000         0.000         0.000
 RS_AIM0        0.000         0.000         0.000         0.000         0.000
 RS_AIM1        0.000         0.000         0.000         0.000         0.000
 RS_ASF0        0.000         0.000         0.000         0.000         0.000
 RS_ASF1        0.000         0.000         0.000         0.000         0.000
 RS_ASM0        0.000         0.000         0.000         0.000         0.000
 RS_ASM1        0.000         0.000         0.000         0.000         0.000
 RS_HWF0        0.000         0.000         0.000         0.000         0.000
 RS_HWF1        0.000         0.000         0.000         0.000         0.000
 RS_HWM0        0.000         0.000         0.000         0.000         0.000
 RS_HWM1        0.000         0.000         0.000         0.000         0.000
 RS_HLF0        0.000         0.000         0.000         0.000         0.000
 RS_HLF1        0.000         0.000         0.000         0.000         0.000
 RS_HLM0        0.000         0.000         0.000         0.000         0.000
 RS_HLM1        0.000         0.000         0.000         0.000         0.000
 RS_MRF0        0.000         0.000         0.000         0.000         0.000
 RS_MRF1        0.000         0.000         0.000         0.000         0.000
 RS_MRM0        0.000         0.000         0.000         0.000         0.000
 RS_MRM1        0.000         0.000         0.000         0.000         0.000
 RS_WF1         0.000         0.000         0.000         0.000         0.000
 RS_WM0         0.000         0.000         0.000         0.000         0.000
 RS_WM1         0.000         0.000         0.000         0.000         0.000


           PSI
              PCT_LEP_      RS_AAF0       RS_AAF1       RS_AAM0       RS_AAM1
              ________      ________      ________      ________      ________
 PCT_LEP_      63.993
 RS_AAF0        0.000         0.039
 RS_AAF1        0.000         0.000         0.030
 RS_AAM0        0.000         0.000         0.000         0.041
 RS_AAM1        0.000         0.000         0.000         0.000         0.031
 RS_AIF0        0.000         0.000         0.000         0.000         0.000
 RS_AIF1        0.000         0.000         0.000         0.000         0.000
 RS_AIM0        0.000         0.000         0.000         0.000         0.000
 RS_AIM1        0.000         0.000         0.000         0.000         0.000
 RS_ASF0        0.000         0.000         0.000         0.000         0.000
 RS_ASF1        0.000         0.000         0.000         0.000         0.000
 RS_ASM0        0.000         0.000         0.000         0.000         0.000
 RS_ASM1        0.000         0.000         0.000         0.000         0.000
 RS_HWF0        0.000         0.000         0.000         0.000         0.000
 RS_HWF1        0.000         0.000         0.000         0.000         0.000
 RS_HWM0        0.000         0.000         0.000         0.000         0.000
 RS_HWM1        0.000         0.000         0.000         0.000         0.000
 RS_HLF0        0.000         0.000         0.000         0.000         0.000
 RS_HLF1        0.000         0.000         0.000         0.000         0.000
 RS_HLM0        0.000         0.000         0.000         0.000         0.000
 RS_HLM1        0.000         0.000         0.000         0.000         0.000
 RS_MRF0        0.000         0.000         0.000         0.000         0.000
 RS_MRF1        0.000         0.000         0.000         0.000         0.000
 RS_MRM0        0.000         0.000         0.000         0.000         0.000
 RS_MRM1        0.000         0.000         0.000         0.000         0.000
 RS_WF1         0.000         0.000         0.000         0.000         0.000
 RS_WM0         0.000         0.000         0.000         0.000         0.000
 RS_WM1         0.000         0.000         0.000         0.000         0.000


           PSI
              RS_AIF0       RS_AIF1       RS_AIM0       RS_AIM1       RS_ASF0
              ________      ________      ________      ________      ________
 RS_AIF0        0.001
 RS_AIF1        0.000         0.000
 RS_AIM0        0.000         0.000         0.001
 RS_AIM1        0.000         0.000         0.000         0.000
 RS_ASF0        0.000         0.000         0.000         0.000         0.010
 RS_ASF1        0.000         0.000         0.000         0.000         0.000
 RS_ASM0        0.000         0.000         0.000         0.000         0.000
 RS_ASM1        0.000         0.000         0.000         0.000         0.000
 RS_HWF0        0.000         0.000         0.000         0.000         0.000
 RS_HWF1        0.000         0.000         0.000         0.000         0.000
 RS_HWM0        0.000         0.000         0.000         0.000         0.000
 RS_HWM1        0.000         0.000         0.000         0.000         0.000
 RS_HLF0        0.000         0.000         0.000         0.000         0.000
 RS_HLF1        0.000         0.000         0.000         0.000         0.000
 RS_HLM0        0.000         0.000         0.000         0.000         0.000
 RS_HLM1        0.000         0.000         0.000         0.000         0.000
 RS_MRF0        0.000         0.000         0.000         0.000         0.000
 RS_MRF1        0.000         0.000         0.000         0.000         0.000
 RS_MRM0        0.000         0.000         0.000         0.000         0.000
 RS_MRM1        0.000         0.000         0.000         0.000         0.000
 RS_WF1         0.000         0.000         0.000         0.000         0.000
 RS_WM0         0.000         0.000         0.000         0.000         0.000
 RS_WM1         0.000         0.000         0.000         0.000         0.000


           PSI
              RS_ASF1       RS_ASM0       RS_ASM1       RS_HWF0       RS_HWF1
              ________      ________      ________      ________      ________
 RS_ASF1        0.001
 RS_ASM0        0.000         0.011
 RS_ASM1        0.000         0.000         0.001
 RS_HWF0        0.000         0.000         0.000         0.000
 RS_HWF1        0.000         0.000         0.000         0.000         0.000
 RS_HWM0        0.000         0.000         0.000         0.000         0.000
 RS_HWM1        0.000         0.000         0.000         0.000         0.000
 RS_HLF0        0.000         0.000         0.000         0.000         0.000
 RS_HLF1        0.000         0.000         0.000         0.000         0.000
 RS_HLM0        0.000         0.000         0.000         0.000         0.000
 RS_HLM1        0.000         0.000         0.000         0.000         0.000
 RS_MRF0        0.000         0.000         0.000         0.000         0.000
 RS_MRF1        0.000         0.000         0.000         0.000         0.000
 RS_MRM0        0.000         0.000         0.000         0.000         0.000
 RS_MRM1        0.000         0.000         0.000         0.000         0.000
 RS_WF1         0.000         0.000         0.000         0.000         0.000
 RS_WM0         0.000         0.000         0.000         0.000         0.000
 RS_WM1         0.000         0.000         0.000         0.000         0.000


           PSI
              RS_HWM0       RS_HWM1       RS_HLF0       RS_HLF1       RS_HLM0
              ________      ________      ________      ________      ________
 RS_HWM0        0.000
 RS_HWM1        0.000         0.000
 RS_HLF0        0.000         0.000         0.032
 RS_HLF1        0.000         0.000         0.000         0.014
 RS_HLM0        0.000         0.000         0.000         0.000         0.033
 RS_HLM1        0.000         0.000         0.000         0.000         0.000
 RS_MRF0        0.000         0.000         0.000         0.000         0.000
 RS_MRF1        0.000         0.000         0.000         0.000         0.000
 RS_MRM0        0.000         0.000         0.000         0.000         0.000
 RS_MRM1        0.000         0.000         0.000         0.000         0.000
 RS_WF1         0.000         0.000         0.000         0.000         0.000
 RS_WM0         0.000         0.000         0.000         0.000         0.000
 RS_WM1         0.000         0.000         0.000         0.000         0.000


           PSI
              RS_HLM1       RS_MRF0       RS_MRF1       RS_MRM0       RS_MRM1
              ________      ________      ________      ________      ________
 RS_HLM1        0.014
 RS_MRF0        0.000         0.009
 RS_MRF1        0.000         0.000         0.005
 RS_MRM0        0.000         0.000         0.000         0.009
 RS_MRM1        0.000         0.000         0.000         0.000         0.005
 RS_WF1         0.000         0.000         0.000         0.000         0.000
 RS_WM0         0.000         0.000         0.000         0.000         0.000
 RS_WM1         0.000         0.000         0.000         0.000         0.000


           PSI
              RS_WF1        RS_WM0        RS_WM1
              ________      ________      ________
 RS_WF1         0.015
 RS_WM0         0.000         0.071
 RS_WM1         0.000         0.000         0.016


     STARTING VALUES FOR BETWEEN


           TAU
              IS_SPED$
              ________
                0.876


           NU
              IS_SPED       PCT_BLAC      PCT_LATI      PCT_SPED      PCT_LOW_
              ________      ________      ________      ________      ________
                0.000         0.000         0.000         0.000         0.000


           NU
              PCT_LEP_
              ________
                0.000


           LAMBDA
              IS_SPED       PCT_BLAC      PCT_LATI      PCT_SPED      PCT_LOW_
              ________      ________      ________      ________      ________
 IS_SPED        1.000         0.000         0.000         0.000         0.000
 PCT_BLAC       0.000         1.000         0.000         0.000         0.000
 PCT_LATI       0.000         0.000         1.000         0.000         0.000
 PCT_SPED       0.000         0.000         0.000         1.000         0.000
 PCT_LOW_       0.000         0.000         0.000         0.000         1.000
 PCT_LEP_       0.000         0.000         0.000         0.000         0.000


           LAMBDA
              PCT_LEP_
              ________
 IS_SPED        0.000
 PCT_BLAC       0.000
 PCT_LATI       0.000
 PCT_SPED       0.000
 PCT_LOW_       0.000
 PCT_LEP_       1.000


           THETA
              IS_SPED       PCT_BLAC      PCT_LATI      PCT_SPED      PCT_LOW_
              ________      ________      ________      ________      ________
 IS_SPED        0.000
 PCT_BLAC       0.000         0.000
 PCT_LATI       0.000         0.000         0.000
 PCT_SPED       0.000         0.000         0.000         0.000
 PCT_LOW_       0.000         0.000         0.000         0.000         0.000
 PCT_LEP_       0.000         0.000         0.000         0.000         0.000


           THETA
              PCT_LEP_
              ________
 PCT_LEP_       0.000


           ALPHA
              IS_SPED       PCT_BLAC      PCT_LATI      PCT_SPED      PCT_LOW_
              ________      ________      ________      ________      ________
                0.000        -2.350         0.578        -5.720        -3.526


           ALPHA
              PCT_LEP_
              ________
               -0.057


           BETA
              IS_SPED       PCT_BLAC      PCT_LATI      PCT_SPED      PCT_LOW_
              ________      ________      ________      ________      ________
 IS_SPED        0.000         0.000         0.000         0.000         0.000
 PCT_BLAC       0.000         0.000         0.000         0.000         0.000
 PCT_LATI       0.000         0.000         0.000         0.000         0.000
 PCT_SPED       0.000         0.000         0.000         0.000         0.000
 PCT_LOW_       0.000         0.000         0.000         0.000         0.000
 PCT_LEP_       0.000         0.000         0.000         0.000         0.000


           BETA
              PCT_LEP_
              ________
 IS_SPED        0.000
 PCT_BLAC       0.000
 PCT_LATI       0.000
 PCT_SPED       0.000
 PCT_LOW_       0.000
 PCT_LEP_       0.000


           PSI
              IS_SPED       PCT_BLAC      PCT_LATI      PCT_SPED      PCT_LOW_
              ________      ________      ________      ________      ________
 IS_SPED        1.000
 PCT_BLAC       0.000       161.674
 PCT_LATI       0.000         0.000       110.614
 PCT_SPED       0.000         0.000         0.000        71.656
 PCT_LOW_       0.000         0.000         0.000         0.000        91.283
 PCT_LEP_       0.000         0.000         0.000         0.000         0.000


           PSI
              PCT_LEP_
              ________
 PCT_LEP_      63.993



     PRIORS FOR ALL PARAMETERS            PRIOR MEAN      PRIOR VARIANCE     PRIOR STD. DEV.

     Parameter 1~N(0.000,5.000)              0.0000              5.0000              2.2361
     Parameter 2~N(0.000,5.000)              0.0000              5.0000              2.2361
     Parameter 3~N(0.000,5.000)              0.0000              5.0000              2.2361
     Parameter 4~N(0.000,5.000)              0.0000              5.0000              2.2361
     Parameter 5~N(0.000,5.000)              0.0000              5.0000              2.2361
     Parameter 6~N(0.000,5.000)              0.0000              5.0000              2.2361
     Parameter 7~N(0.000,5.000)              0.0000              5.0000              2.2361
     Parameter 8~N(0.000,5.000)              0.0000              5.0000              2.2361
     Parameter 9~N(0.000,5.000)              0.0000              5.0000              2.2361
     Parameter 10~N(0.000,5.000)             0.0000              5.0000              2.2361
     Parameter 11~N(0.000,5.000)             0.0000              5.0000              2.2361
     Parameter 12~N(0.000,5.000)             0.0000              5.0000              2.2361
     Parameter 13~N(0.000,5.000)             0.0000              5.0000              2.2361
     Parameter 14~N(0.000,5.000)             0.0000              5.0000              2.2361
     Parameter 15~N(0.000,5.000)             0.0000              5.0000              2.2361
     Parameter 16~N(0.000,5.000)             0.0000              5.0000              2.2361
     Parameter 17~N(0.000,5.000)             0.0000              5.0000              2.2361
     Parameter 18~N(0.000,5.000)             0.0000              5.0000              2.2361
     Parameter 19~N(0.000,5.000)             0.0000              5.0000              2.2361
     Parameter 20~N(0.000,5.000)             0.0000              5.0000              2.2361
     Parameter 21~N(0.000,5.000)             0.0000              5.0000              2.2361
     Parameter 22~N(0.000,5.000)             0.0000              5.0000              2.2361
     Parameter 23~N(0.000,5.000)             0.0000              5.0000              2.2361
     Parameter 24~N(0.000,5.000)             0.0000              5.0000              2.2361
     Parameter 25~N(0.000,5.000)             0.0000              5.0000              2.2361
     Parameter 26~N(0.000,5.000)             0.0000              5.0000              2.2361
     Parameter 27~N(0.000,5.000)             0.0000              5.0000              2.2361
     Parameter 28~IW(1.000,6)              infinity            infinity            infinity
     Parameter 29~IW(0.000,6)              infinity            infinity            infinity
     Parameter 30~IW(1.000,6)              infinity            infinity            infinity
     Parameter 31~IW(0.000,6)              infinity            infinity            infinity
     Parameter 32~IW(0.000,6)              infinity            infinity            infinity
     Parameter 33~IW(1.000,6)              infinity            infinity            infinity
     Parameter 34~IW(0.000,6)              infinity            infinity            infinity
     Parameter 35~IW(0.000,6)              infinity            infinity            infinity
     Parameter 36~IW(0.000,6)              infinity            infinity            infinity
     Parameter 37~IW(1.000,6)              infinity            infinity            infinity
     Parameter 38~IW(0.000,6)              infinity            infinity            infinity
     Parameter 39~IW(0.000,6)              infinity            infinity            infinity
     Parameter 40~IW(0.000,6)              infinity            infinity            infinity
     Parameter 41~IW(0.000,6)              infinity            infinity            infinity
     Parameter 42~IW(1.000,6)              infinity            infinity            infinity
     Parameter 43~N(0.000,infinity)          0.0000            infinity            infinity
     Parameter 44~N(0.000,infinity)          0.0000            infinity            infinity
     Parameter 45~N(0.000,infinity)          0.0000            infinity            infinity
     Parameter 46~N(0.000,infinity)          0.0000            infinity            infinity
     Parameter 47~N(0.000,infinity)          0.0000            infinity            infinity
     Parameter 48~N(0.000,5.000)             0.0000              5.0000              2.2361
     Parameter 49~N(0.000,5.000)             0.0000              5.0000              2.2361
     Parameter 50~N(0.000,5.000)             0.0000              5.0000              2.2361
     Parameter 51~N(0.000,5.000)             0.0000              5.0000              2.2361
     Parameter 52~N(0.000,5.000)             0.0000              5.0000              2.2361
     Parameter 53~IG(-1.000,0.000)         infinity            infinity            infinity
     Parameter 54~IW(1.000,6)              infinity            infinity            infinity
     Parameter 55~IW(0.000,6)              infinity            infinity            infinity
     Parameter 56~IW(1.000,6)              infinity            infinity            infinity
     Parameter 57~IW(0.000,6)              infinity            infinity            infinity
     Parameter 58~IW(0.000,6)              infinity            infinity            infinity
     Parameter 59~IW(1.000,6)              infinity            infinity            infinity
     Parameter 60~IW(0.000,6)              infinity            infinity            infinity
     Parameter 61~IW(0.000,6)              infinity            infinity            infinity
     Parameter 62~IW(0.000,6)              infinity            infinity            infinity
     Parameter 63~IW(1.000,6)              infinity            infinity            infinity
     Parameter 64~IW(0.000,6)              infinity            infinity            infinity
     Parameter 65~IW(0.000,6)              infinity            infinity            infinity
     Parameter 66~IW(0.000,6)              infinity            infinity            infinity
     Parameter 67~IW(0.000,6)              infinity            infinity            infinity
     Parameter 68~IW(1.000,6)              infinity            infinity            infinity
     Parameter 69~N(0.000,5.000)             0.0000              5.0000              2.2361


TECHNICAL 8 OUTPUT


   TECHNICAL 8 OUTPUT FOR BAYES ESTIMATION

     PROCESSOR    BSEED
     1            0
     2            285380
     3            253358
     4            93468

                     POTENTIAL       PARAMETER WITH
     ITERATION    SCALE REDUCTION      HIGHEST PSR
     100              1.341               10
     200              1.161               9
     300              1.183               3
     400              1.106               17
     500              1.060               17
     600              1.072               5
     700              1.035               14
     800              1.037               14
     900              1.036               14
     1000             1.065               19
     1100             1.028               19
     1200             1.020               19
     1300             1.029               17
     1400             1.025               53
     1500             1.012               53
     1600             1.016               4
     1700             1.015               10
     1800             1.027               3
     1900             1.034               3
     2000             1.048               3
     2100             1.036               3
     2200             1.029               53
     2300             1.031               53
     2400             1.027               53
     2500             1.019               26
     2600             1.023               26
     2700             1.023               26
     2800             1.014               26
     2900             1.009               53
     3000             1.009               22
     3100             1.007               10
     3200             1.007               26
     3300             1.004               10
     3400             1.005               53
     3500             1.005               53
     3600             1.008               53
     3700             1.010               53
     3800             1.009               53
     3900             1.011               4
     4000             1.007               4
     4100             1.003               4
     4200             1.004               53
     4300             1.005               4
     4400             1.004               5
     4500             1.004               5
     4600             1.007               4
     4700             1.009               4
     4800             1.011               4
     4900             1.009               4
     5000             1.007               26
     5100             1.010               4
     5200             1.006               4
     5300             1.008               4
     5400             1.005               53
     5500             1.005               4
     5600             1.006               53
     5700             1.005               4
     5800             1.004               4
     5900             1.005               53
     6000             1.007               53
     6100             1.010               53
     6200             1.011               53
     6300             1.013               53
     6400             1.011               53
     6500             1.011               53
     6600             1.011               53
     6700             1.009               53
     6800             1.010               53
     6900             1.012               53
     7000             1.011               53
     7100             1.008               53
     7200             1.007               53
     7300             1.007               53
     7400             1.005               53
     7500             1.004               53
     7600             1.003               53
     7700             1.003               53
     7800             1.004               53
     7900             1.004               53
     8000             1.005               53
     8100             1.006               53
     8200             1.005               53
     8300             1.005               53
     8400             1.004               53
     8500             1.004               53
     8600             1.004               53
     8700             1.004               53
     8800             1.004               53
     8900             1.003               53
     9000             1.004               53
     9100             1.004               53
     9200             1.005               53
     9300             1.005               53
     9400             1.004               53
     9500             1.004               53
     9600             1.003               53
     9700             1.002               53
     9800             1.002               53
     9900             1.003               53
     10000            1.002               53
     10100            1.002               53
     10200            1.001               26
     10300            1.001               53
     10400            1.001               14
     10500            1.002               26
     10600            1.001               14
     10700            1.002               14
     10800            1.003               14
     10900            1.002               14
     11000            1.002               15
     11100            1.002               15
     11200            1.002               15
     11300            1.002               9
     11400            1.002               9
     11500            1.002               9
     11600            1.002               9
     11700            1.002               15
     11800            1.002               15
     11900            1.002               15
     12000            1.002               15
     12100            1.002               15
     12200            1.002               15
     12300            1.002               15
     12400            1.002               15
     12500            1.002               15
     12600            1.002               15
     12700            1.002               15
     12800            1.002               15
     12900            1.002               15
     13000            1.002               15
     13100            1.002               15
     13200            1.002               15
     13300            1.002               15
     13400            1.002               15
     13500            1.002               15
     13600            1.001               15
     13700            1.001               15
     13800            1.001               15
     13900            1.002               15
     14000            1.002               15
     14100            1.002               23
     14200            1.002               1
     14300            1.002               1
     14400            1.003               1
     14500            1.003               1
     14600            1.004               1
     14700            1.004               1
     14800            1.003               1
     14900            1.004               1
     15000            1.004               1
     15100            1.004               1
     15200            1.004               1
     15300            1.004               1
     15400            1.003               1
     15500            1.003               1
     15600            1.003               1
     15700            1.003               1
     15800            1.004               1
     15900            1.004               1
     16000            1.004               1
     16100            1.005               1
     16200            1.005               1
     16300            1.005               1
     16400            1.005               1
     16500            1.006               1
     16600            1.006               1
     16700            1.005               1
     16800            1.004               1
     16900            1.004               1
     17000            1.004               1
     17100            1.005               1
     17200            1.005               1
     17300            1.004               1
     17400            1.004               1
     17500            1.004               1
     17600            1.004               1
     17700            1.003               1
     17800            1.003               1
     17900            1.004               1
     18000            1.004               1
     18100            1.004               1
     18200            1.004               1
     18300            1.004               1
     18400            1.005               1
     18500            1.006               1
     18600            1.006               1
     18700            1.005               1
     18800            1.006               1
     18900            1.005               1
     19000            1.005               1
     19100            1.005               1
     19200            1.006               1
     19300            1.007               1
     19400            1.006               1
     19500            1.007               1
     19600            1.006               1
     19700            1.006               1
     19800            1.006               1
     19900            1.007               1
     20000            1.006               1


SAVEDATA INFORMATION


  Bayesian Parameters

  Save file
    mcmc2.txt
  Save format      Free

  Order of parameters saved

    Chain number
    Iteration number
    Parameter 1, %WITHIN%: IS_SPED ON RS_AAF0
    Parameter 2, %WITHIN%: IS_SPED ON RS_AAF1
    Parameter 3, %WITHIN%: IS_SPED ON RS_AAM0
    Parameter 4, %WITHIN%: IS_SPED ON RS_AAM1
    Parameter 5, %WITHIN%: IS_SPED ON RS_AIF0
    Parameter 6, %WITHIN%: IS_SPED ON RS_AIF1
    Parameter 7, %WITHIN%: IS_SPED ON RS_AIM0
    Parameter 8, %WITHIN%: IS_SPED ON RS_AIM1
    Parameter 9, %WITHIN%: IS_SPED ON RS_ASF0
    Parameter 10, %WITHIN%: IS_SPED ON RS_ASF1
    Parameter 11, %WITHIN%: IS_SPED ON RS_ASM0
    Parameter 12, %WITHIN%: IS_SPED ON RS_ASM1
    Parameter 13, %WITHIN%: IS_SPED ON RS_HWF0
    Parameter 14, %WITHIN%: IS_SPED ON RS_HWF1
    Parameter 15, %WITHIN%: IS_SPED ON RS_HWM0
    Parameter 16, %WITHIN%: IS_SPED ON RS_HWM1
    Parameter 17, %WITHIN%: IS_SPED ON RS_HLF0
    Parameter 18, %WITHIN%: IS_SPED ON RS_HLF1
    Parameter 19, %WITHIN%: IS_SPED ON RS_HLM0
    Parameter 20, %WITHIN%: IS_SPED ON RS_HLM1
    Parameter 21, %WITHIN%: IS_SPED ON RS_MRF0
    Parameter 22, %WITHIN%: IS_SPED ON RS_MRF1
    Parameter 23, %WITHIN%: IS_SPED ON RS_MRM0
    Parameter 24, %WITHIN%: IS_SPED ON RS_MRM1
    Parameter 25, %WITHIN%: IS_SPED ON RS_WF1
    Parameter 26, %WITHIN%: IS_SPED ON RS_WM0
    Parameter 27, %WITHIN%: IS_SPED ON RS_WM1
    Parameter 28, %WITHIN%: PCT_BLACK_C
    Parameter 29, %WITHIN%: PCT_LATINE_C WITH PCT_BLACK_C
    Parameter 30, %WITHIN%: PCT_LATINE_C
    Parameter 31, %WITHIN%: PCT_SPED_C WITH PCT_BLACK_C
    Parameter 32, %WITHIN%: PCT_SPED_C WITH PCT_LATINE_C
    Parameter 33, %WITHIN%: PCT_SPED_C
    Parameter 34, %WITHIN%: PCT_LOW_SES_C WITH PCT_BLACK_C
    Parameter 35, %WITHIN%: PCT_LOW_SES_C WITH PCT_LATINE_C
    Parameter 36, %WITHIN%: PCT_LOW_SES_C WITH PCT_SPED_C
    Parameter 37, %WITHIN%: PCT_LOW_SES_C
    Parameter 38, %WITHIN%: PCT_LEP_C WITH PCT_BLACK_C
    Parameter 39, %WITHIN%: PCT_LEP_C WITH PCT_LATINE_C
    Parameter 40, %WITHIN%: PCT_LEP_C WITH PCT_SPED_C
    Parameter 41, %WITHIN%: PCT_LEP_C WITH PCT_LOW_SES_C
    Parameter 42, %WITHIN%: PCT_LEP_C
    Parameter 43, %BETWEEN%: [ PCT_BLACK_C ]
    Parameter 44, %BETWEEN%: [ PCT_LATINE_C ]
    Parameter 45, %BETWEEN%: [ PCT_SPED_C ]
    Parameter 46, %BETWEEN%: [ PCT_LOW_SES_C ]
    Parameter 47, %BETWEEN%: [ PCT_LEP_C ]
    Parameter 48, %BETWEEN%: IS_SPED ON PCT_BLACK_C
    Parameter 49, %BETWEEN%: IS_SPED ON PCT_LATINE_C
    Parameter 50, %BETWEEN%: IS_SPED ON PCT_SPED_C
    Parameter 51, %BETWEEN%: IS_SPED ON PCT_LOW_SES_C
    Parameter 52, %BETWEEN%: IS_SPED ON PCT_LEP_C
    Parameter 53, %BETWEEN%: IS_SPED
    Parameter 54, %BETWEEN%: PCT_BLACK_C
    Parameter 55, %BETWEEN%: PCT_LATINE_C WITH PCT_BLACK_C
    Parameter 56, %BETWEEN%: PCT_LATINE_C
    Parameter 57, %BETWEEN%: PCT_SPED_C WITH PCT_BLACK_C
    Parameter 58, %BETWEEN%: PCT_SPED_C WITH PCT_LATINE_C
    Parameter 59, %BETWEEN%: PCT_SPED_C
    Parameter 60, %BETWEEN%: PCT_LOW_SES_C WITH PCT_BLACK_C
    Parameter 61, %BETWEEN%: PCT_LOW_SES_C WITH PCT_LATINE_C
    Parameter 62, %BETWEEN%: PCT_LOW_SES_C WITH PCT_SPED_C
    Parameter 63, %BETWEEN%: PCT_LOW_SES_C
    Parameter 64, %BETWEEN%: PCT_LEP_C WITH PCT_BLACK_C
    Parameter 65, %BETWEEN%: PCT_LEP_C WITH PCT_LATINE_C
    Parameter 66, %BETWEEN%: PCT_LEP_C WITH PCT_SPED_C
    Parameter 67, %BETWEEN%: PCT_LEP_C WITH PCT_LOW_SES_C
    Parameter 68, %BETWEEN%: PCT_LEP_C
    Parameter 69, %BETWEEN%: [ IS_SPED$1 ]
    STD, %WITHIN%: IS_SPED ON RS_AAF0
    STD, %WITHIN%: IS_SPED ON RS_AAF1
    STD, %WITHIN%: IS_SPED ON RS_AAM0
    STD, %WITHIN%: IS_SPED ON RS_AAM1
    STD, %WITHIN%: IS_SPED ON RS_AIF0
    STD, %WITHIN%: IS_SPED ON RS_AIF1
    STD, %WITHIN%: IS_SPED ON RS_AIM0
    STD, %WITHIN%: IS_SPED ON RS_AIM1
    STD, %WITHIN%: IS_SPED ON RS_ASF0
    STD, %WITHIN%: IS_SPED ON RS_ASF1
    STD, %WITHIN%: IS_SPED ON RS_ASM0
    STD, %WITHIN%: IS_SPED ON RS_ASM1
    STD, %WITHIN%: IS_SPED ON RS_HWF0
    STD, %WITHIN%: IS_SPED ON RS_HWF1
    STD, %WITHIN%: IS_SPED ON RS_HWM0
    STD, %WITHIN%: IS_SPED ON RS_HWM1
    STD, %WITHIN%: IS_SPED ON RS_HLF0
    STD, %WITHIN%: IS_SPED ON RS_HLF1
    STD, %WITHIN%: IS_SPED ON RS_HLM0
    STD, %WITHIN%: IS_SPED ON RS_HLM1
    STD, %WITHIN%: IS_SPED ON RS_MRF0
    STD, %WITHIN%: IS_SPED ON RS_MRF1
    STD, %WITHIN%: IS_SPED ON RS_MRM0
    STD, %WITHIN%: IS_SPED ON RS_MRM1
    STD, %WITHIN%: IS_SPED ON RS_WF1
    STD, %WITHIN%: IS_SPED ON RS_WM0
    STD, %WITHIN%: IS_SPED ON RS_WM1
    STD, %WITHIN%: PCT_BLACK_C
    STD, %WITHIN%: PCT_LATINE_C WITH PCT_BLACK_C
    STD, %WITHIN%: PCT_LATINE_C
    STD, %WITHIN%: PCT_SPED_C WITH PCT_BLACK_C
    STD, %WITHIN%: PCT_SPED_C WITH PCT_LATINE_C
    STD, %WITHIN%: PCT_SPED_C
    STD, %WITHIN%: PCT_LOW_SES_C WITH PCT_BLACK_C
    STD, %WITHIN%: PCT_LOW_SES_C WITH PCT_LATINE_C
    STD, %WITHIN%: PCT_LOW_SES_C WITH PCT_SPED_C
    STD, %WITHIN%: PCT_LOW_SES_C
    STD, %WITHIN%: PCT_LEP_C WITH PCT_BLACK_C
    STD, %WITHIN%: PCT_LEP_C WITH PCT_LATINE_C
    STD, %WITHIN%: PCT_LEP_C WITH PCT_SPED_C
    STD, %WITHIN%: PCT_LEP_C WITH PCT_LOW_SES_C
    STD, %WITHIN%: PCT_LEP_C
    STD, %BETWEEN% [ IS_SPED$1 ]
    STD, %BETWEEN%: [ PCT_BLACK_C ]
    STD, %BETWEEN%: [ PCT_LATINE_C ]
    STD, %BETWEEN%: [ PCT_SPED_C ]
    STD, %BETWEEN%: [ PCT_LOW_SES_C ]
    STD, %BETWEEN%: [ PCT_LEP_C ]
    STD, %BETWEEN%: IS_SPED ON PCT_BLACK_C
    STD, %BETWEEN%: IS_SPED ON PCT_LATINE_C
    STD, %BETWEEN%: IS_SPED ON PCT_SPED_C
    STD, %BETWEEN%: IS_SPED ON PCT_LOW_SES_C
    STD, %BETWEEN%: IS_SPED ON PCT_LEP_C
    STD, %BETWEEN%: IS_SPED
    STD, %BETWEEN%: PCT_BLACK_C
    STD, %BETWEEN%: PCT_LATINE_C WITH PCT_BLACK_C
    STD, %BETWEEN%: PCT_LATINE_C
    STD, %BETWEEN%: PCT_SPED_C WITH PCT_BLACK_C
    STD, %BETWEEN%: PCT_SPED_C WITH PCT_LATINE_C
    STD, %BETWEEN%: PCT_SPED_C
    STD, %BETWEEN%: PCT_LOW_SES_C WITH PCT_BLACK_C
    STD, %BETWEEN%: PCT_LOW_SES_C WITH PCT_LATINE_C
    STD, %BETWEEN%: PCT_LOW_SES_C WITH PCT_SPED_C
    STD, %BETWEEN%: PCT_LOW_SES_C
    STD, %BETWEEN%: PCT_LEP_C WITH PCT_BLACK_C
    STD, %BETWEEN%: PCT_LEP_C WITH PCT_LATINE_C
    STD, %BETWEEN%: PCT_LEP_C WITH PCT_SPED_C
    STD, %BETWEEN%: PCT_LEP_C WITH PCT_LOW_SES_C
    STD, %BETWEEN%: PCT_LEP_C
    STDYX, %WITHIN%: IS_SPED ON RS_AAF0
    STDYX, %WITHIN%: IS_SPED ON RS_AAF1
    STDYX, %WITHIN%: IS_SPED ON RS_AAM0
    STDYX, %WITHIN%: IS_SPED ON RS_AAM1
    STDYX, %WITHIN%: IS_SPED ON RS_AIF0
    STDYX, %WITHIN%: IS_SPED ON RS_AIF1
    STDYX, %WITHIN%: IS_SPED ON RS_AIM0
    STDYX, %WITHIN%: IS_SPED ON RS_AIM1
    STDYX, %WITHIN%: IS_SPED ON RS_ASF0
    STDYX, %WITHIN%: IS_SPED ON RS_ASF1
    STDYX, %WITHIN%: IS_SPED ON RS_ASM0
    STDYX, %WITHIN%: IS_SPED ON RS_ASM1
    STDYX, %WITHIN%: IS_SPED ON RS_HWF0
    STDYX, %WITHIN%: IS_SPED ON RS_HWF1
    STDYX, %WITHIN%: IS_SPED ON RS_HWM0
    STDYX, %WITHIN%: IS_SPED ON RS_HWM1
    STDYX, %WITHIN%: IS_SPED ON RS_HLF0
    STDYX, %WITHIN%: IS_SPED ON RS_HLF1
    STDYX, %WITHIN%: IS_SPED ON RS_HLM0
    STDYX, %WITHIN%: IS_SPED ON RS_HLM1
    STDYX, %WITHIN%: IS_SPED ON RS_MRF0
    STDYX, %WITHIN%: IS_SPED ON RS_MRF1
    STDYX, %WITHIN%: IS_SPED ON RS_MRM0
    STDYX, %WITHIN%: IS_SPED ON RS_MRM1
    STDYX, %WITHIN%: IS_SPED ON RS_WF1
    STDYX, %WITHIN%: IS_SPED ON RS_WM0
    STDYX, %WITHIN%: IS_SPED ON RS_WM1
    STDYX, %WITHIN%: PCT_BLACK_C
    STDYX, %WITHIN%: PCT_LATINE_C WITH PCT_BLACK_C
    STDYX, %WITHIN%: PCT_LATINE_C
    STDYX, %WITHIN%: PCT_SPED_C WITH PCT_BLACK_C
    STDYX, %WITHIN%: PCT_SPED_C WITH PCT_LATINE_C
    STDYX, %WITHIN%: PCT_SPED_C
    STDYX, %WITHIN%: PCT_LOW_SES_C WITH PCT_BLACK_C
    STDYX, %WITHIN%: PCT_LOW_SES_C WITH PCT_LATINE_C
    STDYX, %WITHIN%: PCT_LOW_SES_C WITH PCT_SPED_C
    STDYX, %WITHIN%: PCT_LOW_SES_C
    STDYX, %WITHIN%: PCT_LEP_C WITH PCT_BLACK_C
    STDYX, %WITHIN%: PCT_LEP_C WITH PCT_LATINE_C
    STDYX, %WITHIN%: PCT_LEP_C WITH PCT_SPED_C
    STDYX, %WITHIN%: PCT_LEP_C WITH PCT_LOW_SES_C
    STDYX, %WITHIN%: PCT_LEP_C
    STDYX, %BETWEEN% [ IS_SPED$1 ]
    STDYX, %BETWEEN%: [ PCT_BLACK_C ]
    STDYX, %BETWEEN%: [ PCT_LATINE_C ]
    STDYX, %BETWEEN%: [ PCT_SPED_C ]
    STDYX, %BETWEEN%: [ PCT_LOW_SES_C ]
    STDYX, %BETWEEN%: [ PCT_LEP_C ]
    STDYX, %BETWEEN%: IS_SPED ON PCT_BLACK_C
    STDYX, %BETWEEN%: IS_SPED ON PCT_LATINE_C
    STDYX, %BETWEEN%: IS_SPED ON PCT_SPED_C
    STDYX, %BETWEEN%: IS_SPED ON PCT_LOW_SES_C
    STDYX, %BETWEEN%: IS_SPED ON PCT_LEP_C
    STDYX, %BETWEEN%: IS_SPED
    STDYX, %BETWEEN%: PCT_BLACK_C
    STDYX, %BETWEEN%: PCT_LATINE_C WITH PCT_BLACK_C
    STDYX, %BETWEEN%: PCT_LATINE_C
    STDYX, %BETWEEN%: PCT_SPED_C WITH PCT_BLACK_C
    STDYX, %BETWEEN%: PCT_SPED_C WITH PCT_LATINE_C
    STDYX, %BETWEEN%: PCT_SPED_C
    STDYX, %BETWEEN%: PCT_LOW_SES_C WITH PCT_BLACK_C
    STDYX, %BETWEEN%: PCT_LOW_SES_C WITH PCT_LATINE_C
    STDYX, %BETWEEN%: PCT_LOW_SES_C WITH PCT_SPED_C
    STDYX, %BETWEEN%: PCT_LOW_SES_C
    STDYX, %BETWEEN%: PCT_LEP_C WITH PCT_BLACK_C
    STDYX, %BETWEEN%: PCT_LEP_C WITH PCT_LATINE_C
    STDYX, %BETWEEN%: PCT_LEP_C WITH PCT_SPED_C
    STDYX, %BETWEEN%: PCT_LEP_C WITH PCT_LOW_SES_C
    STDYX, %BETWEEN%: PCT_LEP_C
    STDY, %WITHIN%: IS_SPED ON RS_AAF0
    STDY, %WITHIN%: IS_SPED ON RS_AAF1
    STDY, %WITHIN%: IS_SPED ON RS_AAM0
    STDY, %WITHIN%: IS_SPED ON RS_AAM1
    STDY, %WITHIN%: IS_SPED ON RS_AIF0
    STDY, %WITHIN%: IS_SPED ON RS_AIF1
    STDY, %WITHIN%: IS_SPED ON RS_AIM0
    STDY, %WITHIN%: IS_SPED ON RS_AIM1
    STDY, %WITHIN%: IS_SPED ON RS_ASF0
    STDY, %WITHIN%: IS_SPED ON RS_ASF1
    STDY, %WITHIN%: IS_SPED ON RS_ASM0
    STDY, %WITHIN%: IS_SPED ON RS_ASM1
    STDY, %WITHIN%: IS_SPED ON RS_HWF0
    STDY, %WITHIN%: IS_SPED ON RS_HWF1
    STDY, %WITHIN%: IS_SPED ON RS_HWM0
    STDY, %WITHIN%: IS_SPED ON RS_HWM1
    STDY, %WITHIN%: IS_SPED ON RS_HLF0
    STDY, %WITHIN%: IS_SPED ON RS_HLF1
    STDY, %WITHIN%: IS_SPED ON RS_HLM0
    STDY, %WITHIN%: IS_SPED ON RS_HLM1
    STDY, %WITHIN%: IS_SPED ON RS_MRF0
    STDY, %WITHIN%: IS_SPED ON RS_MRF1
    STDY, %WITHIN%: IS_SPED ON RS_MRM0
    STDY, %WITHIN%: IS_SPED ON RS_MRM1
    STDY, %WITHIN%: IS_SPED ON RS_WF1
    STDY, %WITHIN%: IS_SPED ON RS_WM0
    STDY, %WITHIN%: IS_SPED ON RS_WM1
    STDY, %WITHIN%: PCT_BLACK_C
    STDY, %WITHIN%: PCT_LATINE_C WITH PCT_BLACK_C
    STDY, %WITHIN%: PCT_LATINE_C
    STDY, %WITHIN%: PCT_SPED_C WITH PCT_BLACK_C
    STDY, %WITHIN%: PCT_SPED_C WITH PCT_LATINE_C
    STDY, %WITHIN%: PCT_SPED_C
    STDY, %WITHIN%: PCT_LOW_SES_C WITH PCT_BLACK_C
    STDY, %WITHIN%: PCT_LOW_SES_C WITH PCT_LATINE_C
    STDY, %WITHIN%: PCT_LOW_SES_C WITH PCT_SPED_C
    STDY, %WITHIN%: PCT_LOW_SES_C
    STDY, %WITHIN%: PCT_LEP_C WITH PCT_BLACK_C
    STDY, %WITHIN%: PCT_LEP_C WITH PCT_LATINE_C
    STDY, %WITHIN%: PCT_LEP_C WITH PCT_SPED_C
    STDY, %WITHIN%: PCT_LEP_C WITH PCT_LOW_SES_C
    STDY, %WITHIN%: PCT_LEP_C
    STDY, %BETWEEN% [ IS_SPED$1 ]
    STDY, %BETWEEN%: [ PCT_BLACK_C ]
    STDY, %BETWEEN%: [ PCT_LATINE_C ]
    STDY, %BETWEEN%: [ PCT_SPED_C ]
    STDY, %BETWEEN%: [ PCT_LOW_SES_C ]
    STDY, %BETWEEN%: [ PCT_LEP_C ]
    STDY, %BETWEEN%: IS_SPED ON PCT_BLACK_C
    STDY, %BETWEEN%: IS_SPED ON PCT_LATINE_C
    STDY, %BETWEEN%: IS_SPED ON PCT_SPED_C
    STDY, %BETWEEN%: IS_SPED ON PCT_LOW_SES_C
    STDY, %BETWEEN%: IS_SPED ON PCT_LEP_C
    STDY, %BETWEEN%: IS_SPED
    STDY, %BETWEEN%: PCT_BLACK_C
    STDY, %BETWEEN%: PCT_LATINE_C WITH PCT_BLACK_C
    STDY, %BETWEEN%: PCT_LATINE_C
    STDY, %BETWEEN%: PCT_SPED_C WITH PCT_BLACK_C
    STDY, %BETWEEN%: PCT_SPED_C WITH PCT_LATINE_C
    STDY, %BETWEEN%: PCT_SPED_C
    STDY, %BETWEEN%: PCT_LOW_SES_C WITH PCT_BLACK_C
    STDY, %BETWEEN%: PCT_LOW_SES_C WITH PCT_LATINE_C
    STDY, %BETWEEN%: PCT_LOW_SES_C WITH PCT_SPED_C
    STDY, %BETWEEN%: PCT_LOW_SES_C
    STDY, %BETWEEN%: PCT_LEP_C WITH PCT_BLACK_C
    STDY, %BETWEEN%: PCT_LEP_C WITH PCT_LATINE_C
    STDY, %BETWEEN%: PCT_LEP_C WITH PCT_SPED_C
    STDY, %BETWEEN%: PCT_LEP_C WITH PCT_LOW_SES_C
    STDY, %BETWEEN%: PCT_LEP_C
    R-SQUARE, %WITHIN%: IS_SPED
    R-SQUARE, %WITHIN%: PCT_BLACK_C
    R-SQUARE, %WITHIN%: PCT_LATINE_C
    R-SQUARE, %WITHIN%: PCT_SPED_C
    R-SQUARE, %WITHIN%: PCT_LOW_SES_C
    R-SQUARE, %WITHIN%: PCT_LEP_C
    R-SQUARE, %BETWEEN%: IS_SPED
    R-SQUARE, %BETWEEN%: PCT_BLACK_C
    R-SQUARE, %BETWEEN%: PCT_LATINE_C
    R-SQUARE, %BETWEEN%: PCT_SPED_C
    R-SQUARE, %BETWEEN%: PCT_LOW_SES_C
    R-SQUARE, %BETWEEN%: PCT_LEP_C

DIAGRAM INFORMATION

  Mplus diagrams are currently not available for multilevel analysis.
  No diagram output was produced.


     Beginning Time:  14:28:54
        Ending Time:  15:00:38
       Elapsed Time:  00:31:44



MUTHEN & MUTHEN
3463 Stoner Ave.
Los Angeles, CA  90066

Tel: (310) 391-9971
Fax: (310) 391-8971
Web: www.StatModel.com
Support: Support@StatModel.com

Copyright (c) 1998-2024 Muthen & Muthen
