Mplus VERSION 8.11
MUTHEN & MUTHEN
10/07/2026   2:09 AM

INPUT INSTRUCTIONS

  TITLE:  BMSEM with Own L2 Variables

  DATA:
    FILE IS "S:\Ibrahim\UConn Spencer Project Analysis Delaware Data\K-12_24.txt";

  VARIABLE: NAMES ARE Schl is_sped reg_num regses_num District
            pct_black_c pct_latine_c pct_white_c
            pct_sped_c pct_low_ses_c pct_lep_c r_seg
            pct_oss_sch_gmc pct_gen_ed_c pct_z2_c
            pct_z3_c pct_z2z3_c SEHD_c
            pct_standard_diploma_c;
            USEVARIABLES ARE Schl is_sped
            SEHD_c pct_standard_diploma_c
            rs_aaf0 rs_aaf1 rs_aam0 rs_aam1 rs_aif0 rs_aif1 rs_aim0 rs_aim1
            rs_asf0 rs_asf1 rs_asm0 rs_asm1 rs_hwf0 rs_hwf1 rs_hwm0 rs_hwm1
            rs_hlf0 rs_hlf1 rs_hlm0 rs_hlm1 rs_mrf0 rs_mrf1 rs_mrm0 rs_mrm1
            rs_wf1  rs_wm0  rs_wm1;
           !pct_white_c is removed from the USEVARIABLES as a reference

  CATEGORICAL is_sped;
      CLUSTER IS Schl;
      MISSING ARE ALL (-999); !tells MPLUS the empty cells are all NAs
      WITHIN = rs_aaf0 rs_aaf1 rs_aam0 rs_aam1 rs_aif0 rs_aif1 rs_aim0 rs_aim1
               rs_asf0 rs_asf1 rs_asm0 rs_asm1 rs_hwf0 rs_hwf1 rs_hwm0 rs_hwm1
               rs_hlf0 rs_hlf1 rs_hlm0 rs_hlm1 rs_mrf0 rs_mrf1 rs_mrm0 rs_mrm1
               rs_wf1  rs_wm0  rs_wm1;

    DEFINE:
      ! Reference Group: White_Female_0 (Code 27) - Excluded from definitions

      ! African American Groups
      rs_aaf0  = (regses_num == 1);   ! African American Female Non-SES
      rs_aaf1  = (regses_num == 2);   ! African American Female Low-Income
      rs_aam0  = (regses_num == 3);   ! African American Male Non-SES
      rs_aam1  = (regses_num == 4);   ! African American Male Low-Income

      ! American Indian Groups
      rs_aif0  = (regses_num == 5);   ! American Indian Female Non-SES
      rs_aif1  = (regses_num == 6);   ! American Indian Female Low-Income
      rs_aim0  = (regses_num == 7);   ! American Indian Male Non-SES
      rs_aim1  = (regses_num == 8);   ! American Indian Male Low-Income

      ! Asian Groups
      rs_asf0  = (regses_num == 9);   ! Asian Female Non-SES
      rs_asf1  = (regses_num== 10);  ! Asian Female Low-Income
      rs_asm0  = (regses_num == 11);  ! Asian Male Non-SES
      rs_asm1  = (regses_num == 12);  ! Asian Male Low-Income

      ! Hawaiian/Pacific Islander Groups
      rs_hwf0  = (regses_num == 13);  ! Hawaiian Female Non-SES
      rs_hwf1  = (regses_num == 14);  ! Hawaiian Female Low-Income
      rs_hwm0  = (regses_num== 15);  ! Hawaiian Male Non-SES
      rs_hwm1  = (regses_num == 16);  ! Hawaiian Male Low-Income

      ! Hispanic/Latino Groups
      rs_hlf0  = (regses_num == 17);  ! Hispanic/Latino Female Non-SES
      rs_hlf1  = (regses_num== 18);  ! Hispanic/Latino Female Low-Income
      rs_hlm0  = (regses_num == 19);  ! Hispanic/Latino Male Non-SES
      rs_hlm1  = (regses_num == 20);  ! Hispanic/Latino Male Low-Income

      ! Multi-Racial Groups
      rs_mrf0  = (regses_num == 21);  ! Multi-Racial Female Non-SES
      rs_mrf1  = (regses_num== 22);  ! Multi-Racial Female Low-Income
      rs_mrm0  = (regses_num == 23);  ! Multi-Racial Male Non-SES
      rs_mrm1  = (regses_num == 24);  ! Multi-Racial Male Low-Income

      ! White Comparison Groups
      rs_wf1   = (regses_num == 28);  ! White Female Low-Income
      rs_wm0   = (regses_num == 29);  ! White Male Non-SES
      rs_wm1   = (regses_num == 30);  ! White Male Low-Income

    ANALYSIS:
      TYPE = TWOLEVEL RANDOM;
      ESTIMATOR = BAYES;
      PROCESSORS = 4;
      BITERATIONS = (20000);
      BCONVERGENCE = 0.05;

  MODEL:
      %WITHIN%
      is_sped ON rs_aaf0 rs_aif0 rs_aif1 rs_aim0 rs_aim1
                 rs_asf0 rs_asf1 rs_asm0 rs_asm1 rs_hwf0 rs_hwf1
                 rs_hwm0 rs_hwm1
                 rs_hlf0 rs_hlm0 rs_mrf0 rs_mrf1 rs_mrm0 rs_mrm1
                 rs_wm0;

  ! Random Slopes: define latent random slope variables
      s1 | is_sped ON rs_aaf1;
      s2 | is_sped ON rs_aam1;
      s3 | is_sped ON rs_aam0;
      s4 | is_sped ON rs_hlf1;
      s5 | is_sped ON rs_hlm1;
      s6 | is_sped ON rs_wf1;
      s7 | is_sped ON rs_wm1;

      %BETWEEN%
      is_sped s1 s2 s3 s4 s5 s6 s7 ON SEHD_c pct_standard_diploma_c;

      ! Allow the random intercept and random slopes to correlate
      is_sped WITH s1 s2 s3 s4 s5 s6 s7;
      s1 WITH s2 s3 s4 s5 s6 s7;
      s2 WITH s3 s4 s5 s6 s7;
      s3 WITH s4 s5 s6 s7;
      s4 WITH s5 s6 s7;
      s5 WITH s6 s7;
      s6 WITH s7;

    OUTPUT:
      TECH1 TECH8 STANDARDIZED;



*** WARNING in VARIABLE command
  Note that only the first 8 characters of variable names are used in the output.
  Shorten variable names to avoid any confusion.
*** WARNING in MODEL command
  A within-between variable is used on the between level but has not been used on the within level.
  Please check that this is what is intended.  If this is not intended, specify the variable as a
  between variable.  Problem with:  SEHD_C
*** WARNING in MODEL command
  A within-between variable is used on the between level but has not been used on the within level.
  Please check that this is what is intended.  If this is not intended, specify the variable as a
  between variable.  Problem with:  PCT_STANDARD_DIPLOMA_C
*** WARNING
  One or more individual-level variables have no variation within a
  cluster for the following clusters.

     Variable   Cluster IDs with no within-cluster variation

      IS_SPED     618 539 768 763 512 578 295
      SEHD_C      618 745 530 615 539 768 358 763 514 362 655 537 540 516 570 628 4075 752 512
                  543 27 29 36 750 650 324 640 630 22 310 638 334 728 740 244 636 246 339 264
                  314 322 642 632 326 635 658 156 332 410 318 132 612 124 420 662 266 260 670
                  418 37 432 538 248 573 761 759 4080 456 584 4055 749 762 684 760 256 613 14
                  782 660 4090 330 571 240 35 682 130 321 274 280 112 320 16 412 128 611 646 732
                  680 21 242 710 668 254 616 622 110 696 252 722 681 4040 350 312 352 250 327
                  776 20 721 736 578 620 10 712 673 623 28 11 581 575 669 292 634 779 621 271
                  775 633 270 282 476 610 637 4050 690 686 374 718 720 780 474 672 724 176 730
                  692 756 733 372 586 427 276 742 170 741 579 625 32 178 4045 376 764 734 766
                  33 294 738 180 743 26 23 392 470 151 665 17 261 286 664 190 295 685 194 290
                  394 675 422 196 746 66 783 576 284 44 34 652 18 678 770 390 587 24 568 80 688
                  648 726 748 490 585 626 588
      PCT_STAN    618 745 530 615 539 768 358 763 514 362 655 537 540 516 570 628 4075 752 512
                  543 27 29 36 750 650 324 640 630 22 310 638 334 728 740 244 636 246 339 264
                  314 322 642 632 326 635 658 156 332 410 318 132 612 124 420 662 266 260 670
                  418 37 432 538 248 573 761 759 4080 456 584 4055 749 762 684 760 256 613 14
                  782 660 4090 330 571 240 35 682 130 321 274 280 112 320 16 412 128 611 646 732
                  680 21 242 710 668 254 616 622 110 696 252 722 681 4040 350 312 352 250 327
                  776 20 721 736 578 620 10 712 673 623 28 11 581 575 669 292 634 779 621 271
                  775 633 270 282 476 610 637 4050 690 686 374 718 720 780 474 672 724 176 730
                  692 756 733 372 586 427 276 742 170 741 579 625 32 178 4045 376 764 734 766
                  33 294 738 180 743 26 23 392 470 151 665 17 261 286 664 190 295 685 194 290
                  394 675 422 196 746 66 783 576 284 44 34 652 18 678 770 390 587 24 568 80 688
                  648 726 748 490 585 626 588
      RS_AAF0     745
      RS_AAF1     745
      RS_AAM0     618 745 530
      RS_AAM1     618 745 763 628 612 749
      RS_AIF0     618 745 530 615 539 768 358 763 514 362 655 540 570 628 4075 752 512 543 27
                  29 750 324 640 310 334 728 740 244 339 264 322 642 632 326 635 658 156 332 410
                  420 266 670 432 248 761 759 456 584 4055 749 762 684 760 613 14 660 4090 330
                  571 240 35 130 280 320 128 611 646 732 680 21 242 710 254 616 622 110 252 722
                  681 4040 350 352 250 327 776 736 578 620 10 712 28 581 575 779 271 775 282 637
                  686 374 780 474 672 176 692 372 427 276 742 170 579 32 178 376 764 392 261 394
                  675 284 678 390 568
      RS_AIF1     618 745 530 615 539 768 358 763 514 362 655 537 540 516 628 752 512 543 27 29
                  36 750 650 324 640 630 22 310 334 728 636 246 339 264 314 642 632 658 156 332
                  410 318 132 612 124 420 662 266 260 670 418 37 538 248 573 759 4080 456 584
                  4055 684 256 613 782 660 4090 330 571 240 35 682 130 274 16 128 611 680 21 242
                  710 668 254 616 622 696 252 722 681 350 312 250 327 776 20 721 736 620 10 712
                  28 11 669 292 634 779 621 271 633 270 282 476 637 690 686 374 718 720 176 730
                  692 756 733 372 586 427 276 742 170 579 32 178 4045 376 764 766 33 180 23 392
                  151 17 261 664 295 290 394 675 422 196 576 284 44 34 652 18 587 24 568 688 626
                  588
      RS_AIM0     618 745 530 615 539 768 358 763 514 362 537 540 570 628 752 512 543 27 29 36
                  750 650 324 640 22 310 638 334 728 740 244 339 264 314 322 642 326 156 332 410
                  318 612 124 420 662 260 670 418 37 248 573 761 456 749 762 684 256 14 660 330
                  571 240 682 130 274 280 320 412 128 732 21 242 710 668 254 616 622 696 252 722
                  681 350 352 776 578 620 712 623 581 575 292 634 779 621 271 775 270 282 476
                  610 4050 374 780 474 672 176 372 427 742 170 625 4045 764 734 738 261 290 422
                  746 18 568 585
      RS_AIM1     618 745 530 615 539 768 358 514 362 655 537 540 516 570 628 4075 512 543 27
                  29 36 750 650 324 640 630 22 334 728 740 244 636 246 339 264 314 322 326 658
                  156 332 410 318 132 612 124 662 266 260 670 418 37 432 538 248 573 761 759 4080
                  456 584 4055 749 762 684 760 256 613 14 782 660 4090 330 571 240 682 321 112
                  16 128 611 646 732 680 21 242 710 668 616 622 696 252 722 681 312 250 776 20
                  721 736 578 620 712 673 623 11 575 669 779 621 775 270 282 610 4050 686 718
                  720 780 474 672 724 730 692 733 586 427 742 170 32 4045 376 734 766 738 180
                  743 26 23 665 17 261 286 664 295 685 394 675 422 746 66 284 652 678 587 24 588
      RS_ASF0     618 745 530 615 539 768 358 763 362 655 537 570 4075 752 543 750 244 410 266
                  456 782 571 274 352 581 575 692 4045
      RS_ASF1     618 745 530 615 539 768 358 763 514 362 655 537 540 570 628 4075 752 543 36
                  750 650 324 640 630 22 638 728 740 244 636 246 339 264 322 642 632 635 658 156
                  410 420 662 266 260 418 37 432 573 761 759 584 749 684 14 782 660 4090 240 35
                  280 16 646 732 680 242 710 254 616 622 696 252 722 681 4040 350 352 250 327
                  721 736 578 620 712 673 623 11 581 575 292 779 621 271 633 270 282 476 610 690
                  686 720 672 724 730 692 733 586 427 276 742 741 579 4045 734 766 33 738 743
                  665 286 685 675 746 576 284 568 726 748
      RS_ASM0     745 530 615 539 768 358 655 537 570 628 4075 752 543 244 246 266 670 432 248
                  761 4080 456 584 782 571 240 4040 776 581 575 672 692 579 4045
      RS_ASM1     618 745 530 615 539 768 358 763 514 362 655 537 540 516 570 628 4075 752 512
                  543 27 29 36 750 650 324 640 630 22 638 334 728 740 244 636 246 264 642 632
                  658 156 410 662 266 670 418 37 432 573 761 4080 456 584 749 762 760 14 660 4090
                  682 274 412 611 646 732 680 242 710 668 696 252 722 681 4040 350 352 250 327
                  776 721 736 10 712 11 581 575 292 634 271 775 633 282 476 637 690 718 720 780
                  474 672 724 176 730 692 756 733 372 586 742 741 579 4045 734 766 294 738 743
                  665 261 286 190 685 675 746 66 783 576 652 18 80 490 626
      RS_HWF0     618 745 530 615 539 768 358 763 514 362 655 537 540 516 570 4075 752 512 543
                  27 29 36 750 650 324 640 630 22 310 638 728 740 244 339 264 314 322 642 632
                  326 658 156 332 410 318 132 124 662 266 260 670 418 37 538 248 573 761 759 4080
                  456 584 749 762 760 256 613 782 660 4090 240 35 682 130 321 274 280 112 16 412
                  128 611 646 732 680 242 668 254 616 622 110 252 722 681 350 312 352 250 327
                  776 20 721 736 578 620 10 712 673 623 28 11 581 575 669 292 634 775 270 282
                  476 610 637 4050 690 686 374 720 780 474 672 724 176 692 733 372 586 742 170
                  741 625 32 178 4045 376 734 766 294 738 180 743 23 392 470 665 17 286 664 190
                  685 194 290 675 196 783 284 678 587 80 726 748 585 588
      RS_HWF1     618 745 530 615 539 768 358 763 514 362 655 537 540 516 570 628 4075 752 512
                  543 27 29 36 750 650 324 640 630 22 310 638 334 728 740 244 636 246 339 264
                  314 322 642 632 326 658 156 332 318 132 612 420 662 266 260 670 418 37 432 538
                  248 573 761 759 4080 456 584 4055 749 762 684 760 256 613 14 782 660 4090 330
                  571 240 35 682 130 321 274 280 112 320 16 412 611 646 732 680 21 242 710 668
                  254 616 622 110 696 722 681 350 312 352 250 327 776 20 721 736 578 620 10 712
                  673 623 28 11 581 669 292 634 779 621 271 775 270 282 476 610 637 4050 690 686
                  718 720 780 474 672 724 176 730 692 733 372 586 427 276 742 170 741 579 625
                  32 178 4045 376 764 734 766 33 294 738 180 743 26 23 392 470 151 665 261 286
                  664 190 295 685 290 394 422 196 66 783 576 284 44 34 652 18 678 770 587 568
                  80 688 726 490 585 588
      RS_HWM0     618 745 530 615 539 768 358 763 514 362 655 537 540 516 570 628 4075 752 543
                  27 29 36 750 650 324 640 630 22 310 638 334 728 740 244 636 246 339 264 322
                  642 632 326 635 658 156 332 410 132 124 420 662 266 260 670 418 37 538 248 573
                  761 759 4080 456 584 749 762 684 760 256 613 14 660 4090 240 682 321 280 112
                  320 16 412 128 611 646 732 680 242 668 254 622 110 696 252 722 4040 350 312
                  352 250 776 20 736 578 620 10 712 11 581 575 669 292 634 621 271 775 270 282
                  476 637 4050 690 686 720 474 672 724 730 692 733 586 427 276 742 741 579 4045
                  376 764 734 766 33 294 743 26 470 151 665 261 286 664 190 295 685 290 394 422
                  746 576 284 44 18 678 770 24 568 80 748 588
      RS_HWM1     618 745 530 615 539 768 358 763 514 362 655 537 540 516 570 628 4075 752 512
                  543 27 29 36 750 650 324 640 630 22 310 638 334 728 740 244 246 339 264 314
                  322 642 632 326 635 658 156 332 410 318 132 612 124 662 266 260 670 418 37 538
                  248 573 761 759 4080 456 584 4055 749 762 684 760 613 14 782 660 4090 330 571
                  240 35 682 130 321 274 280 320 16 128 611 646 732 680 21 242 710 668 254 616
                  622 110 696 722 681 4040 350 312 352 250 327 776 20 721 620 10 712 673 623 28
                  11 581 575 669 292 634 779 621 775 633 270 282 476 610 637 4050 690 686 374
                  718 720 780 474 672 724 176 730 692 756 733 372 586 427 276 742 170 579 625
                  32 178 4045 734 766 33 294 738 180 743 26 23 392 470 151 665 17 286 664 190
                  295 685 194 290 394 675 422 196 746 66 783 576 284 44 34 652 678 770 587 24
                  568 688 726 748 490 585 626 588
      RS_HLF0     618 530 615 539 570 575
      RS_HLF1     618 745 530 615 539 763 514 655 628 4075 29 612 124
      RS_HLM0     618 745 655 575
      RS_HLM1     618 530 539 768 628 27 29 4090 4050
      RS_MRF0     618 745 530 615 539 358 763 514 4075 244 248
      RS_MRF1     618 745 615 539 358 763 514 655 540 628 4075 512 27 630 728 246 612 37 571 35
                  736 271 579 295 284
      RS_MRM0     618 745 530 539 516 246 248 571
      RS_MRM1     618 745 615 539 358 362 655 516 628 4075 29 612 248 4080 571 578
      RS_WF1      618 615 539 358 537 628 4075
      RS_WM0      618 358
      RS_WM1      745 530 358 628

   4 WARNING(S) FOUND IN THE INPUT INSTRUCTIONS



BMSEM with Own L2 Variables

SUMMARY OF ANALYSIS

Number of groups                                                 1
Number of observations                                      139601

Number of dependent variables                                    1
Number of independent variables                                 29
Number of continuous latent variables                            7

Observed dependent variables

  Binary and ordered categorical (ordinal)
   IS_SPED

Observed independent variables
   SEHD_C      PCT_STAN    RS_AAF0     RS_AAF1     RS_AAM0     RS_AAM1
   RS_AIF0     RS_AIF1     RS_AIM0     RS_AIM1     RS_ASF0     RS_ASF1
   RS_ASM0     RS_ASM1     RS_HWF0     RS_HWF1     RS_HWM0     RS_HWM1
   RS_HLF0     RS_HLF1     RS_HLM0     RS_HLM1     RS_MRF0     RS_MRF1
   RS_MRM0     RS_MRM1     RS_WF1      RS_WM0      RS_WM1

Continuous latent variables
   S1          S2          S3          S4          S5          S6
   S7

Variables with special functions

  Cluster variable      SCHL

  Within variables
   RS_AAF0     RS_AAF1     RS_AAM0     RS_AAM1     RS_AIF0     RS_AIF1
   RS_AIM0     RS_AIM1     RS_ASF0     RS_ASF1     RS_ASM0     RS_ASM1
   RS_HWF0     RS_HWF1     RS_HWM0     RS_HWM1     RS_HLF0     RS_HLF1
   RS_HLM0     RS_HLM1     RS_MRF0     RS_MRF1     RS_MRM0     RS_MRM1
   RS_WF1      RS_WM0      RS_WM1


Estimator                                                    BAYES
Specifications for Bayesian Estimation
  Point estimate                                            MEDIAN
  Number of Markov chain Monte Carlo (MCMC) chains               2
  Random seed for the first chain                                0
  Starting value information                           UNPERTURBED
  Algorithm used for Markov chain Monte Carlo           GIBBS(PX1)
  Convergence criterion                                  0.500D-01
  Maximum number of iterations                               50000
  K-th iteration used for thinning                               1
Link                                                        PROBIT

Input data file(s)
  S:\Ibrahim\UConn Spencer Project Analysis Delaware Data\K-12_24.txt
Input data format  FREE


SUMMARY OF DATA

     Number of clusters                        222

       Size (s)    Cluster ID with Size s

          5        618
          9        745
         18        530
         26        615
         42        539
         61        768
         62        358
         63        763
         84        514
         85        362
         86        655
         91        537
        101        540
        120        516
        122        570
        132        628
        145        4075
        172        752
        183        512
        191        543
        192        27
        201        29
        211        36
        232        750
        239        650
        251        324
        257        640
        259        630
        268        22
        272        310
        273        638
        275        334
        294        728
        301        740
        303        244
        315        636
        316        246
        322        339
        324        264
        327        314
        328        322
        329        642
        338        632
        339        326
        340        635 658
        343        156
        346        332
        356        410
        357        318
        358        132
        362        612
        366        124
        368        420
        371        662
        374        266
        375        260
        379        670
        384        418
        387        37
        388        432
        392        538
        394        248
        403        573
        405        761
        408        759
        411        4080
        415        456 584
        416        4055
        419        749
        426        762 684
        427        760
        431        256
        434        613 14
        437        782
        439        660 4090
        442        330
        446        571
        452        240
        454        35
        457        682
        460        130
        461        321
        467        274
        472        280
        476        112
        477        320
        478        16
        479        412 128 611
        481        646
        482        732
        488        680
        490        21
        493        242
        497        710
        503        668
        509        254
        512        616 622
        514        110
        519        696
        528        252 722
        529        681
        533        4040
        535        350 312
        545        352
        547        250
        548        327
        557        776
        559        20
        565        721
        566        736
        567        578
        568        620
        570        10 712
        572        673
        574        623
        577        28
        596        11
        599        581
        601        575
        602        669
        605        292
        606        634
        607        779
        615        621 271 775 633
        617        270
        619        282
        625        476
        633        610
        638        637
        643        4050
        656        690
        664        686
        678        374
        681        718
        682        720
        687        780
        688        474
        689        672
        705        724
        710        176
        714        730
        723        692
        724        756
        732        733
        734        372
        741        586
        743        427
        747        276
        749        742 170
        756        741
        764        579
        786        625
        788        32
        800        178
        805        4045
        807        376
        812        764
        817        734
        833        766
        854        33
        870        294
        875        738
        880        180
        886        743
        902        26
        903        23
        907        392
        908        470
        913        151
        918        665
        927        17
        932        261
        934        286
        939        664
        941        190
        971        295
       1009        685
       1015        194
       1032        290
       1055        394
       1058        675
       1063        422
       1074        196
       1092        746
       1094        66
       1134        783
       1158        576
       1163        284
       1188        44
       1190        34
       1225        652
       1235        18
       1315        678
       1323        770
       1340        390
       1396        587
       1399        24
       1444        568
       1598        80
       1790        688
       1867        648
       1918        726
       2012        748
       2077        490
       2192        585
       2242        626
       3047        588



COVARIANCE COVERAGE OF DATA

Minimum covariance coverage value   0.100

     Number of missing data patterns             2


     PROPORTION OF DATA PRESENT


           Covariance Coverage
              IS_SPED       SEHD_C        PCT_STAN      RS_AAF0       RS_AAF1
              ________      ________      ________      ________      ________
 IS_SPED        1.000
 SEHD_C         1.000         1.000
 PCT_STAN       0.380         0.380         0.380
 RS_AAF0        1.000         1.000         0.380         1.000
 RS_AAF1        1.000         1.000         0.380         1.000         1.000
 RS_AAM0        1.000         1.000         0.380         1.000         1.000
 RS_AAM1        1.000         1.000         0.380         1.000         1.000
 RS_AIF0        1.000         1.000         0.380         1.000         1.000
 RS_AIF1        1.000         1.000         0.380         1.000         1.000
 RS_AIM0        1.000         1.000         0.380         1.000         1.000
 RS_AIM1        1.000         1.000         0.380         1.000         1.000
 RS_ASF0        1.000         1.000         0.380         1.000         1.000
 RS_ASF1        1.000         1.000         0.380         1.000         1.000
 RS_ASM0        1.000         1.000         0.380         1.000         1.000
 RS_ASM1        1.000         1.000         0.380         1.000         1.000
 RS_HWF0        1.000         1.000         0.380         1.000         1.000
 RS_HWF1        1.000         1.000         0.380         1.000         1.000
 RS_HWM0        1.000         1.000         0.380         1.000         1.000
 RS_HWM1        1.000         1.000         0.380         1.000         1.000
 RS_HLF0        1.000         1.000         0.380         1.000         1.000
 RS_HLF1        1.000         1.000         0.380         1.000         1.000
 RS_HLM0        1.000         1.000         0.380         1.000         1.000
 RS_HLM1        1.000         1.000         0.380         1.000         1.000
 RS_MRF0        1.000         1.000         0.380         1.000         1.000
 RS_MRF1        1.000         1.000         0.380         1.000         1.000
 RS_MRM0        1.000         1.000         0.380         1.000         1.000
 RS_MRM1        1.000         1.000         0.380         1.000         1.000
 RS_WF1         1.000         1.000         0.380         1.000         1.000
 RS_WM0         1.000         1.000         0.380         1.000         1.000
 RS_WM1         1.000         1.000         0.380         1.000         1.000


           Covariance Coverage
              RS_AAM0       RS_AAM1       RS_AIF0       RS_AIF1       RS_AIM0
              ________      ________      ________      ________      ________
 RS_AAM0        1.000
 RS_AAM1        1.000         1.000
 RS_AIF0        1.000         1.000         1.000
 RS_AIF1        1.000         1.000         1.000         1.000
 RS_AIM0        1.000         1.000         1.000         1.000         1.000
 RS_AIM1        1.000         1.000         1.000         1.000         1.000
 RS_ASF0        1.000         1.000         1.000         1.000         1.000
 RS_ASF1        1.000         1.000         1.000         1.000         1.000
 RS_ASM0        1.000         1.000         1.000         1.000         1.000
 RS_ASM1        1.000         1.000         1.000         1.000         1.000
 RS_HWF0        1.000         1.000         1.000         1.000         1.000
 RS_HWF1        1.000         1.000         1.000         1.000         1.000
 RS_HWM0        1.000         1.000         1.000         1.000         1.000
 RS_HWM1        1.000         1.000         1.000         1.000         1.000
 RS_HLF0        1.000         1.000         1.000         1.000         1.000
 RS_HLF1        1.000         1.000         1.000         1.000         1.000
 RS_HLM0        1.000         1.000         1.000         1.000         1.000
 RS_HLM1        1.000         1.000         1.000         1.000         1.000
 RS_MRF0        1.000         1.000         1.000         1.000         1.000
 RS_MRF1        1.000         1.000         1.000         1.000         1.000
 RS_MRM0        1.000         1.000         1.000         1.000         1.000
 RS_MRM1        1.000         1.000         1.000         1.000         1.000
 RS_WF1         1.000         1.000         1.000         1.000         1.000
 RS_WM0         1.000         1.000         1.000         1.000         1.000
 RS_WM1         1.000         1.000         1.000         1.000         1.000


           Covariance Coverage
              RS_AIM1       RS_ASF0       RS_ASF1       RS_ASM0       RS_ASM1
              ________      ________      ________      ________      ________
 RS_AIM1        1.000
 RS_ASF0        1.000         1.000
 RS_ASF1        1.000         1.000         1.000
 RS_ASM0        1.000         1.000         1.000         1.000
 RS_ASM1        1.000         1.000         1.000         1.000         1.000
 RS_HWF0        1.000         1.000         1.000         1.000         1.000
 RS_HWF1        1.000         1.000         1.000         1.000         1.000
 RS_HWM0        1.000         1.000         1.000         1.000         1.000
 RS_HWM1        1.000         1.000         1.000         1.000         1.000
 RS_HLF0        1.000         1.000         1.000         1.000         1.000
 RS_HLF1        1.000         1.000         1.000         1.000         1.000
 RS_HLM0        1.000         1.000         1.000         1.000         1.000
 RS_HLM1        1.000         1.000         1.000         1.000         1.000
 RS_MRF0        1.000         1.000         1.000         1.000         1.000
 RS_MRF1        1.000         1.000         1.000         1.000         1.000
 RS_MRM0        1.000         1.000         1.000         1.000         1.000
 RS_MRM1        1.000         1.000         1.000         1.000         1.000
 RS_WF1         1.000         1.000         1.000         1.000         1.000
 RS_WM0         1.000         1.000         1.000         1.000         1.000
 RS_WM1         1.000         1.000         1.000         1.000         1.000


           Covariance Coverage
              RS_HWF0       RS_HWF1       RS_HWM0       RS_HWM1       RS_HLF0
              ________      ________      ________      ________      ________
 RS_HWF0        1.000
 RS_HWF1        1.000         1.000
 RS_HWM0        1.000         1.000         1.000
 RS_HWM1        1.000         1.000         1.000         1.000
 RS_HLF0        1.000         1.000         1.000         1.000         1.000
 RS_HLF1        1.000         1.000         1.000         1.000         1.000
 RS_HLM0        1.000         1.000         1.000         1.000         1.000
 RS_HLM1        1.000         1.000         1.000         1.000         1.000
 RS_MRF0        1.000         1.000         1.000         1.000         1.000
 RS_MRF1        1.000         1.000         1.000         1.000         1.000
 RS_MRM0        1.000         1.000         1.000         1.000         1.000
 RS_MRM1        1.000         1.000         1.000         1.000         1.000
 RS_WF1         1.000         1.000         1.000         1.000         1.000
 RS_WM0         1.000         1.000         1.000         1.000         1.000
 RS_WM1         1.000         1.000         1.000         1.000         1.000


           Covariance Coverage
              RS_HLF1       RS_HLM0       RS_HLM1       RS_MRF0       RS_MRF1
              ________      ________      ________      ________      ________
 RS_HLF1        1.000
 RS_HLM0        1.000         1.000
 RS_HLM1        1.000         1.000         1.000
 RS_MRF0        1.000         1.000         1.000         1.000
 RS_MRF1        1.000         1.000         1.000         1.000         1.000
 RS_MRM0        1.000         1.000         1.000         1.000         1.000
 RS_MRM1        1.000         1.000         1.000         1.000         1.000
 RS_WF1         1.000         1.000         1.000         1.000         1.000
 RS_WM0         1.000         1.000         1.000         1.000         1.000
 RS_WM1         1.000         1.000         1.000         1.000         1.000


           Covariance Coverage
              RS_MRM0       RS_MRM1       RS_WF1        RS_WM0        RS_WM1
              ________      ________      ________      ________      ________
 RS_MRM0        1.000
 RS_MRM1        1.000         1.000
 RS_WF1         1.000         1.000         1.000
 RS_WM0         1.000         1.000         1.000         1.000
 RS_WM1         1.000         1.000         1.000         1.000         1.000


UNIVARIATE PROPORTIONS AND COUNTS FOR CATEGORICAL VARIABLES

    IS_SPED
      Category 1    0.829       115683.000
      Category 2    0.171        23918.000



UNIVARIATE SAMPLE STATISTICS


     UNIVARIATE HIGHER-ORDER MOMENT DESCRIPTIVE STATISTICS

         Variable/         Mean/     Skewness/   Minimum/ % with                Percentiles
        Sample Size      Variance    Kurtosis    Maximum  Min/Max      20%/60%    40%/80%    Median

     SEHD_C               -0.184       1.034      -1.402    0.09%      -0.833     -0.385     -0.194
          139601.000       0.502       2.022       4.927    0.01%      -0.088      0.268
     PCT_STANDARD_DI      -9.095       3.427     -19.886   34.98%     -19.886    -16.438    -14.968
           53050.000     301.991      13.554      80.114    1.33%     -10.363     -3.220
     RS_AAF0               0.086       2.946       0.000   91.37%       0.000      0.000      0.000
          139601.000       0.079       6.678       1.000    8.63%       0.000      0.000
     RS_AAF1               0.064       3.555       0.000   93.58%       0.000      0.000      0.000
          139601.000       0.060      10.640       1.000    6.42%       0.000      0.000
     RS_AAM0               0.091       2.840       0.000   90.88%       0.000      0.000      0.000
          139601.000       0.083       6.064       1.000    9.12%       0.000      0.000
     RS_AAM1               0.066       3.503       0.000   93.42%       0.000      0.000      0.000
          139601.000       0.061      10.269       1.000    6.58%       0.000      0.000
     RS_AIF0               0.001      26.839       0.000   99.86%       0.000      0.000      0.000
          139601.000       0.001     718.323       1.000    0.14%       0.000      0.000
     RS_AIF1               0.001      40.975       0.000   99.94%       0.000      0.000      0.000
          139601.000       0.001    1676.940       1.000    0.06%       0.000      0.000
     RS_AIM0               0.001      26.429       0.000   99.86%       0.000      0.000      0.000
          139601.000       0.001     696.514       1.000    0.14%       0.000      0.000
     RS_AIM1               0.001      41.479       0.000   99.94%       0.000      0.000      0.000
          139601.000       0.001    1718.470       1.000    0.06%       0.000      0.000
     RS_ASF0               0.019       6.969       0.000   98.06%       0.000      0.000      0.000
          139601.000       0.019      46.571       1.000    1.94%       0.000      0.000
     RS_ASF1               0.002      24.630       0.000   99.84%       0.000      0.000      0.000
          139601.000       0.002     604.613       1.000    0.16%       0.000      0.000
     RS_ASM0               0.022       6.589       0.000   97.84%       0.000      0.000      0.000
          139601.000       0.021      41.417       1.000    2.16%       0.000      0.000
     RS_ASM1               0.002      24.157       0.000   99.83%       0.000      0.000      0.000
          139601.000       0.002     581.561       1.000    0.17%       0.000      0.000
     RS_HWF0               0.000      45.276       0.000   99.95%       0.000      0.000      0.000
          139601.000       0.000    2047.956       1.000    0.05%       0.000      0.000
     RS_HWF1               0.000      73.255       0.000   99.98%       0.000      0.000      0.000
          139601.000       0.000    5364.269       1.000    0.02%       0.000      0.000
     RS_HWM0               0.001      44.624       0.000   99.95%       0.000      0.000      0.000
          139601.000       0.001    1989.301       1.000    0.05%       0.000      0.000
     RS_HWM1               0.000      83.529       0.000   99.99%       0.000      0.000      0.000
          139601.000       0.000    6975.050       1.000    0.01%       0.000      0.000
     RS_HLF0               0.069       3.389       0.000   93.06%       0.000      0.000      0.000
          139601.000       0.065       9.486       1.000    6.94%       0.000      0.000
     RS_HLF1               0.028       5.708       0.000   97.19%       0.000      0.000      0.000
          139601.000       0.027      30.578       1.000    2.81%       0.000      0.000
     RS_HLM0               0.071       3.340       0.000   92.90%       0.000      0.000      0.000
          139601.000       0.066       9.158       1.000    7.10%       0.000      0.000
     RS_HLM1               0.028       5.737       0.000   97.21%       0.000      0.000      0.000
          139601.000       0.027      30.916       1.000    2.79%       0.000      0.000
     RS_MRF0               0.018       7.314       0.000   98.23%       0.000      0.000      0.000
          139601.000       0.017      51.491       1.000    1.77%       0.000      0.000
     RS_MRF1               0.010      10.032       0.000   99.04%       0.000      0.000      0.000
          139601.000       0.010      98.648       1.000    0.96%       0.000      0.000
     RS_MRM0               0.018       7.217       0.000   98.18%       0.000      0.000      0.000
          139601.000       0.018      50.088       1.000    1.82%       0.000      0.000
     RS_MRM1               0.009      10.303       0.000   99.08%       0.000      0.000      0.000
          139601.000       0.009     104.158       1.000    0.92%       0.000      0.000
     RS_WF1                0.030       5.473       0.000   96.96%       0.000      0.000      0.000
          139601.000       0.029      27.948       1.000    3.04%       0.000      0.000
     RS_WM0                0.170       1.758       0.000   83.01%       0.000      0.000      0.000
          139601.000       0.141       1.091       1.000   16.99%       0.000      0.000
     RS_WM1                0.033       5.237       0.000   96.71%       0.000      0.000      0.000
          139601.000       0.032      25.422       1.000    3.29%       0.000      0.000


THE MODEL ESTIMATION TERMINATED NORMALLY

     USE THE FBITERATIONS OPTION TO INCREASE THE NUMBER OF ITERATIONS BY A FACTOR
     OF AT LEAST TWO TO CHECK CONVERGENCE AND THAT THE PSR VALUE DOES NOT INCREASE.



MODEL FIT INFORMATION

Number of Free Parameters                              88



MODEL RESULTS

                                Posterior  One-Tailed         95% C.I.
                    Estimate       S.D.      P-Value   Lower 2.5%  Upper 2.5%  Significance

Within Level

 IS_SPED    ON
    RS_AAF0            0.079       0.019      0.000       0.041       0.117      *
    RS_AIF0            0.029       0.120      0.400      -0.207       0.259
    RS_AIF1            0.201       0.170      0.122      -0.142       0.521
    RS_AIM0            0.402       0.103      0.000       0.199       0.601      *
    RS_AIM1            0.526       0.153      0.000       0.218       0.821      *
    RS_ASF0           -0.552       0.047      0.000      -0.647      -0.462      *
    RS_ASF1           -0.406       0.137      0.001      -0.687      -0.148      *
    RS_ASM0           -0.093       0.036      0.004      -0.164      -0.024      *
    RS_ASM1            0.105       0.103      0.154      -0.100       0.301
    RS_HWF0            0.294       0.181      0.057      -0.073       0.638
    RS_HWF1           -0.602       0.465      0.069      -1.663       0.176
    RS_HWM0            0.060       0.194      0.374      -0.336       0.426
    RS_HWM1            0.398       0.332      0.119      -0.279       1.024
    RS_HLF0           -0.070       0.022      0.001      -0.112      -0.026      *
    RS_HLM0            0.239       0.020      0.000       0.201       0.278      *
    RS_MRF0           -0.032       0.036      0.184      -0.105       0.037
    RS_MRF1            0.184       0.044      0.000       0.098       0.270      *
    RS_MRM0            0.313       0.032      0.000       0.250       0.375      *
    RS_MRM1            0.641       0.040      0.000       0.563       0.719      *
    RS_WM0             0.318       0.015      0.000       0.288       0.348      *

 PCT_STAN WITH
    SEHD_C             0.000       0.000      0.493       0.000       0.000

 Variances
    SEHD_C             0.000       0.000      0.000       0.000       0.000      *
    PCT_STANDA         0.000       0.000      0.000       0.000       0.000      *

Between Level

 S1         ON
    SEHD_C            -0.030       0.034      0.194      -0.097       0.037
    PCT_STANDA         0.002       0.003      0.272      -0.003       0.007

 S2         ON
    SEHD_C            -0.053       0.030      0.042      -0.112       0.007
    PCT_STANDA        -0.003       0.002      0.045      -0.007       0.000

 S3         ON
    SEHD_C            -0.011       0.029      0.351      -0.068       0.046
    PCT_STANDA        -0.001       0.002      0.274      -0.004       0.002

 S4         ON
    SEHD_C            -0.148       0.051      0.002      -0.247      -0.047      *
    PCT_STANDA         0.010       0.004      0.003       0.003       0.018      *

 S5         ON
    SEHD_C             0.000       0.043      0.497      -0.082       0.086
    PCT_STANDA        -0.003       0.003      0.121      -0.008       0.002

 S6         ON
    SEHD_C             0.041       0.045      0.178      -0.046       0.129
    PCT_STANDA         0.000       0.003      0.478      -0.005       0.006

 S7         ON
    SEHD_C             0.033       0.040      0.210      -0.047       0.113
    PCT_STANDA        -0.006       0.002      0.002      -0.010      -0.002      *

 IS_SPED    ON
    SEHD_C             0.076       0.030      0.006       0.017       0.135      *
    PCT_STANDA         0.013       0.002      0.000       0.010       0.016      *

 IS_SPED  WITH
    S1                 0.012       0.013      0.180      -0.013       0.039
    S2                 0.006       0.011      0.305      -0.016       0.028
    S3                 0.001       0.010      0.471      -0.020       0.021
    S4                -0.021       0.017      0.113      -0.055       0.014
    S5                 0.009       0.016      0.268      -0.021       0.041
    S6                -0.011       0.015      0.222      -0.043       0.018
    S7                -0.005       0.013      0.358      -0.031       0.020

 S1       WITH
    S2                 0.022       0.008      0.002       0.007       0.039      *
    S3                 0.017       0.007      0.003       0.005       0.033      *
    S4                 0.015       0.011      0.064      -0.005       0.037
    S5                 0.017       0.010      0.028       0.000       0.040
    S6                 0.014       0.009      0.052      -0.003       0.034
    S7                 0.008       0.009      0.151      -0.008       0.026

 S2       WITH
    S3                 0.015       0.006      0.004       0.004       0.028      *
    S4                 0.012       0.009      0.071      -0.004       0.031
    S5                 0.015       0.008      0.029       0.000       0.032
    S6                 0.008       0.008      0.119      -0.006       0.024
    S7                 0.009       0.007      0.087      -0.004       0.025

 S3       WITH
    S4                 0.009       0.008      0.098      -0.005       0.026
    S5                 0.009       0.007      0.091      -0.004       0.024
    S6                 0.009       0.007      0.066      -0.003       0.024
    S7                 0.007       0.006      0.108      -0.004       0.021

 S4       WITH
    S5                 0.011       0.011      0.143      -0.009       0.033
    S6                 0.011       0.010      0.138      -0.008       0.032
    S7                 0.002       0.009      0.432      -0.017       0.020

 S5       WITH
    S6                 0.005       0.009      0.295      -0.013       0.024
    S7                 0.005       0.009      0.296      -0.012       0.023

 S6       WITH
    S7                 0.014       0.009      0.034      -0.001       0.033

 PCT_STAN WITH
    SEHD_C             0.294       0.916      0.369      -1.499       2.110

 Means
    SEHD_C             0.000       0.058      0.498      -0.115       0.115
    PCT_STANDA        -0.133       1.031      0.450      -2.167       1.865

 Intercepts
    S1                 0.256       0.030      0.000       0.196       0.315      *
    S2                 0.610       0.026      0.000       0.559       0.662      *
    S3                 0.435       0.024      0.000       0.387       0.483      *
    S4                 0.190       0.038      0.000       0.115       0.264      *
    S5                 0.500       0.034      0.000       0.434       0.567      *
    S6                 0.363       0.033      0.000       0.298       0.426      *
    S7                 0.660       0.030      0.000       0.602       0.719      *

 Thresholds
    IS_SPED$1          1.166       0.027      0.000       1.113       1.219      *

 Variances
    SEHD_C             0.760       0.073      0.000       0.637       0.921      *
    PCT_STANDA       232.919      22.575      0.000     194.197     282.335      *

 Residual Variances
    IS_SPED            0.121       0.015      0.000       0.096       0.154      *
    S1                 0.065       0.013      0.000       0.043       0.095      *
    S2                 0.049       0.009      0.000       0.034       0.071      *
    S3                 0.042       0.008      0.000       0.030       0.059      *
    S4                 0.069       0.016      0.000       0.044       0.107      *
    S5                 0.059       0.014      0.000       0.038       0.093      *
    S6                 0.056       0.012      0.000       0.037       0.085      *
    S7                 0.051       0.011      0.000       0.034       0.076      *


STANDARDIZED MODEL RESULTS


STDYX Standardization

                                Posterior  One-Tailed         95% C.I.
                    Estimate       S.D.      P-Value   Lower 2.5%  Upper 2.5%  Significance

Within-Level Standardized Estimates Averaged Over Clusters

 S1 | IS_SPED ON
    RS_AAF1            0.056       0.005      0.000       0.045       0.065      *

 S2 | IS_SPED ON
    RS_AAM1            0.138       0.005      0.000       0.128       0.147      *

 S3 | IS_SPED ON
    RS_AAM0            0.113       0.005      0.000       0.102       0.123      *

 S4 | IS_SPED ON
    RS_HLF1            0.022       0.004      0.000       0.014       0.031      *

 S5 | IS_SPED ON
    RS_HLM1            0.072       0.004      0.000       0.064       0.079      *

 S6 | IS_SPED ON
    RS_WF1             0.059       0.004      0.000       0.050       0.068      *

 S7 | IS_SPED ON
    RS_WM1             0.114       0.004      0.000       0.105       0.122      *

 IS_SPED    ON
    RS_AAF0            0.021       0.005      0.000       0.011       0.030      *
    RS_AIF0            0.001       0.003      0.377      -0.004       0.006
    RS_AIF1            0.002       0.002      0.115      -0.002       0.006
    RS_AIM0            0.009       0.002      0.000       0.005       0.014      *
    RS_AIM1            0.006       0.002      0.002       0.003       0.010      *
    RS_ASF0           -0.051       0.004      0.000      -0.060      -0.043      *
    RS_ASF1           -0.009       0.003      0.001      -0.015      -0.003      *
    RS_ASM0           -0.009       0.004      0.004      -0.016      -0.002      *
    RS_ASM1            0.003       0.002      0.148      -0.002       0.007
    RS_HWF0            0.003       0.002      0.052      -0.001       0.006
    RS_HWF1           -0.002       0.002      0.063      -0.006       0.000
    RS_HWM0            0.001       0.002      0.352      -0.003       0.004
    RS_HWM1            0.001       0.001      0.111      -0.001       0.003
    RS_HLF0           -0.015       0.005      0.004      -0.025      -0.005      *
    RS_HLM0            0.054       0.004      0.000       0.046       0.063      *
    RS_MRF0           -0.004       0.004      0.185      -0.012       0.004
    RS_MRF1            0.016       0.004      0.000       0.009       0.024      *
    RS_MRM0            0.039       0.004      0.000       0.031       0.046      *
    RS_MRM1            0.057       0.004      0.000       0.050       0.064      *
    RS_WM0             0.106       0.005      0.000       0.096       0.115      *

 PCT_STAN WITH
    SEHD_C             0.000       0.005      0.495      -0.010       0.010

 Variances
    SEHD_C             1.000       0.000      0.000       1.000       1.000
    PCT_STANDA         1.000       0.000      0.000       1.000       1.000

Between Level

 S1         ON
    SEHD_C            -0.100       0.113      0.194      -0.319       0.121
    PCT_STANDA         0.090       0.143      0.272      -0.200       0.358

 S2         ON
    SEHD_C            -0.198       0.110      0.042      -0.400       0.025
    PCT_STANDA        -0.202       0.116      0.045      -0.419       0.030

 S3         ON
    SEHD_C            -0.047       0.120      0.351      -0.276       0.193
    PCT_STANDA        -0.069       0.113      0.274      -0.285       0.156

 S4         ON
    SEHD_C            -0.388       0.119      0.002      -0.595      -0.131      *
    PCT_STANDA         0.458       0.146      0.003       0.127       0.693      *

 S5         ON
    SEHD_C             0.001       0.147      0.497      -0.285       0.288
    PCT_STANDA        -0.178       0.147      0.121      -0.451       0.122

 S6         ON
    SEHD_C             0.147       0.154      0.178      -0.164       0.433
    PCT_STANDA         0.009       0.168      0.478      -0.311       0.339

 S7         ON
    SEHD_C             0.114       0.138      0.210      -0.164       0.376
    PCT_STANDA        -0.361       0.114      0.002      -0.563      -0.115      *

 IS_SPED    ON
    SEHD_C             0.163       0.063      0.006       0.037       0.283      *
    PCT_STANDA         0.488       0.055      0.000       0.376       0.589      *

 IS_SPED  WITH
    S1                 0.137       0.143      0.180      -0.157       0.401
    S2                 0.073       0.140      0.305      -0.204       0.341
    S3                 0.010       0.138      0.471      -0.262       0.279
    S4                -0.230       0.177      0.113      -0.534       0.152
    S5                 0.112       0.175      0.268      -0.240       0.436
    S6                -0.137       0.174      0.222      -0.462       0.213
    S7                -0.061       0.160      0.358      -0.367       0.250

 S1       WITH
    S2                 0.384       0.110      0.002       0.145       0.575      *
    S3                 0.338       0.112      0.003       0.103       0.538      *
    S4                 0.237       0.144      0.064      -0.070       0.491
    S5                 0.282       0.139      0.028      -0.007       0.530
    S6                 0.239       0.138      0.052      -0.046       0.489
    S7                 0.148       0.139      0.151      -0.136       0.408

 S2       WITH
    S3                 0.330       0.111      0.004       0.090       0.526      *
    S4                 0.217       0.138      0.071      -0.070       0.466
    S5                 0.273       0.131      0.029      -0.007       0.506
    S6                 0.162       0.135      0.119      -0.110       0.414
    S7                 0.188       0.132      0.087      -0.085       0.432

 S3       WITH
    S4                 0.179       0.135      0.098      -0.093       0.430
    S5                 0.186       0.132      0.091      -0.088       0.426
    S6                 0.199       0.127      0.066      -0.060       0.433
    S7                 0.161       0.127      0.108      -0.096       0.403

 S4       WITH
    S5                 0.177       0.155      0.143      -0.147       0.453
    S6                 0.182       0.154      0.138      -0.136       0.450
    S7                 0.026       0.150      0.432      -0.265       0.317

 S5       WITH
    S6                 0.084       0.154      0.295      -0.223       0.373
    S7                 0.085       0.152      0.296      -0.219       0.370

 S6       WITH
    S7                 0.271       0.136      0.034      -0.020       0.508

 PCT_STAN WITH
    SEHD_C             0.022       0.068      0.369      -0.111       0.154

 Means
    SEHD_C             0.000       0.067      0.498      -0.131       0.132
    PCT_STANDA        -0.009       0.067      0.450      -0.142       0.122

 Intercepts
    S1                 0.977       0.155      0.000       0.695       1.299      *
    S2                 2.597       0.266      0.000       2.118       3.156      *
    S3                 2.092       0.220      0.000       1.684       2.551      *
    S4                 0.568       0.125      0.000       0.333       0.829      *
    S5                 1.979       0.269      0.000       1.505       2.555      *
    S6                 1.473       0.220      0.000       1.086       1.945      *
    S7                 2.649       0.308      0.000       2.118       3.321      *

 Variances
    SEHD_C             1.000       0.000      0.000       1.000       1.000
    PCT_STANDA         1.000       0.000      0.000       1.000       1.000

 Residual Variances
    IS_SPED            0.728       0.054      0.000       0.618       0.829      *
    S1                 0.962       0.045      0.000       0.830       0.998      *
    S2                 0.904       0.064      0.000       0.744       0.990      *
    S3                 0.975       0.031      0.000       0.884       0.999      *
    S4                 0.629       0.131      0.000       0.378       0.886      *
    S5                 0.942       0.062      0.000       0.772       0.998      *
    S6                 0.943       0.063      0.000       0.765       0.998      *
    S7                 0.839       0.086      0.000       0.643       0.972      *


STDY Standardization

                                Posterior  One-Tailed         95% C.I.
                    Estimate       S.D.      P-Value   Lower 2.5%  Upper 2.5%  Significance

Within-Level Standardized Estimates Averaged Over Clusters

 S1 | IS_SPED ON
    RS_AAF1            0.250       0.023      0.000       0.202       0.291      *

 S2 | IS_SPED ON
    RS_AAM1            0.590       0.022      0.000       0.547       0.631      *

 S3 | IS_SPED ON
    RS_AAM0            0.422       0.020      0.000       0.381       0.460      *

 S4 | IS_SPED ON
    RS_HLF1            0.182       0.031      0.000       0.124       0.245      *

 S5 | IS_SPED ON
    RS_HLM1            0.480       0.028      0.000       0.430       0.535      *

 S6 | IS_SPED ON
    RS_WF1             0.353       0.028      0.000       0.297       0.408      *

 S7 | IS_SPED ON
    RS_WM1             0.641       0.025      0.000       0.590       0.688      *

 IS_SPED    ON
    RS_AAF0            0.079       0.018      0.000       0.041       0.113      *
    RS_AIF0            0.036       0.116      0.377      -0.197       0.257
    RS_AIF1            0.197       0.163      0.115      -0.124       0.499
    RS_AIM0            0.393       0.098      0.000       0.198       0.585      *
    RS_AIM1            0.512       0.155      0.002       0.206       0.814      *
    RS_ASF0           -0.533       0.044      0.000      -0.621      -0.443      *
    RS_ASF1           -0.387       0.121      0.001      -0.620      -0.145      *
    RS_ASM0           -0.092       0.035      0.004      -0.159      -0.023      *
    RS_ASM1            0.107       0.097      0.148      -0.090       0.290
    RS_HWF0            0.287       0.171      0.052      -0.067       0.627
    RS_HWF1           -0.594       0.428      0.063      -1.538       0.134
    RS_HWM0            0.066       0.194      0.352      -0.331       0.428
    RS_HWM1            0.416       0.330      0.111      -0.284       1.006
    RS_HLF0           -0.067       0.022      0.004      -0.109      -0.021      *
    RS_HLM0            0.234       0.019      0.000       0.196       0.269      *
    RS_MRF0           -0.030       0.035      0.185      -0.100       0.036
    RS_MRF1            0.181       0.042      0.000       0.095       0.263      *
    RS_MRM0            0.306       0.032      0.000       0.245       0.366      *
    RS_MRM1            0.622       0.039      0.000       0.549       0.701      *
    RS_WM0             0.309       0.015      0.000       0.279       0.336      *

 PCT_STAN WITH
    SEHD_C             0.000       0.005      0.495      -0.010       0.010

 Variances
    SEHD_C             1.000       0.000      0.000       1.000       1.000
    PCT_STANDA         1.000       0.000      0.000       1.000       1.000

Between Level

 S1         ON
    SEHD_C            -0.100       0.113      0.194      -0.319       0.121
    PCT_STANDA         0.090       0.143      0.272      -0.200       0.358

 S2         ON
    SEHD_C            -0.198       0.110      0.042      -0.400       0.025
    PCT_STANDA        -0.202       0.116      0.045      -0.419       0.030

 S3         ON
    SEHD_C            -0.047       0.120      0.351      -0.276       0.193
    PCT_STANDA        -0.069       0.113      0.274      -0.285       0.156

 S4         ON
    SEHD_C            -0.388       0.119      0.002      -0.595      -0.131      *
    PCT_STANDA         0.458       0.146      0.003       0.127       0.693      *

 S5         ON
    SEHD_C             0.001       0.147      0.497      -0.285       0.288
    PCT_STANDA        -0.178       0.147      0.121      -0.451       0.122

 S6         ON
    SEHD_C             0.147       0.154      0.178      -0.164       0.433
    PCT_STANDA         0.009       0.168      0.478      -0.311       0.339

 S7         ON
    SEHD_C             0.114       0.138      0.210      -0.164       0.376
    PCT_STANDA        -0.361       0.114      0.002      -0.563      -0.115      *

 IS_SPED    ON
    SEHD_C             0.163       0.063      0.006       0.037       0.283      *
    PCT_STANDA         0.488       0.055      0.000       0.376       0.589      *

 IS_SPED  WITH
    S1                 0.137       0.143      0.180      -0.157       0.401
    S2                 0.073       0.140      0.305      -0.204       0.341
    S3                 0.010       0.138      0.471      -0.262       0.279
    S4                -0.230       0.177      0.113      -0.534       0.152
    S5                 0.112       0.175      0.268      -0.240       0.436
    S6                -0.137       0.174      0.222      -0.462       0.213
    S7                -0.061       0.160      0.358      -0.367       0.250

 S1       WITH
    S2                 0.384       0.110      0.002       0.145       0.575      *
    S3                 0.338       0.112      0.003       0.103       0.538      *
    S4                 0.237       0.144      0.064      -0.070       0.491
    S5                 0.282       0.139      0.028      -0.007       0.530
    S6                 0.239       0.138      0.052      -0.046       0.489
    S7                 0.148       0.139      0.151      -0.136       0.408

 S2       WITH
    S3                 0.330       0.111      0.004       0.090       0.526      *
    S4                 0.217       0.138      0.071      -0.070       0.466
    S5                 0.273       0.131      0.029      -0.007       0.506
    S6                 0.162       0.135      0.119      -0.110       0.414
    S7                 0.188       0.132      0.087      -0.085       0.432

 S3       WITH
    S4                 0.179       0.135      0.098      -0.093       0.430
    S5                 0.186       0.132      0.091      -0.088       0.426
    S6                 0.199       0.127      0.066      -0.060       0.433
    S7                 0.161       0.127      0.108      -0.096       0.403

 S4       WITH
    S5                 0.177       0.155      0.143      -0.147       0.453
    S6                 0.182       0.154      0.138      -0.136       0.450
    S7                 0.026       0.150      0.432      -0.265       0.317

 S5       WITH
    S6                 0.084       0.154      0.295      -0.223       0.373
    S7                 0.085       0.152      0.296      -0.219       0.370

 S6       WITH
    S7                 0.271       0.136      0.034      -0.020       0.508

 PCT_STAN WITH
    SEHD_C             0.022       0.068      0.369      -0.111       0.154

 Means
    SEHD_C             0.000       0.067      0.498      -0.131       0.132
    PCT_STANDA        -0.009       0.067      0.450      -0.142       0.122

 Intercepts
    S1                 0.977       0.155      0.000       0.695       1.299      *
    S2                 2.597       0.266      0.000       2.118       3.156      *
    S3                 2.092       0.220      0.000       1.684       2.551      *
    S4                 0.568       0.125      0.000       0.333       0.829      *
    S5                 1.979       0.269      0.000       1.505       2.555      *
    S6                 1.473       0.220      0.000       1.086       1.945      *
    S7                 2.649       0.308      0.000       2.118       3.321      *

 Variances
    SEHD_C             1.000       0.000      0.000       1.000       1.000
    PCT_STANDA         1.000       0.000      0.000       1.000       1.000

 Residual Variances
    IS_SPED            0.728       0.054      0.000       0.618       0.829      *
    S1                 0.962       0.045      0.000       0.830       0.998      *
    S2                 0.904       0.064      0.000       0.744       0.990      *
    S3                 0.975       0.031      0.000       0.884       0.999      *
    S4                 0.629       0.131      0.000       0.378       0.886      *
    S5                 0.942       0.062      0.000       0.772       0.998      *
    S6                 0.943       0.063      0.000       0.765       0.998      *
    S7                 0.839       0.086      0.000       0.643       0.972      *


STD Standardization

                                Posterior  One-Tailed         95% C.I.
                    Estimate       S.D.      P-Value   Lower 2.5%  Upper 2.5%  Significance

Within-Level Standardized Estimates Averaged Over Clusters

 S1 | IS_SPED ON
    RS_AAF1            0.259       0.024      0.000       0.209       0.301      *

 S2 | IS_SPED ON
    RS_AAM1            0.611       0.023      0.000       0.566       0.655      *

 S3 | IS_SPED ON
    RS_AAM0            0.438       0.021      0.000       0.395       0.476      *

 S4 | IS_SPED ON
    RS_HLF1            0.188       0.032      0.000       0.129       0.254      *

 S5 | IS_SPED ON
    RS_HLM1            0.498       0.029      0.000       0.445       0.555      *

 S6 | IS_SPED ON
    RS_WF1             0.365       0.029      0.000       0.308       0.423      *

 S7 | IS_SPED ON
    RS_WM1             0.664       0.026      0.000       0.610       0.713      *

 IS_SPED    ON
    RS_AAF0            0.082       0.019      0.000       0.042       0.116      *
    RS_AIF0            0.037       0.120      0.377      -0.204       0.266
    RS_AIF1            0.203       0.169      0.115      -0.128       0.515
    RS_AIM0            0.406       0.102      0.000       0.205       0.606      *
    RS_AIM1            0.530       0.160      0.002       0.213       0.843      *
    RS_ASF0           -0.551       0.046      0.000      -0.643      -0.457      *
    RS_ASF1           -0.400       0.125      0.001      -0.641      -0.150      *
    RS_ASM0           -0.095       0.036      0.004      -0.165      -0.024      *
    RS_ASM1            0.111       0.101      0.148      -0.093       0.300
    RS_HWF0            0.296       0.177      0.052      -0.069       0.648
    RS_HWF1           -0.614       0.442      0.063      -1.589       0.139
    RS_HWM0            0.068       0.200      0.352      -0.342       0.443
    RS_HWM1            0.431       0.341      0.111      -0.294       1.041
    RS_HLF0           -0.069       0.023      0.004      -0.112      -0.022      *
    RS_HLM0            0.241       0.020      0.000       0.202       0.278      *
    RS_MRF0           -0.031       0.036      0.185      -0.104       0.037
    RS_MRF1            0.187       0.044      0.000       0.099       0.272      *
    RS_MRM0            0.317       0.033      0.000       0.253       0.379      *
    RS_MRM1            0.643       0.040      0.000       0.567       0.725      *
    RS_WM0             0.319       0.015      0.000       0.288       0.348      *

 PCT_STAN WITH
    SEHD_C             0.000       0.000      0.495       0.000       0.000

 Variances
    SEHD_C             0.000       0.000      0.000       0.000       0.000      *
    PCT_STANDA         0.000       0.000      0.000       0.000       0.000      *

Between Level

 S1         ON
    SEHD_C            -0.114       0.129      0.194      -0.364       0.140
    PCT_STANDA         0.006       0.009      0.272      -0.013       0.023

 S2         ON
    SEHD_C            -0.227       0.125      0.042      -0.455       0.028
    PCT_STANDA        -0.013       0.008      0.045      -0.027       0.002

 S3         ON
    SEHD_C            -0.054       0.137      0.351      -0.316       0.219
    PCT_STANDA        -0.005       0.007      0.274      -0.019       0.010

 S4         ON
    SEHD_C            -0.445       0.135      0.002      -0.681      -0.152      *
    PCT_STANDA         0.030       0.009      0.003       0.008       0.045      *

 S5         ON
    SEHD_C             0.001       0.168      0.497      -0.324       0.328
    PCT_STANDA        -0.012       0.010      0.121      -0.029       0.008

 S6         ON
    SEHD_C             0.168       0.177      0.178      -0.187       0.494
    PCT_STANDA         0.001       0.011      0.478      -0.020       0.022

 S7         ON
    SEHD_C             0.131       0.158      0.210      -0.187       0.427
    PCT_STANDA        -0.024       0.007      0.002      -0.037      -0.008      *

 IS_SPED    ON
    SEHD_C             0.076       0.030      0.006       0.017       0.135      *
    PCT_STANDA         0.013       0.002      0.000       0.010       0.016      *

 IS_SPED  WITH
    S1                 0.047       0.050      0.180      -0.056       0.142
    S2                 0.025       0.049      0.305      -0.073       0.119
    S3                 0.004       0.048      0.471      -0.095       0.098
    S4                -0.080       0.063      0.113      -0.193       0.052
    S5                 0.039       0.061      0.268      -0.086       0.153
    S6                -0.048       0.062      0.222      -0.167       0.074
    S7                -0.021       0.056      0.358      -0.131       0.087

 S1       WITH
    S2                 0.384       0.110      0.002       0.145       0.575      *
    S3                 0.338       0.112      0.003       0.103       0.538      *
    S4                 0.237       0.144      0.064      -0.070       0.491
    S5                 0.282       0.139      0.028      -0.007       0.530
    S6                 0.239       0.138      0.052      -0.046       0.489
    S7                 0.148       0.139      0.151      -0.136       0.408

 S2       WITH
    S3                 0.330       0.111      0.004       0.090       0.526      *
    S4                 0.217       0.138      0.071      -0.070       0.466
    S5                 0.273       0.131      0.029      -0.007       0.506
    S6                 0.162       0.135      0.119      -0.110       0.414
    S7                 0.188       0.132      0.087      -0.085       0.432

 S3       WITH
    S4                 0.179       0.135      0.098      -0.093       0.430
    S5                 0.186       0.132      0.091      -0.088       0.426
    S6                 0.199       0.127      0.066      -0.060       0.433
    S7                 0.161       0.127      0.108      -0.096       0.403

 S4       WITH
    S5                 0.177       0.155      0.143      -0.147       0.453
    S6                 0.182       0.154      0.138      -0.136       0.450
    S7                 0.026       0.150      0.432      -0.265       0.317

 S5       WITH
    S6                 0.084       0.154      0.295      -0.223       0.373
    S7                 0.085       0.152      0.296      -0.219       0.370

 S6       WITH
    S7                 0.271       0.136      0.034      -0.020       0.508

 PCT_STAN WITH
    SEHD_C             0.294       0.916      0.369      -1.499       2.110

 Means
    SEHD_C             0.000       0.058      0.498      -0.115       0.115
    PCT_STANDA        -0.133       1.031      0.450      -2.167       1.865

 Intercepts
    S1                 0.977       0.155      0.000       0.695       1.299      *
    S2                 2.597       0.266      0.000       2.118       3.156      *
    S3                 2.092       0.220      0.000       1.684       2.551      *
    S4                 0.568       0.125      0.000       0.333       0.829      *
    S5                 1.979       0.269      0.000       1.505       2.555      *
    S6                 1.473       0.220      0.000       1.086       1.945      *
    S7                 2.649       0.308      0.000       2.118       3.321      *

 Variances
    SEHD_C             0.760       0.073      0.000       0.637       0.921      *
    PCT_STANDA       232.919      22.575      0.000     194.197     282.335      *

 Residual Variances
    IS_SPED            0.121       0.015      0.000       0.096       0.154      *
    S1                 0.962       0.045      0.000       0.830       0.998      *
    S2                 0.904       0.064      0.000       0.744       0.990      *
    S3                 0.975       0.031      0.000       0.884       0.999      *
    S4                 0.629       0.131      0.000       0.378       0.886      *
    S5                 0.942       0.062      0.000       0.772       0.998      *
    S6                 0.943       0.063      0.000       0.765       0.998      *
    S7                 0.839       0.086      0.000       0.643       0.972      *


R-SQUARE

Within-Level R-Square Averaged Across Clusters

                                Posterior  One-Tailed         95% C.I.
    Variable        Estimate       S.D.      P-Value   Lower 2.5%  Upper 2.5%

    IS_SPED            0.064       0.002      0.000       0.060       0.068

Between Level

                                Posterior  One-Tailed         95% C.I.
    Variable        Estimate       S.D.      P-Value   Lower 2.5%  Upper 2.5%

    IS_SPED            0.272       0.054      0.000       0.171       0.382

                                Posterior  One-Tailed         95% C.I.
    Variable        Estimate       S.D.      P-Value   Lower 2.5%  Upper 2.5%

    S1                 0.038       0.045      0.000       0.002       0.170
    S2                 0.096       0.064      0.000       0.010       0.255
    S3                 0.025       0.031      0.000       0.001       0.116
    S4                 0.371       0.131      0.000       0.114       0.621
    S5                 0.058       0.062      0.000       0.002       0.228
    S6                 0.057       0.063      0.000       0.002       0.235
    S7                 0.161       0.086      0.000       0.028       0.357


TECHNICAL 1 OUTPUT


     PARAMETER SPECIFICATION FOR WITHIN


           TAU
              IS_SPED$
              ________
                    0


           NU
              IS_SPED       SEHD_C        PCT_STAN      RS_AAF0       RS_AAF1
              ________      ________      ________      ________      ________
                    0             0             0             0             0


           NU
              RS_AAM0       RS_AAM1       RS_AIF0       RS_AIF1       RS_AIM0
              ________      ________      ________      ________      ________
                    0             0             0             0             0


           NU
              RS_AIM1       RS_ASF0       RS_ASF1       RS_ASM0       RS_ASM1
              ________      ________      ________      ________      ________
                    0             0             0             0             0


           NU
              RS_HWF0       RS_HWF1       RS_HWM0       RS_HWM1       RS_HLF0
              ________      ________      ________      ________      ________
                    0             0             0             0             0


           NU
              RS_HLF1       RS_HLM0       RS_HLM1       RS_MRF0       RS_MRF1
              ________      ________      ________      ________      ________
                    0             0             0             0             0


           NU
              RS_MRM0       RS_MRM1       RS_WF1        RS_WM0        RS_WM1
              ________      ________      ________      ________      ________
                    0             0             0             0             0


           LAMBDA
              IS_SPED       SEHD_C        PCT_STAN      RS_AAF0       RS_AAF1
              ________      ________      ________      ________      ________
 IS_SPED            0             0             0             0             0
 SEHD_C             0             0             0             0             0
 PCT_STAN           0             0             0             0             0
 RS_AAF0            0             0             0             0             0
 RS_AAF1            0             0             0             0             0
 RS_AAM0            0             0             0             0             0
 RS_AAM1            0             0             0             0             0
 RS_AIF0            0             0             0             0             0
 RS_AIF1            0             0             0             0             0
 RS_AIM0            0             0             0             0             0
 RS_AIM1            0             0             0             0             0
 RS_ASF0            0             0             0             0             0
 RS_ASF1            0             0             0             0             0
 RS_ASM0            0             0             0             0             0
 RS_ASM1            0             0             0             0             0
 RS_HWF0            0             0             0             0             0
 RS_HWF1            0             0             0             0             0
 RS_HWM0            0             0             0             0             0
 RS_HWM1            0             0             0             0             0
 RS_HLF0            0             0             0             0             0
 RS_HLF1            0             0             0             0             0
 RS_HLM0            0             0             0             0             0
 RS_HLM1            0             0             0             0             0
 RS_MRF0            0             0             0             0             0
 RS_MRF1            0             0             0             0             0
 RS_MRM0            0             0             0             0             0
 RS_MRM1            0             0             0             0             0
 RS_WF1             0             0             0             0             0
 RS_WM0             0             0             0             0             0
 RS_WM1             0             0             0             0             0


           LAMBDA
              RS_AAM0       RS_AAM1       RS_AIF0       RS_AIF1       RS_AIM0
              ________      ________      ________      ________      ________
 IS_SPED            0             0             0             0             0
 SEHD_C             0             0             0             0             0
 PCT_STAN           0             0             0             0             0
 RS_AAF0            0             0             0             0             0
 RS_AAF1            0             0             0             0             0
 RS_AAM0            0             0             0             0             0
 RS_AAM1            0             0             0             0             0
 RS_AIF0            0             0             0             0             0
 RS_AIF1            0             0             0             0             0
 RS_AIM0            0             0             0             0             0
 RS_AIM1            0             0             0             0             0
 RS_ASF0            0             0             0             0             0
 RS_ASF1            0             0             0             0             0
 RS_ASM0            0             0             0             0             0
 RS_ASM1            0             0             0             0             0
 RS_HWF0            0             0             0             0             0
 RS_HWF1            0             0             0             0             0
 RS_HWM0            0             0             0             0             0
 RS_HWM1            0             0             0             0             0
 RS_HLF0            0             0             0             0             0
 RS_HLF1            0             0             0             0             0
 RS_HLM0            0             0             0             0             0
 RS_HLM1            0             0             0             0             0
 RS_MRF0            0             0             0             0             0
 RS_MRF1            0             0             0             0             0
 RS_MRM0            0             0             0             0             0
 RS_MRM1            0             0             0             0             0
 RS_WF1             0             0             0             0             0
 RS_WM0             0             0             0             0             0
 RS_WM1             0             0             0             0             0


           LAMBDA
              RS_AIM1       RS_ASF0       RS_ASF1       RS_ASM0       RS_ASM1
              ________      ________      ________      ________      ________
 IS_SPED            0             0             0             0             0
 SEHD_C             0             0             0             0             0
 PCT_STAN           0             0             0             0             0
 RS_AAF0            0             0             0             0             0
 RS_AAF1            0             0             0             0             0
 RS_AAM0            0             0             0             0             0
 RS_AAM1            0             0             0             0             0
 RS_AIF0            0             0             0             0             0
 RS_AIF1            0             0             0             0             0
 RS_AIM0            0             0             0             0             0
 RS_AIM1            0             0             0             0             0
 RS_ASF0            0             0             0             0             0
 RS_ASF1            0             0             0             0             0
 RS_ASM0            0             0             0             0             0
 RS_ASM1            0             0             0             0             0
 RS_HWF0            0             0             0             0             0
 RS_HWF1            0             0             0             0             0
 RS_HWM0            0             0             0             0             0
 RS_HWM1            0             0             0             0             0
 RS_HLF0            0             0             0             0             0
 RS_HLF1            0             0             0             0             0
 RS_HLM0            0             0             0             0             0
 RS_HLM1            0             0             0             0             0
 RS_MRF0            0             0             0             0             0
 RS_MRF1            0             0             0             0             0
 RS_MRM0            0             0             0             0             0
 RS_MRM1            0             0             0             0             0
 RS_WF1             0             0             0             0             0
 RS_WM0             0             0             0             0             0
 RS_WM1             0             0             0             0             0


           LAMBDA
              RS_HWF0       RS_HWF1       RS_HWM0       RS_HWM1       RS_HLF0
              ________      ________      ________      ________      ________
 IS_SPED            0             0             0             0             0
 SEHD_C             0             0             0             0             0
 PCT_STAN           0             0             0             0             0
 RS_AAF0            0             0             0             0             0
 RS_AAF1            0             0             0             0             0
 RS_AAM0            0             0             0             0             0
 RS_AAM1            0             0             0             0             0
 RS_AIF0            0             0             0             0             0
 RS_AIF1            0             0             0             0             0
 RS_AIM0            0             0             0             0             0
 RS_AIM1            0             0             0             0             0
 RS_ASF0            0             0             0             0             0
 RS_ASF1            0             0             0             0             0
 RS_ASM0            0             0             0             0             0
 RS_ASM1            0             0             0             0             0
 RS_HWF0            0             0             0             0             0
 RS_HWF1            0             0             0             0             0
 RS_HWM0            0             0             0             0             0
 RS_HWM1            0             0             0             0             0
 RS_HLF0            0             0             0             0             0
 RS_HLF1            0             0             0             0             0
 RS_HLM0            0             0             0             0             0
 RS_HLM1            0             0             0             0             0
 RS_MRF0            0             0             0             0             0
 RS_MRF1            0             0             0             0             0
 RS_MRM0            0             0             0             0             0
 RS_MRM1            0             0             0             0             0
 RS_WF1             0             0             0             0             0
 RS_WM0             0             0             0             0             0
 RS_WM1             0             0             0             0             0


           LAMBDA
              RS_HLF1       RS_HLM0       RS_HLM1       RS_MRF0       RS_MRF1
              ________      ________      ________      ________      ________
 IS_SPED            0             0             0             0             0
 SEHD_C             0             0             0             0             0
 PCT_STAN           0             0             0             0             0
 RS_AAF0            0             0             0             0             0
 RS_AAF1            0             0             0             0             0
 RS_AAM0            0             0             0             0             0
 RS_AAM1            0             0             0             0             0
 RS_AIF0            0             0             0             0             0
 RS_AIF1            0             0             0             0             0
 RS_AIM0            0             0             0             0             0
 RS_AIM1            0             0             0             0             0
 RS_ASF0            0             0             0             0             0
 RS_ASF1            0             0             0             0             0
 RS_ASM0            0             0             0             0             0
 RS_ASM1            0             0             0             0             0
 RS_HWF0            0             0             0             0             0
 RS_HWF1            0             0             0             0             0
 RS_HWM0            0             0             0             0             0
 RS_HWM1            0             0             0             0             0
 RS_HLF0            0             0             0             0             0
 RS_HLF1            0             0             0             0             0
 RS_HLM0            0             0             0             0             0
 RS_HLM1            0             0             0             0             0
 RS_MRF0            0             0             0             0             0
 RS_MRF1            0             0             0             0             0
 RS_MRM0            0             0             0             0             0
 RS_MRM1            0             0             0             0             0
 RS_WF1             0             0             0             0             0
 RS_WM0             0             0             0             0             0
 RS_WM1             0             0             0             0             0


           LAMBDA
              RS_MRM0       RS_MRM1       RS_WF1        RS_WM0        RS_WM1
              ________      ________      ________      ________      ________
 IS_SPED            0             0             0             0             0
 SEHD_C             0             0             0             0             0
 PCT_STAN           0             0             0             0             0
 RS_AAF0            0             0             0             0             0
 RS_AAF1            0             0             0             0             0
 RS_AAM0            0             0             0             0             0
 RS_AAM1            0             0             0             0             0
 RS_AIF0            0             0             0             0             0
 RS_AIF1            0             0             0             0             0
 RS_AIM0            0             0             0             0             0
 RS_AIM1            0             0             0             0             0
 RS_ASF0            0             0             0             0             0
 RS_ASF1            0             0             0             0             0
 RS_ASM0            0             0             0             0             0
 RS_ASM1            0             0             0             0             0
 RS_HWF0            0             0             0             0             0
 RS_HWF1            0             0             0             0             0
 RS_HWM0            0             0             0             0             0
 RS_HWM1            0             0             0             0             0
 RS_HLF0            0             0             0             0             0
 RS_HLF1            0             0             0             0             0
 RS_HLM0            0             0             0             0             0
 RS_HLM1            0             0             0             0             0
 RS_MRF0            0             0             0             0             0
 RS_MRF1            0             0             0             0             0
 RS_MRM0            0             0             0             0             0
 RS_MRM1            0             0             0             0             0
 RS_WF1             0             0             0             0             0
 RS_WM0             0             0             0             0             0
 RS_WM1             0             0             0             0             0


           THETA
              IS_SPED       SEHD_C        PCT_STAN      RS_AAF0       RS_AAF1
              ________      ________      ________      ________      ________
 IS_SPED            0
 SEHD_C             0             0
 PCT_STAN           0             0             0
 RS_AAF0            0             0             0             0
 RS_AAF1            0             0             0             0             0
 RS_AAM0            0             0             0             0             0
 RS_AAM1            0             0             0             0             0
 RS_AIF0            0             0             0             0             0
 RS_AIF1            0             0             0             0             0
 RS_AIM0            0             0             0             0             0
 RS_AIM1            0             0             0             0             0
 RS_ASF0            0             0             0             0             0
 RS_ASF1            0             0             0             0             0
 RS_ASM0            0             0             0             0             0
 RS_ASM1            0             0             0             0             0
 RS_HWF0            0             0             0             0             0
 RS_HWF1            0             0             0             0             0
 RS_HWM0            0             0             0             0             0
 RS_HWM1            0             0             0             0             0
 RS_HLF0            0             0             0             0             0
 RS_HLF1            0             0             0             0             0
 RS_HLM0            0             0             0             0             0
 RS_HLM1            0             0             0             0             0
 RS_MRF0            0             0             0             0             0
 RS_MRF1            0             0             0             0             0
 RS_MRM0            0             0             0             0             0
 RS_MRM1            0             0             0             0             0
 RS_WF1             0             0             0             0             0
 RS_WM0             0             0             0             0             0
 RS_WM1             0             0             0             0             0


           THETA
              RS_AAM0       RS_AAM1       RS_AIF0       RS_AIF1       RS_AIM0
              ________      ________      ________      ________      ________
 RS_AAM0            0
 RS_AAM1            0             0
 RS_AIF0            0             0             0
 RS_AIF1            0             0             0             0
 RS_AIM0            0             0             0             0             0
 RS_AIM1            0             0             0             0             0
 RS_ASF0            0             0             0             0             0
 RS_ASF1            0             0             0             0             0
 RS_ASM0            0             0             0             0             0
 RS_ASM1            0             0             0             0             0
 RS_HWF0            0             0             0             0             0
 RS_HWF1            0             0             0             0             0
 RS_HWM0            0             0             0             0             0
 RS_HWM1            0             0             0             0             0
 RS_HLF0            0             0             0             0             0
 RS_HLF1            0             0             0             0             0
 RS_HLM0            0             0             0             0             0
 RS_HLM1            0             0             0             0             0
 RS_MRF0            0             0             0             0             0
 RS_MRF1            0             0             0             0             0
 RS_MRM0            0             0             0             0             0
 RS_MRM1            0             0             0             0             0
 RS_WF1             0             0             0             0             0
 RS_WM0             0             0             0             0             0
 RS_WM1             0             0             0             0             0


           THETA
              RS_AIM1       RS_ASF0       RS_ASF1       RS_ASM0       RS_ASM1
              ________      ________      ________      ________      ________
 RS_AIM1            0
 RS_ASF0            0             0
 RS_ASF1            0             0             0
 RS_ASM0            0             0             0             0
 RS_ASM1            0             0             0             0             0
 RS_HWF0            0             0             0             0             0
 RS_HWF1            0             0             0             0             0
 RS_HWM0            0             0             0             0             0
 RS_HWM1            0             0             0             0             0
 RS_HLF0            0             0             0             0             0
 RS_HLF1            0             0             0             0             0
 RS_HLM0            0             0             0             0             0
 RS_HLM1            0             0             0             0             0
 RS_MRF0            0             0             0             0             0
 RS_MRF1            0             0             0             0             0
 RS_MRM0            0             0             0             0             0
 RS_MRM1            0             0             0             0             0
 RS_WF1             0             0             0             0             0
 RS_WM0             0             0             0             0             0
 RS_WM1             0             0             0             0             0


           THETA
              RS_HWF0       RS_HWF1       RS_HWM0       RS_HWM1       RS_HLF0
              ________      ________      ________      ________      ________
 RS_HWF0            0
 RS_HWF1            0             0
 RS_HWM0            0             0             0
 RS_HWM1            0             0             0             0
 RS_HLF0            0             0             0             0             0
 RS_HLF1            0             0             0             0             0
 RS_HLM0            0             0             0             0             0
 RS_HLM1            0             0             0             0             0
 RS_MRF0            0             0             0             0             0
 RS_MRF1            0             0             0             0             0
 RS_MRM0            0             0             0             0             0
 RS_MRM1            0             0             0             0             0
 RS_WF1             0             0             0             0             0
 RS_WM0             0             0             0             0             0
 RS_WM1             0             0             0             0             0


           THETA
              RS_HLF1       RS_HLM0       RS_HLM1       RS_MRF0       RS_MRF1
              ________      ________      ________      ________      ________
 RS_HLF1            0
 RS_HLM0            0             0
 RS_HLM1            0             0             0
 RS_MRF0            0             0             0             0
 RS_MRF1            0             0             0             0             0
 RS_MRM0            0             0             0             0             0
 RS_MRM1            0             0             0             0             0
 RS_WF1             0             0             0             0             0
 RS_WM0             0             0             0             0             0
 RS_WM1             0             0             0             0             0


           THETA
              RS_MRM0       RS_MRM1       RS_WF1        RS_WM0        RS_WM1
              ________      ________      ________      ________      ________
 RS_MRM0            0
 RS_MRM1            0             0
 RS_WF1             0             0             0
 RS_WM0             0             0             0             0
 RS_WM1             0             0             0             0             0


           ALPHA
              IS_SPED       SEHD_C        PCT_STAN      RS_AAF0       RS_AAF1
              ________      ________      ________      ________      ________
                    0             0             0             0             0


           ALPHA
              RS_AAM0       RS_AAM1       RS_AIF0       RS_AIF1       RS_AIM0
              ________      ________      ________      ________      ________
                    0             0             0             0             0


           ALPHA
              RS_AIM1       RS_ASF0       RS_ASF1       RS_ASM0       RS_ASM1
              ________      ________      ________      ________      ________
                    0             0             0             0             0


           ALPHA
              RS_HWF0       RS_HWF1       RS_HWM0       RS_HWM1       RS_HLF0
              ________      ________      ________      ________      ________
                    0             0             0             0             0


           ALPHA
              RS_HLF1       RS_HLM0       RS_HLM1       RS_MRF0       RS_MRF1
              ________      ________      ________      ________      ________
                    0             0             0             0             0


           ALPHA
              RS_MRM0       RS_MRM1       RS_WF1        RS_WM0        RS_WM1
              ________      ________      ________      ________      ________
                    0             0             0             0             0


           BETA
              IS_SPED       SEHD_C        PCT_STAN      RS_AAF0       RS_AAF1
              ________      ________      ________      ________      ________
 IS_SPED            0             0             0             1             0
 SEHD_C             0             0             0             0             0
 PCT_STAN           0             0             0             0             0
 RS_AAF0            0             0             0             0             0
 RS_AAF1            0             0             0             0             0
 RS_AAM0            0             0             0             0             0
 RS_AAM1            0             0             0             0             0
 RS_AIF0            0             0             0             0             0
 RS_AIF1            0             0             0             0             0
 RS_AIM0            0             0             0             0             0
 RS_AIM1            0             0             0             0             0
 RS_ASF0            0             0             0             0             0
 RS_ASF1            0             0             0             0             0
 RS_ASM0            0             0             0             0             0
 RS_ASM1            0             0             0             0             0
 RS_HWF0            0             0             0             0             0
 RS_HWF1            0             0             0             0             0
 RS_HWM0            0             0             0             0             0
 RS_HWM1            0             0             0             0             0
 RS_HLF0            0             0             0             0             0
 RS_HLF1            0             0             0             0             0
 RS_HLM0            0             0             0             0             0
 RS_HLM1            0             0             0             0             0
 RS_MRF0            0             0             0             0             0
 RS_MRF1            0             0             0             0             0
 RS_MRM0            0             0             0             0             0
 RS_MRM1            0             0             0             0             0
 RS_WF1             0             0             0             0             0
 RS_WM0             0             0             0             0             0
 RS_WM1             0             0             0             0             0


           BETA
              RS_AAM0       RS_AAM1       RS_AIF0       RS_AIF1       RS_AIM0
              ________      ________      ________      ________      ________
 IS_SPED            0             0             2             3             4
 SEHD_C             0             0             0             0             0
 PCT_STAN           0             0             0             0             0
 RS_AAF0            0             0             0             0             0
 RS_AAF1            0             0             0             0             0
 RS_AAM0            0             0             0             0             0
 RS_AAM1            0             0             0             0             0
 RS_AIF0            0             0             0             0             0
 RS_AIF1            0             0             0             0             0
 RS_AIM0            0             0             0             0             0
 RS_AIM1            0             0             0             0             0
 RS_ASF0            0             0             0             0             0
 RS_ASF1            0             0             0             0             0
 RS_ASM0            0             0             0             0             0
 RS_ASM1            0             0             0             0             0
 RS_HWF0            0             0             0             0             0
 RS_HWF1            0             0             0             0             0
 RS_HWM0            0             0             0             0             0
 RS_HWM1            0             0             0             0             0
 RS_HLF0            0             0             0             0             0
 RS_HLF1            0             0             0             0             0
 RS_HLM0            0             0             0             0             0
 RS_HLM1            0             0             0             0             0
 RS_MRF0            0             0             0             0             0
 RS_MRF1            0             0             0             0             0
 RS_MRM0            0             0             0             0             0
 RS_MRM1            0             0             0             0             0
 RS_WF1             0             0             0             0             0
 RS_WM0             0             0             0             0             0
 RS_WM1             0             0             0             0             0


           BETA
              RS_AIM1       RS_ASF0       RS_ASF1       RS_ASM0       RS_ASM1
              ________      ________      ________      ________      ________
 IS_SPED            5             6             7             8             9
 SEHD_C             0             0             0             0             0
 PCT_STAN           0             0             0             0             0
 RS_AAF0            0             0             0             0             0
 RS_AAF1            0             0             0             0             0
 RS_AAM0            0             0             0             0             0
 RS_AAM1            0             0             0             0             0
 RS_AIF0            0             0             0             0             0
 RS_AIF1            0             0             0             0             0
 RS_AIM0            0             0             0             0             0
 RS_AIM1            0             0             0             0             0
 RS_ASF0            0             0             0             0             0
 RS_ASF1            0             0             0             0             0
 RS_ASM0            0             0             0             0             0
 RS_ASM1            0             0             0             0             0
 RS_HWF0            0             0             0             0             0
 RS_HWF1            0             0             0             0             0
 RS_HWM0            0             0             0             0             0
 RS_HWM1            0             0             0             0             0
 RS_HLF0            0             0             0             0             0
 RS_HLF1            0             0             0             0             0
 RS_HLM0            0             0             0             0             0
 RS_HLM1            0             0             0             0             0
 RS_MRF0            0             0             0             0             0
 RS_MRF1            0             0             0             0             0
 RS_MRM0            0             0             0             0             0
 RS_MRM1            0             0             0             0             0
 RS_WF1             0             0             0             0             0
 RS_WM0             0             0             0             0             0
 RS_WM1             0             0             0             0             0


           BETA
              RS_HWF0       RS_HWF1       RS_HWM0       RS_HWM1       RS_HLF0
              ________      ________      ________      ________      ________
 IS_SPED           10            11            12            13            14
 SEHD_C             0             0             0             0             0
 PCT_STAN           0             0             0             0             0
 RS_AAF0            0             0             0             0             0
 RS_AAF1            0             0             0             0             0
 RS_AAM0            0             0             0             0             0
 RS_AAM1            0             0             0             0             0
 RS_AIF0            0             0             0             0             0
 RS_AIF1            0             0             0             0             0
 RS_AIM0            0             0             0             0             0
 RS_AIM1            0             0             0             0             0
 RS_ASF0            0             0             0             0             0
 RS_ASF1            0             0             0             0             0
 RS_ASM0            0             0             0             0             0
 RS_ASM1            0             0             0             0             0
 RS_HWF0            0             0             0             0             0
 RS_HWF1            0             0             0             0             0
 RS_HWM0            0             0             0             0             0
 RS_HWM1            0             0             0             0             0
 RS_HLF0            0             0             0             0             0
 RS_HLF1            0             0             0             0             0
 RS_HLM0            0             0             0             0             0
 RS_HLM1            0             0             0             0             0
 RS_MRF0            0             0             0             0             0
 RS_MRF1            0             0             0             0             0
 RS_MRM0            0             0             0             0             0
 RS_MRM1            0             0             0             0             0
 RS_WF1             0             0             0             0             0
 RS_WM0             0             0             0             0             0
 RS_WM1             0             0             0             0             0


           BETA
              RS_HLF1       RS_HLM0       RS_HLM1       RS_MRF0       RS_MRF1
              ________      ________      ________      ________      ________
 IS_SPED            0            15             0            16            17
 SEHD_C             0             0             0             0             0
 PCT_STAN           0             0             0             0             0
 RS_AAF0            0             0             0             0             0
 RS_AAF1            0             0             0             0             0
 RS_AAM0            0             0             0             0             0
 RS_AAM1            0             0             0             0             0
 RS_AIF0            0             0             0             0             0
 RS_AIF1            0             0             0             0             0
 RS_AIM0            0             0             0             0             0
 RS_AIM1            0             0             0             0             0
 RS_ASF0            0             0             0             0             0
 RS_ASF1            0             0             0             0             0
 RS_ASM0            0             0             0             0             0
 RS_ASM1            0             0             0             0             0
 RS_HWF0            0             0             0             0             0
 RS_HWF1            0             0             0             0             0
 RS_HWM0            0             0             0             0             0
 RS_HWM1            0             0             0             0             0
 RS_HLF0            0             0             0             0             0
 RS_HLF1            0             0             0             0             0
 RS_HLM0            0             0             0             0             0
 RS_HLM1            0             0             0             0             0
 RS_MRF0            0             0             0             0             0
 RS_MRF1            0             0             0             0             0
 RS_MRM0            0             0             0             0             0
 RS_MRM1            0             0             0             0             0
 RS_WF1             0             0             0             0             0
 RS_WM0             0             0             0             0             0
 RS_WM1             0             0             0             0             0


           BETA
              RS_MRM0       RS_MRM1       RS_WF1        RS_WM0        RS_WM1
              ________      ________      ________      ________      ________
 IS_SPED           18            19             0            20             0
 SEHD_C             0             0             0             0             0
 PCT_STAN           0             0             0             0             0
 RS_AAF0            0             0             0             0             0
 RS_AAF1            0             0             0             0             0
 RS_AAM0            0             0             0             0             0
 RS_AAM1            0             0             0             0             0
 RS_AIF0            0             0             0             0             0
 RS_AIF1            0             0             0             0             0
 RS_AIM0            0             0             0             0             0
 RS_AIM1            0             0             0             0             0
 RS_ASF0            0             0             0             0             0
 RS_ASF1            0             0             0             0             0
 RS_ASM0            0             0             0             0             0
 RS_ASM1            0             0             0             0             0
 RS_HWF0            0             0             0             0             0
 RS_HWF1            0             0             0             0             0
 RS_HWM0            0             0             0             0             0
 RS_HWM1            0             0             0             0             0
 RS_HLF0            0             0             0             0             0
 RS_HLF1            0             0             0             0             0
 RS_HLM0            0             0             0             0             0
 RS_HLM1            0             0             0             0             0
 RS_MRF0            0             0             0             0             0
 RS_MRF1            0             0             0             0             0
 RS_MRM0            0             0             0             0             0
 RS_MRM1            0             0             0             0             0
 RS_WF1             0             0             0             0             0
 RS_WM0             0             0             0             0             0
 RS_WM1             0             0             0             0             0


           PSI
              IS_SPED       SEHD_C        PCT_STAN      RS_AAF0       RS_AAF1
              ________      ________      ________      ________      ________
 IS_SPED            0
 SEHD_C             0            21
 PCT_STAN           0            22            23
 RS_AAF0            0             0             0             0
 RS_AAF1            0             0             0             0             0
 RS_AAM0            0             0             0             0             0
 RS_AAM1            0             0             0             0             0
 RS_AIF0            0             0             0             0             0
 RS_AIF1            0             0             0             0             0
 RS_AIM0            0             0             0             0             0
 RS_AIM1            0             0             0             0             0
 RS_ASF0            0             0             0             0             0
 RS_ASF1            0             0             0             0             0
 RS_ASM0            0             0             0             0             0
 RS_ASM1            0             0             0             0             0
 RS_HWF0            0             0             0             0             0
 RS_HWF1            0             0             0             0             0
 RS_HWM0            0             0             0             0             0
 RS_HWM1            0             0             0             0             0
 RS_HLF0            0             0             0             0             0
 RS_HLF1            0             0             0             0             0
 RS_HLM0            0             0             0             0             0
 RS_HLM1            0             0             0             0             0
 RS_MRF0            0             0             0             0             0
 RS_MRF1            0             0             0             0             0
 RS_MRM0            0             0             0             0             0
 RS_MRM1            0             0             0             0             0
 RS_WF1             0             0             0             0             0
 RS_WM0             0             0             0             0             0
 RS_WM1             0             0             0             0             0


           PSI
              RS_AAM0       RS_AAM1       RS_AIF0       RS_AIF1       RS_AIM0
              ________      ________      ________      ________      ________
 RS_AAM0            0
 RS_AAM1            0             0
 RS_AIF0            0             0             0
 RS_AIF1            0             0             0             0
 RS_AIM0            0             0             0             0             0
 RS_AIM1            0             0             0             0             0
 RS_ASF0            0             0             0             0             0
 RS_ASF1            0             0             0             0             0
 RS_ASM0            0             0             0             0             0
 RS_ASM1            0             0             0             0             0
 RS_HWF0            0             0             0             0             0
 RS_HWF1            0             0             0             0             0
 RS_HWM0            0             0             0             0             0
 RS_HWM1            0             0             0             0             0
 RS_HLF0            0             0             0             0             0
 RS_HLF1            0             0             0             0             0
 RS_HLM0            0             0             0             0             0
 RS_HLM1            0             0             0             0             0
 RS_MRF0            0             0             0             0             0
 RS_MRF1            0             0             0             0             0
 RS_MRM0            0             0             0             0             0
 RS_MRM1            0             0             0             0             0
 RS_WF1             0             0             0             0             0
 RS_WM0             0             0             0             0             0
 RS_WM1             0             0             0             0             0


           PSI
              RS_AIM1       RS_ASF0       RS_ASF1       RS_ASM0       RS_ASM1
              ________      ________      ________      ________      ________
 RS_AIM1            0
 RS_ASF0            0             0
 RS_ASF1            0             0             0
 RS_ASM0            0             0             0             0
 RS_ASM1            0             0             0             0             0
 RS_HWF0            0             0             0             0             0
 RS_HWF1            0             0             0             0             0
 RS_HWM0            0             0             0             0             0
 RS_HWM1            0             0             0             0             0
 RS_HLF0            0             0             0             0             0
 RS_HLF1            0             0             0             0             0
 RS_HLM0            0             0             0             0             0
 RS_HLM1            0             0             0             0             0
 RS_MRF0            0             0             0             0             0
 RS_MRF1            0             0             0             0             0
 RS_MRM0            0             0             0             0             0
 RS_MRM1            0             0             0             0             0
 RS_WF1             0             0             0             0             0
 RS_WM0             0             0             0             0             0
 RS_WM1             0             0             0             0             0


           PSI
              RS_HWF0       RS_HWF1       RS_HWM0       RS_HWM1       RS_HLF0
              ________      ________      ________      ________      ________
 RS_HWF0            0
 RS_HWF1            0             0
 RS_HWM0            0             0             0
 RS_HWM1            0             0             0             0
 RS_HLF0            0             0             0             0             0
 RS_HLF1            0             0             0             0             0
 RS_HLM0            0             0             0             0             0
 RS_HLM1            0             0             0             0             0
 RS_MRF0            0             0             0             0             0
 RS_MRF1            0             0             0             0             0
 RS_MRM0            0             0             0             0             0
 RS_MRM1            0             0             0             0             0
 RS_WF1             0             0             0             0             0
 RS_WM0             0             0             0             0             0
 RS_WM1             0             0             0             0             0


           PSI
              RS_HLF1       RS_HLM0       RS_HLM1       RS_MRF0       RS_MRF1
              ________      ________      ________      ________      ________
 RS_HLF1            0
 RS_HLM0            0             0
 RS_HLM1            0             0             0
 RS_MRF0            0             0             0             0
 RS_MRF1            0             0             0             0             0
 RS_MRM0            0             0             0             0             0
 RS_MRM1            0             0             0             0             0
 RS_WF1             0             0             0             0             0
 RS_WM0             0             0             0             0             0
 RS_WM1             0             0             0             0             0


           PSI
              RS_MRM0       RS_MRM1       RS_WF1        RS_WM0        RS_WM1
              ________      ________      ________      ________      ________
 RS_MRM0            0
 RS_MRM1            0             0
 RS_WF1             0             0             0
 RS_WM0             0             0             0             0
 RS_WM1             0             0             0             0             0


     PARAMETER SPECIFICATION FOR BETWEEN


           TAU
              IS_SPED$
              ________
                   88


           NU
              IS_SPED       SEHD_C        PCT_STAN
              ________      ________      ________
                    0             0             0


           LAMBDA
              S1            S2            S3            S4            S5
              ________      ________      ________      ________      ________
 IS_SPED            0             0             0             0             0
 SEHD_C             0             0             0             0             0
 PCT_STAN           0             0             0             0             0


           LAMBDA
              S6            S7            IS_SPED       SEHD_C        PCT_STAN
              ________      ________      ________      ________      ________
 IS_SPED            0             0             0             0             0
 SEHD_C             0             0             0             0             0
 PCT_STAN           0             0             0             0             0


           THETA
              IS_SPED       SEHD_C        PCT_STAN
              ________      ________      ________
 IS_SPED            0
 SEHD_C             0             0
 PCT_STAN           0             0             0


           ALPHA
              S1            S2            S3            S4            S5
              ________      ________      ________      ________      ________
                   24            25            26            27            28


           ALPHA
              S6            S7            IS_SPED       SEHD_C        PCT_STAN
              ________      ________      ________      ________      ________
                   29            30             0            31            32


           BETA
              S1            S2            S3            S4            S5
              ________      ________      ________      ________      ________
 S1                 0             0             0             0             0
 S2                 0             0             0             0             0
 S3                 0             0             0             0             0
 S4                 0             0             0             0             0
 S5                 0             0             0             0             0
 S6                 0             0             0             0             0
 S7                 0             0             0             0             0
 IS_SPED            0             0             0             0             0
 SEHD_C             0             0             0             0             0
 PCT_STAN           0             0             0             0             0


           BETA
              S6            S7            IS_SPED       SEHD_C        PCT_STAN
              ________      ________      ________      ________      ________
 S1                 0             0             0            33            34
 S2                 0             0             0            35            36
 S3                 0             0             0            37            38
 S4                 0             0             0            39            40
 S5                 0             0             0            41            42
 S6                 0             0             0            43            44
 S7                 0             0             0            45            46
 IS_SPED            0             0             0            47            48
 SEHD_C             0             0             0             0             0
 PCT_STAN           0             0             0             0             0


           PSI
              S1            S2            S3            S4            S5
              ________      ________      ________      ________      ________
 S1                49
 S2                50            51
 S3                52            53            54
 S4                55            56            57            58
 S5                59            60            61            62            63
 S6                64            65            66            67            68
 S7                70            71            72            73            74
 IS_SPED           77            78            79            80            81
 SEHD_C             0             0             0             0             0
 PCT_STAN           0             0             0             0             0


           PSI
              S6            S7            IS_SPED       SEHD_C        PCT_STAN
              ________      ________      ________      ________      ________
 S6                69
 S7                75            76
 IS_SPED           82            83            84
 SEHD_C             0             0             0            85
 PCT_STAN           0             0             0            86            87


     STARTING VALUES FOR WITHIN


           TAU
              IS_SPED$
              ________
                0.000


           NU
              IS_SPED       SEHD_C        PCT_STAN      RS_AAF0       RS_AAF1
              ________      ________      ________      ________      ________
                0.000         0.000         0.000         0.000         0.000


           NU
              RS_AAM0       RS_AAM1       RS_AIF0       RS_AIF1       RS_AIM0
              ________      ________      ________      ________      ________
                0.000         0.000         0.000         0.000         0.000


           NU
              RS_AIM1       RS_ASF0       RS_ASF1       RS_ASM0       RS_ASM1
              ________      ________      ________      ________      ________
                0.000         0.000         0.000         0.000         0.000


           NU
              RS_HWF0       RS_HWF1       RS_HWM0       RS_HWM1       RS_HLF0
              ________      ________      ________      ________      ________
                0.000         0.000         0.000         0.000         0.000


           NU
              RS_HLF1       RS_HLM0       RS_HLM1       RS_MRF0       RS_MRF1
              ________      ________      ________      ________      ________
                0.000         0.000         0.000         0.000         0.000


           NU
              RS_MRM0       RS_MRM1       RS_WF1        RS_WM0        RS_WM1
              ________      ________      ________      ________      ________
                0.000         0.000         0.000         0.000         0.000


           LAMBDA
              IS_SPED       SEHD_C        PCT_STAN      RS_AAF0       RS_AAF1
              ________      ________      ________      ________      ________
 IS_SPED        1.000         0.000         0.000         0.000         0.000
 SEHD_C         0.000         1.000         0.000         0.000         0.000
 PCT_STAN       0.000         0.000         1.000         0.000         0.000
 RS_AAF0        0.000         0.000         0.000         1.000         0.000
 RS_AAF1        0.000         0.000         0.000         0.000         1.000
 RS_AAM0        0.000         0.000         0.000         0.000         0.000
 RS_AAM1        0.000         0.000         0.000         0.000         0.000
 RS_AIF0        0.000         0.000         0.000         0.000         0.000
 RS_AIF1        0.000         0.000         0.000         0.000         0.000
 RS_AIM0        0.000         0.000         0.000         0.000         0.000
 RS_AIM1        0.000         0.000         0.000         0.000         0.000
 RS_ASF0        0.000         0.000         0.000         0.000         0.000
 RS_ASF1        0.000         0.000         0.000         0.000         0.000
 RS_ASM0        0.000         0.000         0.000         0.000         0.000
 RS_ASM1        0.000         0.000         0.000         0.000         0.000
 RS_HWF0        0.000         0.000         0.000         0.000         0.000
 RS_HWF1        0.000         0.000         0.000         0.000         0.000
 RS_HWM0        0.000         0.000         0.000         0.000         0.000
 RS_HWM1        0.000         0.000         0.000         0.000         0.000
 RS_HLF0        0.000         0.000         0.000         0.000         0.000
 RS_HLF1        0.000         0.000         0.000         0.000         0.000
 RS_HLM0        0.000         0.000         0.000         0.000         0.000
 RS_HLM1        0.000         0.000         0.000         0.000         0.000
 RS_MRF0        0.000         0.000         0.000         0.000         0.000
 RS_MRF1        0.000         0.000         0.000         0.000         0.000
 RS_MRM0        0.000         0.000         0.000         0.000         0.000
 RS_MRM1        0.000         0.000         0.000         0.000         0.000
 RS_WF1         0.000         0.000         0.000         0.000         0.000
 RS_WM0         0.000         0.000         0.000         0.000         0.000
 RS_WM1         0.000         0.000         0.000         0.000         0.000


           LAMBDA
              RS_AAM0       RS_AAM1       RS_AIF0       RS_AIF1       RS_AIM0
              ________      ________      ________      ________      ________
 IS_SPED        0.000         0.000         0.000         0.000         0.000
 SEHD_C         0.000         0.000         0.000         0.000         0.000
 PCT_STAN       0.000         0.000         0.000         0.000         0.000
 RS_AAF0        0.000         0.000         0.000         0.000         0.000
 RS_AAF1        0.000         0.000         0.000         0.000         0.000
 RS_AAM0        1.000         0.000         0.000         0.000         0.000
 RS_AAM1        0.000         1.000         0.000         0.000         0.000
 RS_AIF0        0.000         0.000         1.000         0.000         0.000
 RS_AIF1        0.000         0.000         0.000         1.000         0.000
 RS_AIM0        0.000         0.000         0.000         0.000         1.000
 RS_AIM1        0.000         0.000         0.000         0.000         0.000
 RS_ASF0        0.000         0.000         0.000         0.000         0.000
 RS_ASF1        0.000         0.000         0.000         0.000         0.000
 RS_ASM0        0.000         0.000         0.000         0.000         0.000
 RS_ASM1        0.000         0.000         0.000         0.000         0.000
 RS_HWF0        0.000         0.000         0.000         0.000         0.000
 RS_HWF1        0.000         0.000         0.000         0.000         0.000
 RS_HWM0        0.000         0.000         0.000         0.000         0.000
 RS_HWM1        0.000         0.000         0.000         0.000         0.000
 RS_HLF0        0.000         0.000         0.000         0.000         0.000
 RS_HLF1        0.000         0.000         0.000         0.000         0.000
 RS_HLM0        0.000         0.000         0.000         0.000         0.000
 RS_HLM1        0.000         0.000         0.000         0.000         0.000
 RS_MRF0        0.000         0.000         0.000         0.000         0.000
 RS_MRF1        0.000         0.000         0.000         0.000         0.000
 RS_MRM0        0.000         0.000         0.000         0.000         0.000
 RS_MRM1        0.000         0.000         0.000         0.000         0.000
 RS_WF1         0.000         0.000         0.000         0.000         0.000
 RS_WM0         0.000         0.000         0.000         0.000         0.000
 RS_WM1         0.000         0.000         0.000         0.000         0.000


           LAMBDA
              RS_AIM1       RS_ASF0       RS_ASF1       RS_ASM0       RS_ASM1
              ________      ________      ________      ________      ________
 IS_SPED        0.000         0.000         0.000         0.000         0.000
 SEHD_C         0.000         0.000         0.000         0.000         0.000
 PCT_STAN       0.000         0.000         0.000         0.000         0.000
 RS_AAF0        0.000         0.000         0.000         0.000         0.000
 RS_AAF1        0.000         0.000         0.000         0.000         0.000
 RS_AAM0        0.000         0.000         0.000         0.000         0.000
 RS_AAM1        0.000         0.000         0.000         0.000         0.000
 RS_AIF0        0.000         0.000         0.000         0.000         0.000
 RS_AIF1        0.000         0.000         0.000         0.000         0.000
 RS_AIM0        0.000         0.000         0.000         0.000         0.000
 RS_AIM1        1.000         0.000         0.000         0.000         0.000
 RS_ASF0        0.000         1.000         0.000         0.000         0.000
 RS_ASF1        0.000         0.000         1.000         0.000         0.000
 RS_ASM0        0.000         0.000         0.000         1.000         0.000
 RS_ASM1        0.000         0.000         0.000         0.000         1.000
 RS_HWF0        0.000         0.000         0.000         0.000         0.000
 RS_HWF1        0.000         0.000         0.000         0.000         0.000
 RS_HWM0        0.000         0.000         0.000         0.000         0.000
 RS_HWM1        0.000         0.000         0.000         0.000         0.000
 RS_HLF0        0.000         0.000         0.000         0.000         0.000
 RS_HLF1        0.000         0.000         0.000         0.000         0.000
 RS_HLM0        0.000         0.000         0.000         0.000         0.000
 RS_HLM1        0.000         0.000         0.000         0.000         0.000
 RS_MRF0        0.000         0.000         0.000         0.000         0.000
 RS_MRF1        0.000         0.000         0.000         0.000         0.000
 RS_MRM0        0.000         0.000         0.000         0.000         0.000
 RS_MRM1        0.000         0.000         0.000         0.000         0.000
 RS_WF1         0.000         0.000         0.000         0.000         0.000
 RS_WM0         0.000         0.000         0.000         0.000         0.000
 RS_WM1         0.000         0.000         0.000         0.000         0.000


           LAMBDA
              RS_HWF0       RS_HWF1       RS_HWM0       RS_HWM1       RS_HLF0
              ________      ________      ________      ________      ________
 IS_SPED        0.000         0.000         0.000         0.000         0.000
 SEHD_C         0.000         0.000         0.000         0.000         0.000
 PCT_STAN       0.000         0.000         0.000         0.000         0.000
 RS_AAF0        0.000         0.000         0.000         0.000         0.000
 RS_AAF1        0.000         0.000         0.000         0.000         0.000
 RS_AAM0        0.000         0.000         0.000         0.000         0.000
 RS_AAM1        0.000         0.000         0.000         0.000         0.000
 RS_AIF0        0.000         0.000         0.000         0.000         0.000
 RS_AIF1        0.000         0.000         0.000         0.000         0.000
 RS_AIM0        0.000         0.000         0.000         0.000         0.000
 RS_AIM1        0.000         0.000         0.000         0.000         0.000
 RS_ASF0        0.000         0.000         0.000         0.000         0.000
 RS_ASF1        0.000         0.000         0.000         0.000         0.000
 RS_ASM0        0.000         0.000         0.000         0.000         0.000
 RS_ASM1        0.000         0.000         0.000         0.000         0.000
 RS_HWF0        1.000         0.000         0.000         0.000         0.000
 RS_HWF1        0.000         1.000         0.000         0.000         0.000
 RS_HWM0        0.000         0.000         1.000         0.000         0.000
 RS_HWM1        0.000         0.000         0.000         1.000         0.000
 RS_HLF0        0.000         0.000         0.000         0.000         1.000
 RS_HLF1        0.000         0.000         0.000         0.000         0.000
 RS_HLM0        0.000         0.000         0.000         0.000         0.000
 RS_HLM1        0.000         0.000         0.000         0.000         0.000
 RS_MRF0        0.000         0.000         0.000         0.000         0.000
 RS_MRF1        0.000         0.000         0.000         0.000         0.000
 RS_MRM0        0.000         0.000         0.000         0.000         0.000
 RS_MRM1        0.000         0.000         0.000         0.000         0.000
 RS_WF1         0.000         0.000         0.000         0.000         0.000
 RS_WM0         0.000         0.000         0.000         0.000         0.000
 RS_WM1         0.000         0.000         0.000         0.000         0.000


           LAMBDA
              RS_HLF1       RS_HLM0       RS_HLM1       RS_MRF0       RS_MRF1
              ________      ________      ________      ________      ________
 IS_SPED        0.000         0.000         0.000         0.000         0.000
 SEHD_C         0.000         0.000         0.000         0.000         0.000
 PCT_STAN       0.000         0.000         0.000         0.000         0.000
 RS_AAF0        0.000         0.000         0.000         0.000         0.000
 RS_AAF1        0.000         0.000         0.000         0.000         0.000
 RS_AAM0        0.000         0.000         0.000         0.000         0.000
 RS_AAM1        0.000         0.000         0.000         0.000         0.000
 RS_AIF0        0.000         0.000         0.000         0.000         0.000
 RS_AIF1        0.000         0.000         0.000         0.000         0.000
 RS_AIM0        0.000         0.000         0.000         0.000         0.000
 RS_AIM1        0.000         0.000         0.000         0.000         0.000
 RS_ASF0        0.000         0.000         0.000         0.000         0.000
 RS_ASF1        0.000         0.000         0.000         0.000         0.000
 RS_ASM0        0.000         0.000         0.000         0.000         0.000
 RS_ASM1        0.000         0.000         0.000         0.000         0.000
 RS_HWF0        0.000         0.000         0.000         0.000         0.000
 RS_HWF1        0.000         0.000         0.000         0.000         0.000
 RS_HWM0        0.000         0.000         0.000         0.000         0.000
 RS_HWM1        0.000         0.000         0.000         0.000         0.000
 RS_HLF0        0.000         0.000         0.000         0.000         0.000
 RS_HLF1        1.000         0.000         0.000         0.000         0.000
 RS_HLM0        0.000         1.000         0.000         0.000         0.000
 RS_HLM1        0.000         0.000         1.000         0.000         0.000
 RS_MRF0        0.000         0.000         0.000         1.000         0.000
 RS_MRF1        0.000         0.000         0.000         0.000         1.000
 RS_MRM0        0.000         0.000         0.000         0.000         0.000
 RS_MRM1        0.000         0.000         0.000         0.000         0.000
 RS_WF1         0.000         0.000         0.000         0.000         0.000
 RS_WM0         0.000         0.000         0.000         0.000         0.000
 RS_WM1         0.000         0.000         0.000         0.000         0.000


           LAMBDA
              RS_MRM0       RS_MRM1       RS_WF1        RS_WM0        RS_WM1
              ________      ________      ________      ________      ________
 IS_SPED        0.000         0.000         0.000         0.000         0.000
 SEHD_C         0.000         0.000         0.000         0.000         0.000
 PCT_STAN       0.000         0.000         0.000         0.000         0.000
 RS_AAF0        0.000         0.000         0.000         0.000         0.000
 RS_AAF1        0.000         0.000         0.000         0.000         0.000
 RS_AAM0        0.000         0.000         0.000         0.000         0.000
 RS_AAM1        0.000         0.000         0.000         0.000         0.000
 RS_AIF0        0.000         0.000         0.000         0.000         0.000
 RS_AIF1        0.000         0.000         0.000         0.000         0.000
 RS_AIM0        0.000         0.000         0.000         0.000         0.000
 RS_AIM1        0.000         0.000         0.000         0.000         0.000
 RS_ASF0        0.000         0.000         0.000         0.000         0.000
 RS_ASF1        0.000         0.000         0.000         0.000         0.000
 RS_ASM0        0.000         0.000         0.000         0.000         0.000
 RS_ASM1        0.000         0.000         0.000         0.000         0.000
 RS_HWF0        0.000         0.000         0.000         0.000         0.000
 RS_HWF1        0.000         0.000         0.000         0.000         0.000
 RS_HWM0        0.000         0.000         0.000         0.000         0.000
 RS_HWM1        0.000         0.000         0.000         0.000         0.000
 RS_HLF0        0.000         0.000         0.000         0.000         0.000
 RS_HLF1        0.000         0.000         0.000         0.000         0.000
 RS_HLM0        0.000         0.000         0.000         0.000         0.000
 RS_HLM1        0.000         0.000         0.000         0.000         0.000
 RS_MRF0        0.000         0.000         0.000         0.000         0.000
 RS_MRF1        0.000         0.000         0.000         0.000         0.000
 RS_MRM0        1.000         0.000         0.000         0.000         0.000
 RS_MRM1        0.000         1.000         0.000         0.000         0.000
 RS_WF1         0.000         0.000         1.000         0.000         0.000
 RS_WM0         0.000         0.000         0.000         1.000         0.000
 RS_WM1         0.000         0.000         0.000         0.000         1.000


           THETA
              IS_SPED       SEHD_C        PCT_STAN      RS_AAF0       RS_AAF1
              ________      ________      ________      ________      ________
 IS_SPED        0.000
 SEHD_C         0.000         0.000
 PCT_STAN       0.000         0.000         0.000
 RS_AAF0        0.000         0.000         0.000         0.000
 RS_AAF1        0.000         0.000         0.000         0.000         0.000
 RS_AAM0        0.000         0.000         0.000         0.000         0.000
 RS_AAM1        0.000         0.000         0.000         0.000         0.000
 RS_AIF0        0.000         0.000         0.000         0.000         0.000
 RS_AIF1        0.000         0.000         0.000         0.000         0.000
 RS_AIM0        0.000         0.000         0.000         0.000         0.000
 RS_AIM1        0.000         0.000         0.000         0.000         0.000
 RS_ASF0        0.000         0.000         0.000         0.000         0.000
 RS_ASF1        0.000         0.000         0.000         0.000         0.000
 RS_ASM0        0.000         0.000         0.000         0.000         0.000
 RS_ASM1        0.000         0.000         0.000         0.000         0.000
 RS_HWF0        0.000         0.000         0.000         0.000         0.000
 RS_HWF1        0.000         0.000         0.000         0.000         0.000
 RS_HWM0        0.000         0.000         0.000         0.000         0.000
 RS_HWM1        0.000         0.000         0.000         0.000         0.000
 RS_HLF0        0.000         0.000         0.000         0.000         0.000
 RS_HLF1        0.000         0.000         0.000         0.000         0.000
 RS_HLM0        0.000         0.000         0.000         0.000         0.000
 RS_HLM1        0.000         0.000         0.000         0.000         0.000
 RS_MRF0        0.000         0.000         0.000         0.000         0.000
 RS_MRF1        0.000         0.000         0.000         0.000         0.000
 RS_MRM0        0.000         0.000         0.000         0.000         0.000
 RS_MRM1        0.000         0.000         0.000         0.000         0.000
 RS_WF1         0.000         0.000         0.000         0.000         0.000
 RS_WM0         0.000         0.000         0.000         0.000         0.000
 RS_WM1         0.000         0.000         0.000         0.000         0.000


           THETA
              RS_AAM0       RS_AAM1       RS_AIF0       RS_AIF1       RS_AIM0
              ________      ________      ________      ________      ________
 RS_AAM0        0.000
 RS_AAM1        0.000         0.000
 RS_AIF0        0.000         0.000         0.000
 RS_AIF1        0.000         0.000         0.000         0.000
 RS_AIM0        0.000         0.000         0.000         0.000         0.000
 RS_AIM1        0.000         0.000         0.000         0.000         0.000
 RS_ASF0        0.000         0.000         0.000         0.000         0.000
 RS_ASF1        0.000         0.000         0.000         0.000         0.000
 RS_ASM0        0.000         0.000         0.000         0.000         0.000
 RS_ASM1        0.000         0.000         0.000         0.000         0.000
 RS_HWF0        0.000         0.000         0.000         0.000         0.000
 RS_HWF1        0.000         0.000         0.000         0.000         0.000
 RS_HWM0        0.000         0.000         0.000         0.000         0.000
 RS_HWM1        0.000         0.000         0.000         0.000         0.000
 RS_HLF0        0.000         0.000         0.000         0.000         0.000
 RS_HLF1        0.000         0.000         0.000         0.000         0.000
 RS_HLM0        0.000         0.000         0.000         0.000         0.000
 RS_HLM1        0.000         0.000         0.000         0.000         0.000
 RS_MRF0        0.000         0.000         0.000         0.000         0.000
 RS_MRF1        0.000         0.000         0.000         0.000         0.000
 RS_MRM0        0.000         0.000         0.000         0.000         0.000
 RS_MRM1        0.000         0.000         0.000         0.000         0.000
 RS_WF1         0.000         0.000         0.000         0.000         0.000
 RS_WM0         0.000         0.000         0.000         0.000         0.000
 RS_WM1         0.000         0.000         0.000         0.000         0.000


           THETA
              RS_AIM1       RS_ASF0       RS_ASF1       RS_ASM0       RS_ASM1
              ________      ________      ________      ________      ________
 RS_AIM1        0.000
 RS_ASF0        0.000         0.000
 RS_ASF1        0.000         0.000         0.000
 RS_ASM0        0.000         0.000         0.000         0.000
 RS_ASM1        0.000         0.000         0.000         0.000         0.000
 RS_HWF0        0.000         0.000         0.000         0.000         0.000
 RS_HWF1        0.000         0.000         0.000         0.000         0.000
 RS_HWM0        0.000         0.000         0.000         0.000         0.000
 RS_HWM1        0.000         0.000         0.000         0.000         0.000
 RS_HLF0        0.000         0.000         0.000         0.000         0.000
 RS_HLF1        0.000         0.000         0.000         0.000         0.000
 RS_HLM0        0.000         0.000         0.000         0.000         0.000
 RS_HLM1        0.000         0.000         0.000         0.000         0.000
 RS_MRF0        0.000         0.000         0.000         0.000         0.000
 RS_MRF1        0.000         0.000         0.000         0.000         0.000
 RS_MRM0        0.000         0.000         0.000         0.000         0.000
 RS_MRM1        0.000         0.000         0.000         0.000         0.000
 RS_WF1         0.000         0.000         0.000         0.000         0.000
 RS_WM0         0.000         0.000         0.000         0.000         0.000
 RS_WM1         0.000         0.000         0.000         0.000         0.000


           THETA
              RS_HWF0       RS_HWF1       RS_HWM0       RS_HWM1       RS_HLF0
              ________      ________      ________      ________      ________
 RS_HWF0        0.000
 RS_HWF1        0.000         0.000
 RS_HWM0        0.000         0.000         0.000
 RS_HWM1        0.000         0.000         0.000         0.000
 RS_HLF0        0.000         0.000         0.000         0.000         0.000
 RS_HLF1        0.000         0.000         0.000         0.000         0.000
 RS_HLM0        0.000         0.000         0.000         0.000         0.000
 RS_HLM1        0.000         0.000         0.000         0.000         0.000
 RS_MRF0        0.000         0.000         0.000         0.000         0.000
 RS_MRF1        0.000         0.000         0.000         0.000         0.000
 RS_MRM0        0.000         0.000         0.000         0.000         0.000
 RS_MRM1        0.000         0.000         0.000         0.000         0.000
 RS_WF1         0.000         0.000         0.000         0.000         0.000
 RS_WM0         0.000         0.000         0.000         0.000         0.000
 RS_WM1         0.000         0.000         0.000         0.000         0.000


           THETA
              RS_HLF1       RS_HLM0       RS_HLM1       RS_MRF0       RS_MRF1
              ________      ________      ________      ________      ________
 RS_HLF1        0.000
 RS_HLM0        0.000         0.000
 RS_HLM1        0.000         0.000         0.000
 RS_MRF0        0.000         0.000         0.000         0.000
 RS_MRF1        0.000         0.000         0.000         0.000         0.000
 RS_MRM0        0.000         0.000         0.000         0.000         0.000
 RS_MRM1        0.000         0.000         0.000         0.000         0.000
 RS_WF1         0.000         0.000         0.000         0.000         0.000
 RS_WM0         0.000         0.000         0.000         0.000         0.000
 RS_WM1         0.000         0.000         0.000         0.000         0.000


           THETA
              RS_MRM0       RS_MRM1       RS_WF1        RS_WM0        RS_WM1
              ________      ________      ________      ________      ________
 RS_MRM0        0.000
 RS_MRM1        0.000         0.000
 RS_WF1         0.000         0.000         0.000
 RS_WM0         0.000         0.000         0.000         0.000
 RS_WM1         0.000         0.000         0.000         0.000         0.000


           ALPHA
              IS_SPED       SEHD_C        PCT_STAN      RS_AAF0       RS_AAF1
              ________      ________      ________      ________      ________
                0.000         0.000         0.000         0.000         0.000


           ALPHA
              RS_AAM0       RS_AAM1       RS_AIF0       RS_AIF1       RS_AIM0
              ________      ________      ________      ________      ________
                0.000         0.000         0.000         0.000         0.000


           ALPHA
              RS_AIM1       RS_ASF0       RS_ASF1       RS_ASM0       RS_ASM1
              ________      ________      ________      ________      ________
                0.000         0.000         0.000         0.000         0.000


           ALPHA
              RS_HWF0       RS_HWF1       RS_HWM0       RS_HWM1       RS_HLF0
              ________      ________      ________      ________      ________
                0.000         0.000         0.000         0.000         0.000


           ALPHA
              RS_HLF1       RS_HLM0       RS_HLM1       RS_MRF0       RS_MRF1
              ________      ________      ________      ________      ________
                0.000         0.000         0.000         0.000         0.000


           ALPHA
              RS_MRM0       RS_MRM1       RS_WF1        RS_WM0        RS_WM1
              ________      ________      ________      ________      ________
                0.000         0.000         0.000         0.000         0.000


           BETA
              IS_SPED       SEHD_C        PCT_STAN      RS_AAF0       RS_AAF1
              ________      ________      ________      ________      ________
 IS_SPED        0.000         0.000         0.000         0.000         0.000
 SEHD_C         0.000         0.000         0.000         0.000         0.000
 PCT_STAN       0.000         0.000         0.000         0.000         0.000
 RS_AAF0        0.000         0.000         0.000         0.000         0.000
 RS_AAF1        0.000         0.000         0.000         0.000         0.000
 RS_AAM0        0.000         0.000         0.000         0.000         0.000
 RS_AAM1        0.000         0.000         0.000         0.000         0.000
 RS_AIF0        0.000         0.000         0.000         0.000         0.000
 RS_AIF1        0.000         0.000         0.000         0.000         0.000
 RS_AIM0        0.000         0.000         0.000         0.000         0.000
 RS_AIM1        0.000         0.000         0.000         0.000         0.000
 RS_ASF0        0.000         0.000         0.000         0.000         0.000
 RS_ASF1        0.000         0.000         0.000         0.000         0.000
 RS_ASM0        0.000         0.000         0.000         0.000         0.000
 RS_ASM1        0.000         0.000         0.000         0.000         0.000
 RS_HWF0        0.000         0.000         0.000         0.000         0.000
 RS_HWF1        0.000         0.000         0.000         0.000         0.000
 RS_HWM0        0.000         0.000         0.000         0.000         0.000
 RS_HWM1        0.000         0.000         0.000         0.000         0.000
 RS_HLF0        0.000         0.000         0.000         0.000         0.000
 RS_HLF1        0.000         0.000         0.000         0.000         0.000
 RS_HLM0        0.000         0.000         0.000         0.000         0.000
 RS_HLM1        0.000         0.000         0.000         0.000         0.000
 RS_MRF0        0.000         0.000         0.000         0.000         0.000
 RS_MRF1        0.000         0.000         0.000         0.000         0.000
 RS_MRM0        0.000         0.000         0.000         0.000         0.000
 RS_MRM1        0.000         0.000         0.000         0.000         0.000
 RS_WF1         0.000         0.000         0.000         0.000         0.000
 RS_WM0         0.000         0.000         0.000         0.000         0.000
 RS_WM1         0.000         0.000         0.000         0.000         0.000


           BETA
              RS_AAM0       RS_AAM1       RS_AIF0       RS_AIF1       RS_AIM0
              ________      ________      ________      ________      ________
 IS_SPED        0.000         0.000         0.000         0.000         0.000
 SEHD_C         0.000         0.000         0.000         0.000         0.000
 PCT_STAN       0.000         0.000         0.000         0.000         0.000
 RS_AAF0        0.000         0.000         0.000         0.000         0.000
 RS_AAF1        0.000         0.000         0.000         0.000         0.000
 RS_AAM0        0.000         0.000         0.000         0.000         0.000
 RS_AAM1        0.000         0.000         0.000         0.000         0.000
 RS_AIF0        0.000         0.000         0.000         0.000         0.000
 RS_AIF1        0.000         0.000         0.000         0.000         0.000
 RS_AIM0        0.000         0.000         0.000         0.000         0.000
 RS_AIM1        0.000         0.000         0.000         0.000         0.000
 RS_ASF0        0.000         0.000         0.000         0.000         0.000
 RS_ASF1        0.000         0.000         0.000         0.000         0.000
 RS_ASM0        0.000         0.000         0.000         0.000         0.000
 RS_ASM1        0.000         0.000         0.000         0.000         0.000
 RS_HWF0        0.000         0.000         0.000         0.000         0.000
 RS_HWF1        0.000         0.000         0.000         0.000         0.000
 RS_HWM0        0.000         0.000         0.000         0.000         0.000
 RS_HWM1        0.000         0.000         0.000         0.000         0.000
 RS_HLF0        0.000         0.000         0.000         0.000         0.000
 RS_HLF1        0.000         0.000         0.000         0.000         0.000
 RS_HLM0        0.000         0.000         0.000         0.000         0.000
 RS_HLM1        0.000         0.000         0.000         0.000         0.000
 RS_MRF0        0.000         0.000         0.000         0.000         0.000
 RS_MRF1        0.000         0.000         0.000         0.000         0.000
 RS_MRM0        0.000         0.000         0.000         0.000         0.000
 RS_MRM1        0.000         0.000         0.000         0.000         0.000
 RS_WF1         0.000         0.000         0.000         0.000         0.000
 RS_WM0         0.000         0.000         0.000         0.000         0.000
 RS_WM1         0.000         0.000         0.000         0.000         0.000


           BETA
              RS_AIM1       RS_ASF0       RS_ASF1       RS_ASM0       RS_ASM1
              ________      ________      ________      ________      ________
 IS_SPED        0.000         0.000         0.000         0.000         0.000
 SEHD_C         0.000         0.000         0.000         0.000         0.000
 PCT_STAN       0.000         0.000         0.000         0.000         0.000
 RS_AAF0        0.000         0.000         0.000         0.000         0.000
 RS_AAF1        0.000         0.000         0.000         0.000         0.000
 RS_AAM0        0.000         0.000         0.000         0.000         0.000
 RS_AAM1        0.000         0.000         0.000         0.000         0.000
 RS_AIF0        0.000         0.000         0.000         0.000         0.000
 RS_AIF1        0.000         0.000         0.000         0.000         0.000
 RS_AIM0        0.000         0.000         0.000         0.000         0.000
 RS_AIM1        0.000         0.000         0.000         0.000         0.000
 RS_ASF0        0.000         0.000         0.000         0.000         0.000
 RS_ASF1        0.000         0.000         0.000         0.000         0.000
 RS_ASM0        0.000         0.000         0.000         0.000         0.000
 RS_ASM1        0.000         0.000         0.000         0.000         0.000
 RS_HWF0        0.000         0.000         0.000         0.000         0.000
 RS_HWF1        0.000         0.000         0.000         0.000         0.000
 RS_HWM0        0.000         0.000         0.000         0.000         0.000
 RS_HWM1        0.000         0.000         0.000         0.000         0.000
 RS_HLF0        0.000         0.000         0.000         0.000         0.000
 RS_HLF1        0.000         0.000         0.000         0.000         0.000
 RS_HLM0        0.000         0.000         0.000         0.000         0.000
 RS_HLM1        0.000         0.000         0.000         0.000         0.000
 RS_MRF0        0.000         0.000         0.000         0.000         0.000
 RS_MRF1        0.000         0.000         0.000         0.000         0.000
 RS_MRM0        0.000         0.000         0.000         0.000         0.000
 RS_MRM1        0.000         0.000         0.000         0.000         0.000
 RS_WF1         0.000         0.000         0.000         0.000         0.000
 RS_WM0         0.000         0.000         0.000         0.000         0.000
 RS_WM1         0.000         0.000         0.000         0.000         0.000


           BETA
              RS_HWF0       RS_HWF1       RS_HWM0       RS_HWM1       RS_HLF0
              ________      ________      ________      ________      ________
 IS_SPED        0.000         0.000         0.000         0.000         0.000
 SEHD_C         0.000         0.000         0.000         0.000         0.000
 PCT_STAN       0.000         0.000         0.000         0.000         0.000
 RS_AAF0        0.000         0.000         0.000         0.000         0.000
 RS_AAF1        0.000         0.000         0.000         0.000         0.000
 RS_AAM0        0.000         0.000         0.000         0.000         0.000
 RS_AAM1        0.000         0.000         0.000         0.000         0.000
 RS_AIF0        0.000         0.000         0.000         0.000         0.000
 RS_AIF1        0.000         0.000         0.000         0.000         0.000
 RS_AIM0        0.000         0.000         0.000         0.000         0.000
 RS_AIM1        0.000         0.000         0.000         0.000         0.000
 RS_ASF0        0.000         0.000         0.000         0.000         0.000
 RS_ASF1        0.000         0.000         0.000         0.000         0.000
 RS_ASM0        0.000         0.000         0.000         0.000         0.000
 RS_ASM1        0.000         0.000         0.000         0.000         0.000
 RS_HWF0        0.000         0.000         0.000         0.000         0.000
 RS_HWF1        0.000         0.000         0.000         0.000         0.000
 RS_HWM0        0.000         0.000         0.000         0.000         0.000
 RS_HWM1        0.000         0.000         0.000         0.000         0.000
 RS_HLF0        0.000         0.000         0.000         0.000         0.000
 RS_HLF1        0.000         0.000         0.000         0.000         0.000
 RS_HLM0        0.000         0.000         0.000         0.000         0.000
 RS_HLM1        0.000         0.000         0.000         0.000         0.000
 RS_MRF0        0.000         0.000         0.000         0.000         0.000
 RS_MRF1        0.000         0.000         0.000         0.000         0.000
 RS_MRM0        0.000         0.000         0.000         0.000         0.000
 RS_MRM1        0.000         0.000         0.000         0.000         0.000
 RS_WF1         0.000         0.000         0.000         0.000         0.000
 RS_WM0         0.000         0.000         0.000         0.000         0.000
 RS_WM1         0.000         0.000         0.000         0.000         0.000


           BETA
              RS_HLF1       RS_HLM0       RS_HLM1       RS_MRF0       RS_MRF1
              ________      ________      ________      ________      ________
 IS_SPED        0.000         0.000         0.000         0.000         0.000
 SEHD_C         0.000         0.000         0.000         0.000         0.000
 PCT_STAN       0.000         0.000         0.000         0.000         0.000
 RS_AAF0        0.000         0.000         0.000         0.000         0.000
 RS_AAF1        0.000         0.000         0.000         0.000         0.000
 RS_AAM0        0.000         0.000         0.000         0.000         0.000
 RS_AAM1        0.000         0.000         0.000         0.000         0.000
 RS_AIF0        0.000         0.000         0.000         0.000         0.000
 RS_AIF1        0.000         0.000         0.000         0.000         0.000
 RS_AIM0        0.000         0.000         0.000         0.000         0.000
 RS_AIM1        0.000         0.000         0.000         0.000         0.000
 RS_ASF0        0.000         0.000         0.000         0.000         0.000
 RS_ASF1        0.000         0.000         0.000         0.000         0.000
 RS_ASM0        0.000         0.000         0.000         0.000         0.000
 RS_ASM1        0.000         0.000         0.000         0.000         0.000
 RS_HWF0        0.000         0.000         0.000         0.000         0.000
 RS_HWF1        0.000         0.000         0.000         0.000         0.000
 RS_HWM0        0.000         0.000         0.000         0.000         0.000
 RS_HWM1        0.000         0.000         0.000         0.000         0.000
 RS_HLF0        0.000         0.000         0.000         0.000         0.000
 RS_HLF1        0.000         0.000         0.000         0.000         0.000
 RS_HLM0        0.000         0.000         0.000         0.000         0.000
 RS_HLM1        0.000         0.000         0.000         0.000         0.000
 RS_MRF0        0.000         0.000         0.000         0.000         0.000
 RS_MRF1        0.000         0.000         0.000         0.000         0.000
 RS_MRM0        0.000         0.000         0.000         0.000         0.000
 RS_MRM1        0.000         0.000         0.000         0.000         0.000
 RS_WF1         0.000         0.000         0.000         0.000         0.000
 RS_WM0         0.000         0.000         0.000         0.000         0.000
 RS_WM1         0.000         0.000         0.000         0.000         0.000


           BETA
              RS_MRM0       RS_MRM1       RS_WF1        RS_WM0        RS_WM1
              ________      ________      ________      ________      ________
 IS_SPED        0.000         0.000         0.000         0.000         0.000
 SEHD_C         0.000         0.000         0.000         0.000         0.000
 PCT_STAN       0.000         0.000         0.000         0.000         0.000
 RS_AAF0        0.000         0.000         0.000         0.000         0.000
 RS_AAF1        0.000         0.000         0.000         0.000         0.000
 RS_AAM0        0.000         0.000         0.000         0.000         0.000
 RS_AAM1        0.000         0.000         0.000         0.000         0.000
 RS_AIF0        0.000         0.000         0.000         0.000         0.000
 RS_AIF1        0.000         0.000         0.000         0.000         0.000
 RS_AIM0        0.000         0.000         0.000         0.000         0.000
 RS_AIM1        0.000         0.000         0.000         0.000         0.000
 RS_ASF0        0.000         0.000         0.000         0.000         0.000
 RS_ASF1        0.000         0.000         0.000         0.000         0.000
 RS_ASM0        0.000         0.000         0.000         0.000         0.000
 RS_ASM1        0.000         0.000         0.000         0.000         0.000
 RS_HWF0        0.000         0.000         0.000         0.000         0.000
 RS_HWF1        0.000         0.000         0.000         0.000         0.000
 RS_HWM0        0.000         0.000         0.000         0.000         0.000
 RS_HWM1        0.000         0.000         0.000         0.000         0.000
 RS_HLF0        0.000         0.000         0.000         0.000         0.000
 RS_HLF1        0.000         0.000         0.000         0.000         0.000
 RS_HLM0        0.000         0.000         0.000         0.000         0.000
 RS_HLM1        0.000         0.000         0.000         0.000         0.000
 RS_MRF0        0.000         0.000         0.000         0.000         0.000
 RS_MRF1        0.000         0.000         0.000         0.000         0.000
 RS_MRM0        0.000         0.000         0.000         0.000         0.000
 RS_MRM1        0.000         0.000         0.000         0.000         0.000
 RS_WF1         0.000         0.000         0.000         0.000         0.000
 RS_WM0         0.000         0.000         0.000         0.000         0.000
 RS_WM1         0.000         0.000         0.000         0.000         0.000


           PSI
              IS_SPED       SEHD_C        PCT_STAN      RS_AAF0       RS_AAF1
              ________      ________      ________      ________      ________
 IS_SPED        1.000
 SEHD_C         0.000         0.251
 PCT_STAN       0.000         0.000       150.995
 RS_AAF0        0.000         0.000         0.000         0.039
 RS_AAF1        0.000         0.000         0.000         0.000         0.030
 RS_AAM0        0.000         0.000         0.000         0.000         0.000
 RS_AAM1        0.000         0.000         0.000         0.000         0.000
 RS_AIF0        0.000         0.000         0.000         0.000         0.000
 RS_AIF1        0.000         0.000         0.000         0.000         0.000
 RS_AIM0        0.000         0.000         0.000         0.000         0.000
 RS_AIM1        0.000         0.000         0.000         0.000         0.000
 RS_ASF0        0.000         0.000         0.000         0.000         0.000
 RS_ASF1        0.000         0.000         0.000         0.000         0.000
 RS_ASM0        0.000         0.000         0.000         0.000         0.000
 RS_ASM1        0.000         0.000         0.000         0.000         0.000
 RS_HWF0        0.000         0.000         0.000         0.000         0.000
 RS_HWF1        0.000         0.000         0.000         0.000         0.000
 RS_HWM0        0.000         0.000         0.000         0.000         0.000
 RS_HWM1        0.000         0.000         0.000         0.000         0.000
 RS_HLF0        0.000         0.000         0.000         0.000         0.000
 RS_HLF1        0.000         0.000         0.000         0.000         0.000
 RS_HLM0        0.000         0.000         0.000         0.000         0.000
 RS_HLM1        0.000         0.000         0.000         0.000         0.000
 RS_MRF0        0.000         0.000         0.000         0.000         0.000
 RS_MRF1        0.000         0.000         0.000         0.000         0.000
 RS_MRM0        0.000         0.000         0.000         0.000         0.000
 RS_MRM1        0.000         0.000         0.000         0.000         0.000
 RS_WF1         0.000         0.000         0.000         0.000         0.000
 RS_WM0         0.000         0.000         0.000         0.000         0.000
 RS_WM1         0.000         0.000         0.000         0.000         0.000


           PSI
              RS_AAM0       RS_AAM1       RS_AIF0       RS_AIF1       RS_AIM0
              ________      ________      ________      ________      ________
 RS_AAM0        0.041
 RS_AAM1        0.000         0.031
 RS_AIF0        0.000         0.000         0.001
 RS_AIF1        0.000         0.000         0.000         0.000
 RS_AIM0        0.000         0.000         0.000         0.000         0.001
 RS_AIM1        0.000         0.000         0.000         0.000         0.000
 RS_ASF0        0.000         0.000         0.000         0.000         0.000
 RS_ASF1        0.000         0.000         0.000         0.000         0.000
 RS_ASM0        0.000         0.000         0.000         0.000         0.000
 RS_ASM1        0.000         0.000         0.000         0.000         0.000
 RS_HWF0        0.000         0.000         0.000         0.000         0.000
 RS_HWF1        0.000         0.000         0.000         0.000         0.000
 RS_HWM0        0.000         0.000         0.000         0.000         0.000
 RS_HWM1        0.000         0.000         0.000         0.000         0.000
 RS_HLF0        0.000         0.000         0.000         0.000         0.000
 RS_HLF1        0.000         0.000         0.000         0.000         0.000
 RS_HLM0        0.000         0.000         0.000         0.000         0.000
 RS_HLM1        0.000         0.000         0.000         0.000         0.000
 RS_MRF0        0.000         0.000         0.000         0.000         0.000
 RS_MRF1        0.000         0.000         0.000         0.000         0.000
 RS_MRM0        0.000         0.000         0.000         0.000         0.000
 RS_MRM1        0.000         0.000         0.000         0.000         0.000
 RS_WF1         0.000         0.000         0.000         0.000         0.000
 RS_WM0         0.000         0.000         0.000         0.000         0.000
 RS_WM1         0.000         0.000         0.000         0.000         0.000


           PSI
              RS_AIM1       RS_ASF0       RS_ASF1       RS_ASM0       RS_ASM1
              ________      ________      ________      ________      ________
 RS_AIM1        0.000
 RS_ASF0        0.000         0.010
 RS_ASF1        0.000         0.000         0.001
 RS_ASM0        0.000         0.000         0.000         0.011
 RS_ASM1        0.000         0.000         0.000         0.000         0.001
 RS_HWF0        0.000         0.000         0.000         0.000         0.000
 RS_HWF1        0.000         0.000         0.000         0.000         0.000
 RS_HWM0        0.000         0.000         0.000         0.000         0.000
 RS_HWM1        0.000         0.000         0.000         0.000         0.000
 RS_HLF0        0.000         0.000         0.000         0.000         0.000
 RS_HLF1        0.000         0.000         0.000         0.000         0.000
 RS_HLM0        0.000         0.000         0.000         0.000         0.000
 RS_HLM1        0.000         0.000         0.000         0.000         0.000
 RS_MRF0        0.000         0.000         0.000         0.000         0.000
 RS_MRF1        0.000         0.000         0.000         0.000         0.000
 RS_MRM0        0.000         0.000         0.000         0.000         0.000
 RS_MRM1        0.000         0.000         0.000         0.000         0.000
 RS_WF1         0.000         0.000         0.000         0.000         0.000
 RS_WM0         0.000         0.000         0.000         0.000         0.000
 RS_WM1         0.000         0.000         0.000         0.000         0.000


           PSI
              RS_HWF0       RS_HWF1       RS_HWM0       RS_HWM1       RS_HLF0
              ________      ________      ________      ________      ________
 RS_HWF0        0.000
 RS_HWF1        0.000         0.000
 RS_HWM0        0.000         0.000         0.000
 RS_HWM1        0.000         0.000         0.000         0.000
 RS_HLF0        0.000         0.000         0.000         0.000         0.032
 RS_HLF1        0.000         0.000         0.000         0.000         0.000
 RS_HLM0        0.000         0.000         0.000         0.000         0.000
 RS_HLM1        0.000         0.000         0.000         0.000         0.000
 RS_MRF0        0.000         0.000         0.000         0.000         0.000
 RS_MRF1        0.000         0.000         0.000         0.000         0.000
 RS_MRM0        0.000         0.000         0.000         0.000         0.000
 RS_MRM1        0.000         0.000         0.000         0.000         0.000
 RS_WF1         0.000         0.000         0.000         0.000         0.000
 RS_WM0         0.000         0.000         0.000         0.000         0.000
 RS_WM1         0.000         0.000         0.000         0.000         0.000


           PSI
              RS_HLF1       RS_HLM0       RS_HLM1       RS_MRF0       RS_MRF1
              ________      ________      ________      ________      ________
 RS_HLF1        0.014
 RS_HLM0        0.000         0.033
 RS_HLM1        0.000         0.000         0.014
 RS_MRF0        0.000         0.000         0.000         0.009
 RS_MRF1        0.000         0.000         0.000         0.000         0.005
 RS_MRM0        0.000         0.000         0.000         0.000         0.000
 RS_MRM1        0.000         0.000         0.000         0.000         0.000
 RS_WF1         0.000         0.000         0.000         0.000         0.000
 RS_WM0         0.000         0.000         0.000         0.000         0.000
 RS_WM1         0.000         0.000         0.000         0.000         0.000


           PSI
              RS_MRM0       RS_MRM1       RS_WF1        RS_WM0        RS_WM1
              ________      ________      ________      ________      ________
 RS_MRM0        0.009
 RS_MRM1        0.000         0.005
 RS_WF1         0.000         0.000         0.015
 RS_WM0         0.000         0.000         0.000         0.071
 RS_WM1         0.000         0.000         0.000         0.000         0.016


     STARTING VALUES FOR BETWEEN


           TAU
              IS_SPED$
              ________
                0.876


           NU
              IS_SPED       SEHD_C        PCT_STAN
              ________      ________      ________
                0.000         0.000         0.000


           LAMBDA
              S1            S2            S3            S4            S5
              ________      ________      ________      ________      ________
 IS_SPED        0.000         0.000         0.000         0.000         0.000
 SEHD_C         0.000         0.000         0.000         0.000         0.000
 PCT_STAN       0.000         0.000         0.000         0.000         0.000


           LAMBDA
              S6            S7            IS_SPED       SEHD_C        PCT_STAN
              ________      ________      ________      ________      ________
 IS_SPED        0.000         0.000         1.000         0.000         0.000
 SEHD_C         0.000         0.000         0.000         1.000         0.000
 PCT_STAN       0.000         0.000         0.000         0.000         1.000


           THETA
              IS_SPED       SEHD_C        PCT_STAN
              ________      ________      ________
 IS_SPED        0.000
 SEHD_C         0.000         0.000
 PCT_STAN       0.000         0.000         0.000


           ALPHA
              S1            S2            S3            S4            S5
              ________      ________      ________      ________      ________
                0.000         0.000         0.000         0.000         0.000


           ALPHA
              S6            S7            IS_SPED       SEHD_C        PCT_STAN
              ________      ________      ________      ________      ________
                0.000         0.000         0.000        -0.184        -9.095


           BETA
              S1            S2            S3            S4            S5
              ________      ________      ________      ________      ________
 S1             0.000         0.000         0.000         0.000         0.000
 S2             0.000         0.000         0.000         0.000         0.000
 S3             0.000         0.000         0.000         0.000         0.000
 S4             0.000         0.000         0.000         0.000         0.000
 S5             0.000         0.000         0.000         0.000         0.000
 S6             0.000         0.000         0.000         0.000         0.000
 S7             0.000         0.000         0.000         0.000         0.000
 IS_SPED        0.000         0.000         0.000         0.000         0.000
 SEHD_C         0.000         0.000         0.000         0.000         0.000
 PCT_STAN       0.000         0.000         0.000         0.000         0.000


           BETA
              S6            S7            IS_SPED       SEHD_C        PCT_STAN
              ________      ________      ________      ________      ________
 S1             0.000         0.000         0.000         0.000         0.000
 S2             0.000         0.000         0.000         0.000         0.000
 S3             0.000         0.000         0.000         0.000         0.000
 S4             0.000         0.000         0.000         0.000         0.000
 S5             0.000         0.000         0.000         0.000         0.000
 S6             0.000         0.000         0.000         0.000         0.000
 S7             0.000         0.000         0.000         0.000         0.000
 IS_SPED        0.000         0.000         0.000         0.000         0.000
 SEHD_C         0.000         0.000         0.000         0.000         0.000
 PCT_STAN       0.000         0.000         0.000         0.000         0.000


           PSI
              S1            S2            S3            S4            S5
              ________      ________      ________      ________      ________
 S1             1.000
 S2             0.000         1.000
 S3             0.000         0.000         1.000
 S4             0.000         0.000         0.000         1.000
 S5             0.000         0.000         0.000         0.000         1.000
 S6             0.000         0.000         0.000         0.000         0.000
 S7             0.000         0.000         0.000         0.000         0.000
 IS_SPED        0.000         0.000         0.000         0.000         0.000
 SEHD_C         0.000         0.000         0.000         0.000         0.000
 PCT_STAN       0.000         0.000         0.000         0.000         0.000


           PSI
              S6            S7            IS_SPED       SEHD_C        PCT_STAN
              ________      ________      ________      ________      ________
 S6             1.000
 S7             0.000         1.000
 IS_SPED        0.000         0.000         1.000
 SEHD_C         0.000         0.000         0.000         0.251
 PCT_STAN       0.000         0.000         0.000         0.000       150.995



     PRIORS FOR ALL PARAMETERS            PRIOR MEAN      PRIOR VARIANCE     PRIOR STD. DEV.

     Parameter 1~N(0.000,5.000)              0.0000              5.0000              2.2361
     Parameter 2~N(0.000,5.000)              0.0000              5.0000              2.2361
     Parameter 3~N(0.000,5.000)              0.0000              5.0000              2.2361
     Parameter 4~N(0.000,5.000)              0.0000              5.0000              2.2361
     Parameter 5~N(0.000,5.000)              0.0000              5.0000              2.2361
     Parameter 6~N(0.000,5.000)              0.0000              5.0000              2.2361
     Parameter 7~N(0.000,5.000)              0.0000              5.0000              2.2361
     Parameter 8~N(0.000,5.000)              0.0000              5.0000              2.2361
     Parameter 9~N(0.000,5.000)              0.0000              5.0000              2.2361
     Parameter 10~N(0.000,5.000)             0.0000              5.0000              2.2361
     Parameter 11~N(0.000,5.000)             0.0000              5.0000              2.2361
     Parameter 12~N(0.000,5.000)             0.0000              5.0000              2.2361
     Parameter 13~N(0.000,5.000)             0.0000              5.0000              2.2361
     Parameter 14~N(0.000,5.000)             0.0000              5.0000              2.2361
     Parameter 15~N(0.000,5.000)             0.0000              5.0000              2.2361
     Parameter 16~N(0.000,5.000)             0.0000              5.0000              2.2361
     Parameter 17~N(0.000,5.000)             0.0000              5.0000              2.2361
     Parameter 18~N(0.000,5.000)             0.0000              5.0000              2.2361
     Parameter 19~N(0.000,5.000)             0.0000              5.0000              2.2361
     Parameter 20~N(0.000,5.000)             0.0000              5.0000              2.2361
     Parameter 21~IW(1.000,3)              infinity            infinity            infinity
     Parameter 22~IW(0.000,3)              infinity            infinity            infinity
     Parameter 23~IW(1.000,3)              infinity            infinity            infinity
     Parameter 24~N(0.000,infinity)          0.0000            infinity            infinity
     Parameter 25~N(0.000,infinity)          0.0000            infinity            infinity
     Parameter 26~N(0.000,infinity)          0.0000            infinity            infinity
     Parameter 27~N(0.000,infinity)          0.0000            infinity            infinity
     Parameter 28~N(0.000,infinity)          0.0000            infinity            infinity
     Parameter 29~N(0.000,infinity)          0.0000            infinity            infinity
     Parameter 30~N(0.000,infinity)          0.0000            infinity            infinity
     Parameter 31~N(0.000,infinity)          0.0000            infinity            infinity
     Parameter 32~N(0.000,infinity)          0.0000            infinity            infinity
     Parameter 33~N(0.000,infinity)          0.0000            infinity            infinity
     Parameter 34~N(0.000,infinity)          0.0000            infinity            infinity
     Parameter 35~N(0.000,infinity)          0.0000            infinity            infinity
     Parameter 36~N(0.000,infinity)          0.0000            infinity            infinity
     Parameter 37~N(0.000,infinity)          0.0000            infinity            infinity
     Parameter 38~N(0.000,infinity)          0.0000            infinity            infinity
     Parameter 39~N(0.000,infinity)          0.0000            infinity            infinity
     Parameter 40~N(0.000,infinity)          0.0000            infinity            infinity
     Parameter 41~N(0.000,infinity)          0.0000            infinity            infinity
     Parameter 42~N(0.000,infinity)          0.0000            infinity            infinity
     Parameter 43~N(0.000,infinity)          0.0000            infinity            infinity
     Parameter 44~N(0.000,infinity)          0.0000            infinity            infinity
     Parameter 45~N(0.000,infinity)          0.0000            infinity            infinity
     Parameter 46~N(0.000,infinity)          0.0000            infinity            infinity
     Parameter 47~N(0.000,5.000)             0.0000              5.0000              2.2361
     Parameter 48~N(0.000,5.000)             0.0000              5.0000              2.2361
     Parameter 49~IW(1.000,9)              infinity            infinity            infinity
     Parameter 50~IW(0.000,9)              infinity            infinity            infinity
     Parameter 51~IW(1.000,9)              infinity            infinity            infinity
     Parameter 52~IW(0.000,9)              infinity            infinity            infinity
     Parameter 53~IW(0.000,9)              infinity            infinity            infinity
     Parameter 54~IW(1.000,9)              infinity            infinity            infinity
     Parameter 55~IW(0.000,9)              infinity            infinity            infinity
     Parameter 56~IW(0.000,9)              infinity            infinity            infinity
     Parameter 57~IW(0.000,9)              infinity            infinity            infinity
     Parameter 58~IW(1.000,9)              infinity            infinity            infinity
     Parameter 59~IW(0.000,9)              infinity            infinity            infinity
     Parameter 60~IW(0.000,9)              infinity            infinity            infinity
     Parameter 61~IW(0.000,9)              infinity            infinity            infinity
     Parameter 62~IW(0.000,9)              infinity            infinity            infinity
     Parameter 63~IW(1.000,9)              infinity            infinity            infinity
     Parameter 64~IW(0.000,9)              infinity            infinity            infinity
     Parameter 65~IW(0.000,9)              infinity            infinity            infinity
     Parameter 66~IW(0.000,9)              infinity            infinity            infinity
     Parameter 67~IW(0.000,9)              infinity            infinity            infinity
     Parameter 68~IW(0.000,9)              infinity            infinity            infinity
     Parameter 69~IW(1.000,9)              infinity            infinity            infinity
     Parameter 70~IW(0.000,9)              infinity            infinity            infinity
     Parameter 71~IW(0.000,9)              infinity            infinity            infinity
     Parameter 72~IW(0.000,9)              infinity            infinity            infinity
     Parameter 73~IW(0.000,9)              infinity            infinity            infinity
     Parameter 74~IW(0.000,9)              infinity            infinity            infinity
     Parameter 75~IW(0.000,9)              infinity            infinity            infinity
     Parameter 76~IW(1.000,9)              infinity            infinity            infinity
     Parameter 77~IW(0.000,9)              infinity            infinity            infinity
     Parameter 78~IW(0.000,9)              infinity            infinity            infinity
     Parameter 79~IW(0.000,9)              infinity            infinity            infinity
     Parameter 80~IW(0.000,9)              infinity            infinity            infinity
     Parameter 81~IW(0.000,9)              infinity            infinity            infinity
     Parameter 82~IW(0.000,9)              infinity            infinity            infinity
     Parameter 83~IW(0.000,9)              infinity            infinity            infinity
     Parameter 84~IW(1.000,9)              infinity            infinity            infinity
     Parameter 85~IW(1.000,3)              infinity            infinity            infinity
     Parameter 86~IW(0.000,3)              infinity            infinity            infinity
     Parameter 87~IW(1.000,3)              infinity            infinity            infinity
     Parameter 88~N(0.000,5.000)             0.0000              5.0000              2.2361


TECHNICAL 8 OUTPUT


   TECHNICAL 8 OUTPUT FOR BAYES ESTIMATION

     PROCESSOR    BSEED
     1            0
     2            285380
     3            253358
     4            93468

                     POTENTIAL       PARAMETER WITH
     ITERATION    SCALE REDUCTION      HIGHEST PSR
     100              1.774               83
     200              1.248               70
     300              1.263               51
     400              1.254               73
     500              1.161               83
     600              1.130               83
     700              1.106               6
     800              1.096               20
     900              1.161               20
     1000             1.069               20
     1100             1.061               80
     1200             1.043               82
     1300             1.048               82
     1400             1.043               82
     1500             1.037               74
     1600             1.055               74
     1700             1.059               74
     1800             1.063               74
     1900             1.075               63
     2000             1.073               63
     2100             1.048               74
     2200             1.034               63
     2300             1.025               24
     2400             1.035               63
     2500             1.035               80
     2600             1.031               63
     2700             1.027               24
     2800             1.028               24
     2900             1.027               80
     3000             1.036               80
     3100             1.023               80
     3200             1.023               80
     3300             1.022               80
     3400             1.015               80
     3500             1.015               80
     3600             1.015               86
     3700             1.015               86
     3800             1.016               82
     3900             1.016               82
     4000             1.020               80
     4100             1.023               82
     4200             1.022               82
     4300             1.020               82
     4400             1.021               82
     4500             1.020               82
     4600             1.017               82
     4700             1.015               86
     4800             1.015               86
     4900             1.012               82
     5000             1.012               79
     5100             1.015               79
     5200             1.015               63
     5300             1.016               79
     5400             1.020               79
     5500             1.020               79
     5600             1.020               79
     5700             1.021               79
     5800             1.023               79
     5900             1.025               79
     6000             1.026               79
     6100             1.024               79
     6200             1.023               79
     6300             1.022               79
     6400             1.021               79
     6500             1.020               79
     6600             1.019               79
     6700             1.017               79
     6800             1.014               79
     6900             1.011               86
     7000             1.012               27
     7100             1.011               79
     7200             1.011               79
     7300             1.014               79
     7400             1.011               79
     7500             1.012               86
     7600             1.011               86
     7700             1.012               79
     7800             1.013               27
     7900             1.013               27
     8000             1.012               79
     8100             1.011               79
     8200             1.013               79
     8300             1.013               79
     8400             1.013               79
     8500             1.014               79
     8600             1.012               79
     8700             1.012               79
     8800             1.013               79
     8900             1.014               79
     9000             1.015               79
     9100             1.014               79
     9200             1.014               79
     9300             1.014               79
     9400             1.013               86
     9500             1.013               86
     9600             1.013               86
     9700             1.014               86
     9800             1.013               86
     9900             1.013               86
     10000            1.013               86
     10100            1.013               86
     10200            1.013               86
     10300            1.013               86
     10400            1.012               86
     10500            1.012               86
     10600            1.012               86
     10700            1.013               86
     10800            1.013               86
     10900            1.014               86
     11000            1.014               86
     11100            1.014               86
     11200            1.014               86
     11300            1.014               86
     11400            1.015               86
     11500            1.016               86
     11600            1.015               86
     11700            1.016               86
     11800            1.016               86
     11900            1.016               86
     12000            1.016               86
     12100            1.015               86
     12200            1.016               86
     12300            1.016               86
     12400            1.016               86
     12500            1.017               86
     12600            1.017               86
     12700            1.016               86
     12800            1.015               86
     12900            1.016               86
     13000            1.016               86
     13100            1.016               86
     13200            1.016               86
     13300            1.016               86
     13400            1.016               86
     13500            1.016               86
     13600            1.016               86
     13700            1.017               86
     13800            1.016               86
     13900            1.016               86
     14000            1.017               86
     14100            1.017               86
     14200            1.016               86
     14300            1.017               86
     14400            1.016               86
     14500            1.016               86
     14600            1.016               86
     14700            1.016               86
     14800            1.016               86
     14900            1.016               86
     15000            1.016               86
     15100            1.016               86
     15200            1.017               86
     15300            1.016               86
     15400            1.017               86
     15500            1.018               86
     15600            1.018               86
     15700            1.018               86
     15800            1.018               86
     15900            1.018               86
     16000            1.018               86
     16100            1.018               86
     16200            1.018               86
     16300            1.018               86
     16400            1.018               86
     16500            1.018               86
     16600            1.018               86
     16700            1.018               86
     16800            1.018               86
     16900            1.018               86
     17000            1.018               86
     17100            1.018               86
     17200            1.018               86
     17300            1.018               86
     17400            1.018               86
     17500            1.018               86
     17600            1.018               86
     17700            1.018               86
     17800            1.018               86
     17900            1.018               86
     18000            1.019               86
     18100            1.019               86
     18200            1.019               86
     18300            1.019               86
     18400            1.020               86
     18500            1.019               86
     18600            1.020               86
     18700            1.019               86
     18800            1.020               86
     18900            1.020               86
     19000            1.019               86
     19100            1.020               86
     19200            1.020               86
     19300            1.019               86
     19400            1.019               86
     19500            1.020               86
     19600            1.020               86
     19700            1.019               86
     19800            1.020               86
     19900            1.020               86
     20000            1.020               86


DIAGRAM INFORMATION

  Mplus diagrams are currently not available for multilevel analysis.
  No diagram output was produced.


     Beginning Time:  02:09:40
        Ending Time:  03:36:01
       Elapsed Time:  01:26:21



MUTHEN & MUTHEN
3463 Stoner Ave.
Los Angeles, CA  90066

Tel: (310) 391-9971
Fax: (310) 391-8971
Web: www.StatModel.com
Support: Support@StatModel.com

Copyright (c) 1998-2024 Muthen & Muthen
