Mplus VERSION 8.11
MUTHEN & MUTHEN
05/04/2026   4:07 AM

INPUT INSTRUCTIONS

  TITLE: Bayesian Analysis - is_sped on regses Categories;
                   (Reference: White Female Resources)
  DATA:
    FILE IS "S:\Ibrahim\UConn Spencer Project Analysis Delaware Data\K-12_24.txt";

  VARIABLE:NAMES ARE Schl is_sped reg_num regses_num;
           USEVARIABLES ARE is_sped
           rs_aaf0 rs_aaf1 rs_aam0 rs_aam1 rs_aif0 rs_aif1 rs_aim0 rs_aim1
           rs_asf0 rs_asf1 rs_asm0 rs_asm1 rs_hwf0 rs_hwf1 rs_hwm0 rs_hwm1
           rs_hlf0 rs_hlf1 rs_hlm0 rs_hlm1 rs_mrf0 rs_mrf1 rs_mrm0 rs_mrm1
           rs_wf1  rs_wm0  rs_wm1;

          CATEGORICAL IS is_sped;
          MISSING ARE ALL (-999); !tells MPLUS the empty cells are all NAs

  DEFINE:
        ! Reference Group: White_Female_0 (Code 27) - Excluded from definitions

        ! African American Groups
        rs_aaf0  = (regses_num == 1);   ! African American Female Non-SES
        rs_aaf1  = (regses_num == 2);   ! African American Female Low-Income
        rs_aam0  = (regses_num == 3);   ! African American Male Non-SES
        rs_aam1  = (regses_num == 4);   ! African American Male Low-Income

        ! American Indian Groups
        rs_aif0  = (regses_num == 5);   ! American Indian Female Non-SES
        rs_aif1  = (regses_num == 6);   ! American Indian Female Low-Income
        rs_aim0  = (regses_num == 7);   ! American Indian Male Non-SES
        rs_aim1  = (regses_num == 8);   ! American Indian Male Low-Income

        ! Asian Groups
        rs_asf0  = (regses_num == 9);   ! Asian Female Non-SES
        rs_asf1  = (regses_num== 10);  ! Asian Female Low-Income
        rs_asm0  = (regses_num == 11);  ! Asian Male Non-SES
        rs_asm1  = (regses_num == 12);  ! Asian Male Low-Income

        ! Hawaiian/Pacific Islander Groups
        rs_hwf0  = (regses_num == 13);  ! Hawaiian Female Non-SES
        rs_hwf1  = (regses_num == 14);  ! Hawaiian Female Low-Income
        rs_hwm0  = (regses_num== 15);  ! Hawaiian Male Non-SES
        rs_hwm1  = (regses_num == 16);  ! Hawaiian Male Low-Income

        ! Hispanic/Latino Groups
        rs_hlf0  = (regses_num == 17);  ! Hispanic/Latino Female Non-SES
        rs_hlf1  = (regses_num== 18);  ! Hispanic/Latino Female Low-Income
        rs_hlm0  = (regses_num == 19);  ! Hispanic/Latino Male Non-SES
        rs_hlm1  = (regses_num == 20);  ! Hispanic/Latino Male Low-Income

        ! Multi-Racial Groups
        rs_mrf0  = (regses_num == 21);  ! Multi-Racial Female Non-SES
        rs_mrf1  = (regses_num== 22);  ! Multi-Racial Female Low-Income
        rs_mrm0  = (regses_num == 23);  ! Multi-Racial Male Non-SES
        rs_mrm1  = (regses_num == 24);  ! Multi-Racial Male Low-Income

        ! White Comparison Groups
        rs_wf1   = (regses_num == 28);  ! White Female Low-Income
        rs_wm0   = (regses_num == 29);  ! White Male Non-SES
        rs_wm1   = (regses_num == 30);  ! White Male Low-Income

      ANALYSIS:
        ESTIMATOR = BAYES;
        PROCESSORS = 4;
        BITERATIONS = (5000);
        BCONVERGENCE = 0.01;

    MODEL:
        is_sped ON rs_aaf0 rs_aaf1 rs_aam0 rs_aam1 rs_aif0 rs_aif1 rs_aim0 rs_aim1
                   rs_asf0 rs_asf1 rs_asm0 rs_asm1 rs_hwf0 rs_hwf1 rs_hwm0 rs_hwm1
                   rs_hlf0 rs_hlf1 rs_hlm0 rs_hlm1 rs_mrf0 rs_mrf1 rs_mrm0 rs_mrm1
                   rs_wf1  rs_wm0  rs_wm1;

      OUTPUT:
        TECH1 TECH8 STANDARDIZED;



INPUT READING TERMINATED NORMALLY



Bayesian Analysis - is_sped on regses Categories;
(Reference: White Female Resources)

SUMMARY OF ANALYSIS

Number of groups                                                 1
Number of observations                                      139601

Number of dependent variables                                    1
Number of independent variables                                 27
Number of continuous latent variables                            0

Observed dependent variables

  Binary and ordered categorical (ordinal)
   IS_SPED

Observed independent variables
   RS_AAF0     RS_AAF1     RS_AAM0     RS_AAM1     RS_AIF0     RS_AIF1
   RS_AIM0     RS_AIM1     RS_ASF0     RS_ASF1     RS_ASM0     RS_ASM1
   RS_HWF0     RS_HWF1     RS_HWM0     RS_HWM1     RS_HLF0     RS_HLF1
   RS_HLM0     RS_HLM1     RS_MRF0     RS_MRF1     RS_MRM0     RS_MRM1
   RS_WF1      RS_WM0      RS_WM1


Estimator                                                    BAYES
Specifications for Bayesian Estimation
  Point estimate                                            MEDIAN
  Number of Markov chain Monte Carlo (MCMC) chains               2
  Random seed for the first chain                                0
  Starting value information                           UNPERTURBED
  Algorithm used for Markov chain Monte Carlo           GIBBS(PX1)
  Convergence criterion                                  0.100D-01
  Maximum number of iterations                               50000
  K-th iteration used for thinning                               1
Link                                                        PROBIT

Input data file(s)
  S:\Ibrahim\UConn Spencer Project Analysis Delaware Data\K-12_24.txt
Input data format  FREE


SUMMARY OF DATA



COVARIANCE COVERAGE OF DATA

Minimum covariance coverage value   0.100

     Number of missing data patterns             1


     PROPORTION OF DATA PRESENT


           Covariance Coverage
              IS_SPED       RS_AAF0       RS_AAF1       RS_AAM0       RS_AAM1
              ________      ________      ________      ________      ________
 IS_SPED        1.000
 RS_AAF0        1.000         1.000
 RS_AAF1        1.000         1.000         1.000
 RS_AAM0        1.000         1.000         1.000         1.000
 RS_AAM1        1.000         1.000         1.000         1.000         1.000
 RS_AIF0        1.000         1.000         1.000         1.000         1.000
 RS_AIF1        1.000         1.000         1.000         1.000         1.000
 RS_AIM0        1.000         1.000         1.000         1.000         1.000
 RS_AIM1        1.000         1.000         1.000         1.000         1.000
 RS_ASF0        1.000         1.000         1.000         1.000         1.000
 RS_ASF1        1.000         1.000         1.000         1.000         1.000
 RS_ASM0        1.000         1.000         1.000         1.000         1.000
 RS_ASM1        1.000         1.000         1.000         1.000         1.000
 RS_HWF0        1.000         1.000         1.000         1.000         1.000
 RS_HWF1        1.000         1.000         1.000         1.000         1.000
 RS_HWM0        1.000         1.000         1.000         1.000         1.000
 RS_HWM1        1.000         1.000         1.000         1.000         1.000
 RS_HLF0        1.000         1.000         1.000         1.000         1.000
 RS_HLF1        1.000         1.000         1.000         1.000         1.000
 RS_HLM0        1.000         1.000         1.000         1.000         1.000
 RS_HLM1        1.000         1.000         1.000         1.000         1.000
 RS_MRF0        1.000         1.000         1.000         1.000         1.000
 RS_MRF1        1.000         1.000         1.000         1.000         1.000
 RS_MRM0        1.000         1.000         1.000         1.000         1.000
 RS_MRM1        1.000         1.000         1.000         1.000         1.000
 RS_WF1         1.000         1.000         1.000         1.000         1.000
 RS_WM0         1.000         1.000         1.000         1.000         1.000
 RS_WM1         1.000         1.000         1.000         1.000         1.000


           Covariance Coverage
              RS_AIF0       RS_AIF1       RS_AIM0       RS_AIM1       RS_ASF0
              ________      ________      ________      ________      ________
 RS_AIF0        1.000
 RS_AIF1        1.000         1.000
 RS_AIM0        1.000         1.000         1.000
 RS_AIM1        1.000         1.000         1.000         1.000
 RS_ASF0        1.000         1.000         1.000         1.000         1.000
 RS_ASF1        1.000         1.000         1.000         1.000         1.000
 RS_ASM0        1.000         1.000         1.000         1.000         1.000
 RS_ASM1        1.000         1.000         1.000         1.000         1.000
 RS_HWF0        1.000         1.000         1.000         1.000         1.000
 RS_HWF1        1.000         1.000         1.000         1.000         1.000
 RS_HWM0        1.000         1.000         1.000         1.000         1.000
 RS_HWM1        1.000         1.000         1.000         1.000         1.000
 RS_HLF0        1.000         1.000         1.000         1.000         1.000
 RS_HLF1        1.000         1.000         1.000         1.000         1.000
 RS_HLM0        1.000         1.000         1.000         1.000         1.000
 RS_HLM1        1.000         1.000         1.000         1.000         1.000
 RS_MRF0        1.000         1.000         1.000         1.000         1.000
 RS_MRF1        1.000         1.000         1.000         1.000         1.000
 RS_MRM0        1.000         1.000         1.000         1.000         1.000
 RS_MRM1        1.000         1.000         1.000         1.000         1.000
 RS_WF1         1.000         1.000         1.000         1.000         1.000
 RS_WM0         1.000         1.000         1.000         1.000         1.000
 RS_WM1         1.000         1.000         1.000         1.000         1.000


           Covariance Coverage
              RS_ASF1       RS_ASM0       RS_ASM1       RS_HWF0       RS_HWF1
              ________      ________      ________      ________      ________
 RS_ASF1        1.000
 RS_ASM0        1.000         1.000
 RS_ASM1        1.000         1.000         1.000
 RS_HWF0        1.000         1.000         1.000         1.000
 RS_HWF1        1.000         1.000         1.000         1.000         1.000
 RS_HWM0        1.000         1.000         1.000         1.000         1.000
 RS_HWM1        1.000         1.000         1.000         1.000         1.000
 RS_HLF0        1.000         1.000         1.000         1.000         1.000
 RS_HLF1        1.000         1.000         1.000         1.000         1.000
 RS_HLM0        1.000         1.000         1.000         1.000         1.000
 RS_HLM1        1.000         1.000         1.000         1.000         1.000
 RS_MRF0        1.000         1.000         1.000         1.000         1.000
 RS_MRF1        1.000         1.000         1.000         1.000         1.000
 RS_MRM0        1.000         1.000         1.000         1.000         1.000
 RS_MRM1        1.000         1.000         1.000         1.000         1.000
 RS_WF1         1.000         1.000         1.000         1.000         1.000
 RS_WM0         1.000         1.000         1.000         1.000         1.000
 RS_WM1         1.000         1.000         1.000         1.000         1.000


           Covariance Coverage
              RS_HWM0       RS_HWM1       RS_HLF0       RS_HLF1       RS_HLM0
              ________      ________      ________      ________      ________
 RS_HWM0        1.000
 RS_HWM1        1.000         1.000
 RS_HLF0        1.000         1.000         1.000
 RS_HLF1        1.000         1.000         1.000         1.000
 RS_HLM0        1.000         1.000         1.000         1.000         1.000
 RS_HLM1        1.000         1.000         1.000         1.000         1.000
 RS_MRF0        1.000         1.000         1.000         1.000         1.000
 RS_MRF1        1.000         1.000         1.000         1.000         1.000
 RS_MRM0        1.000         1.000         1.000         1.000         1.000
 RS_MRM1        1.000         1.000         1.000         1.000         1.000
 RS_WF1         1.000         1.000         1.000         1.000         1.000
 RS_WM0         1.000         1.000         1.000         1.000         1.000
 RS_WM1         1.000         1.000         1.000         1.000         1.000


           Covariance Coverage
              RS_HLM1       RS_MRF0       RS_MRF1       RS_MRM0       RS_MRM1
              ________      ________      ________      ________      ________
 RS_HLM1        1.000
 RS_MRF0        1.000         1.000
 RS_MRF1        1.000         1.000         1.000
 RS_MRM0        1.000         1.000         1.000         1.000
 RS_MRM1        1.000         1.000         1.000         1.000         1.000
 RS_WF1         1.000         1.000         1.000         1.000         1.000
 RS_WM0         1.000         1.000         1.000         1.000         1.000
 RS_WM1         1.000         1.000         1.000         1.000         1.000


           Covariance Coverage
              RS_WF1        RS_WM0        RS_WM1
              ________      ________      ________
 RS_WF1         1.000
 RS_WM0         1.000         1.000
 RS_WM1         1.000         1.000         1.000


UNIVARIATE PROPORTIONS AND COUNTS FOR CATEGORICAL VARIABLES

    IS_SPED
      Category 1    0.829       115683.000
      Category 2    0.171        23918.000



UNIVARIATE SAMPLE STATISTICS


     UNIVARIATE HIGHER-ORDER MOMENT DESCRIPTIVE STATISTICS

         Variable/         Mean/     Skewness/   Minimum/ % with                Percentiles
        Sample Size      Variance    Kurtosis    Maximum  Min/Max      20%/60%    40%/80%    Median

     RS_AAF0               0.086       2.946       0.000   91.37%       0.000      0.000      0.000
          139601.000       0.079       6.678       1.000    8.63%       0.000      0.000
     RS_AAF1               0.064       3.555       0.000   93.58%       0.000      0.000      0.000
          139601.000       0.060      10.640       1.000    6.42%       0.000      0.000
     RS_AAM0               0.091       2.840       0.000   90.88%       0.000      0.000      0.000
          139601.000       0.083       6.064       1.000    9.12%       0.000      0.000
     RS_AAM1               0.066       3.503       0.000   93.42%       0.000      0.000      0.000
          139601.000       0.061      10.269       1.000    6.58%       0.000      0.000
     RS_AIF0               0.001      26.839       0.000   99.86%       0.000      0.000      0.000
          139601.000       0.001     718.323       1.000    0.14%       0.000      0.000
     RS_AIF1               0.001      40.975       0.000   99.94%       0.000      0.000      0.000
          139601.000       0.001    1676.940       1.000    0.06%       0.000      0.000
     RS_AIM0               0.001      26.429       0.000   99.86%       0.000      0.000      0.000
          139601.000       0.001     696.514       1.000    0.14%       0.000      0.000
     RS_AIM1               0.001      41.479       0.000   99.94%       0.000      0.000      0.000
          139601.000       0.001    1718.470       1.000    0.06%       0.000      0.000
     RS_ASF0               0.019       6.969       0.000   98.06%       0.000      0.000      0.000
          139601.000       0.019      46.571       1.000    1.94%       0.000      0.000
     RS_ASF1               0.002      24.630       0.000   99.84%       0.000      0.000      0.000
          139601.000       0.002     604.613       1.000    0.16%       0.000      0.000
     RS_ASM0               0.022       6.589       0.000   97.84%       0.000      0.000      0.000
          139601.000       0.021      41.417       1.000    2.16%       0.000      0.000
     RS_ASM1               0.002      24.157       0.000   99.83%       0.000      0.000      0.000
          139601.000       0.002     581.561       1.000    0.17%       0.000      0.000
     RS_HWF0               0.000      45.276       0.000   99.95%       0.000      0.000      0.000
          139601.000       0.000    2047.956       1.000    0.05%       0.000      0.000
     RS_HWF1               0.000      73.255       0.000   99.98%       0.000      0.000      0.000
          139601.000       0.000    5364.269       1.000    0.02%       0.000      0.000
     RS_HWM0               0.001      44.624       0.000   99.95%       0.000      0.000      0.000
          139601.000       0.001    1989.301       1.000    0.05%       0.000      0.000
     RS_HWM1               0.000      83.529       0.000   99.99%       0.000      0.000      0.000
          139601.000       0.000    6975.050       1.000    0.01%       0.000      0.000
     RS_HLF0               0.069       3.389       0.000   93.06%       0.000      0.000      0.000
          139601.000       0.065       9.486       1.000    6.94%       0.000      0.000
     RS_HLF1               0.028       5.708       0.000   97.19%       0.000      0.000      0.000
          139601.000       0.027      30.578       1.000    2.81%       0.000      0.000
     RS_HLM0               0.071       3.340       0.000   92.90%       0.000      0.000      0.000
          139601.000       0.066       9.158       1.000    7.10%       0.000      0.000
     RS_HLM1               0.028       5.737       0.000   97.21%       0.000      0.000      0.000
          139601.000       0.027      30.916       1.000    2.79%       0.000      0.000
     RS_MRF0               0.018       7.314       0.000   98.23%       0.000      0.000      0.000
          139601.000       0.017      51.491       1.000    1.77%       0.000      0.000
     RS_MRF1               0.010      10.032       0.000   99.04%       0.000      0.000      0.000
          139601.000       0.010      98.648       1.000    0.96%       0.000      0.000
     RS_MRM0               0.018       7.217       0.000   98.18%       0.000      0.000      0.000
          139601.000       0.018      50.088       1.000    1.82%       0.000      0.000
     RS_MRM1               0.009      10.303       0.000   99.08%       0.000      0.000      0.000
          139601.000       0.009     104.158       1.000    0.92%       0.000      0.000
     RS_WF1                0.030       5.473       0.000   96.96%       0.000      0.000      0.000
          139601.000       0.029      27.948       1.000    3.04%       0.000      0.000
     RS_WM0                0.170       1.758       0.000   83.01%       0.000      0.000      0.000
          139601.000       0.141       1.091       1.000   16.99%       0.000      0.000
     RS_WM1                0.033       5.237       0.000   96.71%       0.000      0.000      0.000
          139601.000       0.032      25.422       1.000    3.29%       0.000      0.000


THE MODEL ESTIMATION TERMINATED NORMALLY

     USE THE FBITERATIONS OPTION TO INCREASE THE NUMBER OF ITERATIONS BY A FACTOR
     OF AT LEAST TWO TO CHECK CONVERGENCE AND THAT THE PSR VALUE DOES NOT INCREASE.



MODEL FIT INFORMATION

Number of Free Parameters                              28

Bayesian Posterior Predictive Checking using Chi-Square

          95% Confidence Interval for the Difference Between
          the Observed and the Replicated Chi-Square Values

                                -19.457            22.451

          Posterior Predictive P-Value              0.488



MODEL RESULTS

                                Posterior  One-Tailed         95% C.I.
                    Estimate       S.D.      P-Value   Lower 2.5%  Upper 2.5%  Significance

 IS_SPED    ON
    RS_AAF0            0.106       0.018      0.000       0.071       0.140      *
    RS_AAF1            0.298       0.019      0.000       0.261       0.337      *
    RS_AAM0            0.473       0.017      0.000       0.440       0.505      *
    RS_AAM1            0.666       0.018      0.000       0.631       0.701      *
    RS_AIF0            0.065       0.115      0.287      -0.163       0.285
    RS_AIF1            0.209       0.169      0.117      -0.134       0.533
    RS_AIM0            0.420       0.102      0.000       0.215       0.618      *
    RS_AIM1            0.532       0.149      0.000       0.227       0.815      *
    RS_ASF0           -0.548       0.045      0.000      -0.634      -0.461      *
    RS_ASF1           -0.362       0.137      0.002      -0.633      -0.097      *
    RS_ASM0           -0.093       0.034      0.004      -0.159      -0.028      *
    RS_ASM1            0.153       0.099      0.059      -0.039       0.347
    RS_HWF0            0.279       0.177      0.054      -0.069       0.623
    RS_HWF1           -0.586       0.471      0.082      -1.615       0.209
    RS_HWM0            0.085       0.191      0.329      -0.305       0.450
    RS_HWM1            0.361       0.321      0.135      -0.282       0.964
    RS_HLF0           -0.041       0.020      0.019      -0.080      -0.003      *
    RS_HLF1            0.185       0.027      0.000       0.133       0.239      *
    RS_HLM0            0.275       0.018      0.000       0.239       0.312      *
    RS_HLM1            0.549       0.025      0.000       0.499       0.597      *
    RS_MRF0           -0.022       0.036      0.282      -0.089       0.049
    RS_MRF1            0.210       0.044      0.000       0.126       0.295      *
    RS_MRM0            0.314       0.031      0.000       0.252       0.374      *
    RS_MRM1            0.667       0.039      0.000       0.590       0.744      *
    RS_WF1             0.420       0.024      0.000       0.372       0.468      *
    RS_WM0             0.323       0.015      0.000       0.294       0.353      *
    RS_WM1             0.728       0.023      0.000       0.683       0.772      *

 Thresholds
    IS_SPED$1          1.225       0.011      0.000       1.203       1.246      *


STANDARDIZED MODEL RESULTS


STDYX Standardization

                                Posterior  One-Tailed         95% C.I.
                    Estimate       S.D.      P-Value   Lower 2.5%  Upper 2.5%  Significance
 IS_SPED    ON
    RS_AAF0            0.029       0.005      0.000       0.019       0.038      *
    RS_AAF1            0.071       0.005      0.000       0.062       0.080      *
    RS_AAM0            0.132       0.005      0.000       0.123       0.141      *
    RS_AAM1            0.160       0.004      0.000       0.152       0.168      *
    RS_AIF0            0.002       0.004      0.287      -0.006       0.010
    RS_AIF1            0.005       0.004      0.117      -0.003       0.013
    RS_AIM0            0.015       0.004      0.000       0.008       0.023      *
    RS_AIM1            0.012       0.003      0.000       0.005       0.019      *
    RS_ASF0           -0.073       0.006      0.000      -0.085      -0.062      *
    RS_ASF1           -0.014       0.005      0.002      -0.025      -0.004      *
    RS_ASM0           -0.013       0.005      0.004      -0.022      -0.004      *
    RS_ASM1            0.006       0.004      0.059      -0.002       0.014
    RS_HWF0            0.006       0.004      0.054      -0.001       0.013
    RS_HWF1           -0.008       0.006      0.082      -0.021       0.003
    RS_HWM0            0.002       0.004      0.329      -0.007       0.010
    RS_HWM1            0.004       0.004      0.135      -0.003       0.011
    RS_HLF0           -0.010       0.005      0.019      -0.020      -0.001      *
    RS_HLF1            0.030       0.004      0.000       0.021       0.038      *
    RS_HLM0            0.068       0.005      0.000       0.060       0.078      *
    RS_HLM1            0.088       0.004      0.000       0.080       0.095      *
    RS_MRF0           -0.003       0.005      0.282      -0.011       0.006
    RS_MRF1            0.020       0.004      0.000       0.012       0.028      *
    RS_MRM0            0.041       0.004      0.000       0.033       0.048      *
    RS_MRM1            0.062       0.004      0.000       0.055       0.069      *
    RS_WF1             0.070       0.004      0.000       0.062       0.078      *
    RS_WM0             0.118       0.005      0.000       0.107       0.128      *
    RS_WM1             0.126       0.004      0.000       0.118       0.133      *

 Thresholds
    IS_SPED$1          1.187       0.010      0.000       1.167       1.207      *


STDY Standardization

                                Posterior  One-Tailed         95% C.I.
                    Estimate       S.D.      P-Value   Lower 2.5%  Upper 2.5%  Significance
 IS_SPED    ON
    RS_AAF0            0.103       0.017      0.000       0.069       0.136      *
    RS_AAF1            0.289       0.018      0.000       0.253       0.326      *
    RS_AAM0            0.458       0.016      0.000       0.427       0.489      *
    RS_AAM1            0.645       0.017      0.000       0.612       0.678      *
    RS_AIF0            0.063       0.111      0.287      -0.158       0.276
    RS_AIF1            0.203       0.164      0.117      -0.130       0.517
    RS_AIM0            0.407       0.099      0.000       0.209       0.599      *
    RS_AIM1            0.516       0.145      0.000       0.220       0.790      *
    RS_ASF0           -0.531       0.043      0.000      -0.614      -0.447      *
    RS_ASF1           -0.351       0.132      0.002      -0.613      -0.094      *
    RS_ASM0           -0.090       0.033      0.004      -0.154      -0.027      *
    RS_ASM1            0.148       0.096      0.059      -0.038       0.336
    RS_HWF0            0.270       0.171      0.054      -0.067       0.603
    RS_HWF1           -0.568       0.457      0.082      -1.564       0.203
    RS_HWM0            0.082       0.185      0.329      -0.296       0.435
    RS_HWM1            0.350       0.311      0.135      -0.274       0.934
    RS_HLF0           -0.040       0.020      0.019      -0.078      -0.003      *
    RS_HLF1            0.180       0.027      0.000       0.129       0.232      *
    RS_HLM0            0.266       0.018      0.000       0.232       0.302      *
    RS_HLM1            0.532       0.024      0.000       0.484       0.578      *
    RS_MRF0           -0.021       0.035      0.282      -0.086       0.048
    RS_MRF1            0.204       0.042      0.000       0.122       0.286      *
    RS_MRM0            0.305       0.030      0.000       0.244       0.363      *
    RS_MRM1            0.646       0.038      0.000       0.573       0.721      *
    RS_WF1             0.407       0.023      0.000       0.360       0.453      *
    RS_WM0             0.313       0.014      0.000       0.285       0.341      *
    RS_WM1             0.706       0.022      0.000       0.662       0.748      *

 Thresholds
    IS_SPED$1          1.187       0.010      0.000       1.167       1.207      *


STD Standardization

                                Posterior  One-Tailed         95% C.I.
                    Estimate       S.D.      P-Value   Lower 2.5%  Upper 2.5%  Significance
 IS_SPED    ON
    RS_AAF0            0.106       0.018      0.000       0.071       0.140      *
    RS_AAF1            0.298       0.019      0.000       0.261       0.337      *
    RS_AAM0            0.473       0.017      0.000       0.440       0.505      *
    RS_AAM1            0.666       0.018      0.000       0.631       0.701      *
    RS_AIF0            0.065       0.115      0.287      -0.163       0.285
    RS_AIF1            0.209       0.169      0.117      -0.134       0.533
    RS_AIM0            0.420       0.102      0.000       0.215       0.618      *
    RS_AIM1            0.532       0.149      0.000       0.227       0.815      *
    RS_ASF0           -0.548       0.045      0.000      -0.634      -0.461      *
    RS_ASF1           -0.362       0.137      0.002      -0.633      -0.097      *
    RS_ASM0           -0.093       0.034      0.004      -0.159      -0.028      *
    RS_ASM1            0.153       0.099      0.059      -0.039       0.347
    RS_HWF0            0.279       0.177      0.054      -0.069       0.623
    RS_HWF1           -0.586       0.471      0.082      -1.615       0.209
    RS_HWM0            0.085       0.191      0.329      -0.305       0.450
    RS_HWM1            0.361       0.321      0.135      -0.282       0.964
    RS_HLF0           -0.041       0.020      0.019      -0.080      -0.003      *
    RS_HLF1            0.185       0.027      0.000       0.133       0.239      *
    RS_HLM0            0.275       0.018      0.000       0.239       0.312      *
    RS_HLM1            0.549       0.025      0.000       0.499       0.597      *
    RS_MRF0           -0.022       0.036      0.282      -0.089       0.049
    RS_MRF1            0.210       0.044      0.000       0.126       0.295      *
    RS_MRM0            0.314       0.031      0.000       0.252       0.374      *
    RS_MRM1            0.667       0.039      0.000       0.590       0.744      *
    RS_WF1             0.420       0.024      0.000       0.372       0.468      *
    RS_WM0             0.323       0.015      0.000       0.294       0.353      *
    RS_WM1             0.728       0.023      0.000       0.683       0.772      *

 Thresholds
    IS_SPED$1          1.225       0.011      0.000       1.203       1.246      *


R-SQUARE

                                Posterior  One-Tailed         95% C.I.
    Variable        Estimate       S.D.      P-Value   Lower 2.5%  Upper 2.5%

    IS_SPED            0.061       0.002      0.000       0.057       0.065


TECHNICAL 1 OUTPUT


     PARAMETER SPECIFICATION


           TAU
              IS_SPED$
              ________
                   28


           NU
              IS_SPED       RS_AAF0       RS_AAF1       RS_AAM0       RS_AAM1
              ________      ________      ________      ________      ________
                    0             0             0             0             0


           NU
              RS_AIF0       RS_AIF1       RS_AIM0       RS_AIM1       RS_ASF0
              ________      ________      ________      ________      ________
                    0             0             0             0             0


           NU
              RS_ASF1       RS_ASM0       RS_ASM1       RS_HWF0       RS_HWF1
              ________      ________      ________      ________      ________
                    0             0             0             0             0


           NU
              RS_HWM0       RS_HWM1       RS_HLF0       RS_HLF1       RS_HLM0
              ________      ________      ________      ________      ________
                    0             0             0             0             0


           NU
              RS_HLM1       RS_MRF0       RS_MRF1       RS_MRM0       RS_MRM1
              ________      ________      ________      ________      ________
                    0             0             0             0             0


           NU
              RS_WF1        RS_WM0        RS_WM1
              ________      ________      ________
                    0             0             0


           LAMBDA
              IS_SPED       RS_AAF0       RS_AAF1       RS_AAM0       RS_AAM1
              ________      ________      ________      ________      ________
 IS_SPED            0             0             0             0             0
 RS_AAF0            0             0             0             0             0
 RS_AAF1            0             0             0             0             0
 RS_AAM0            0             0             0             0             0
 RS_AAM1            0             0             0             0             0
 RS_AIF0            0             0             0             0             0
 RS_AIF1            0             0             0             0             0
 RS_AIM0            0             0             0             0             0
 RS_AIM1            0             0             0             0             0
 RS_ASF0            0             0             0             0             0
 RS_ASF1            0             0             0             0             0
 RS_ASM0            0             0             0             0             0
 RS_ASM1            0             0             0             0             0
 RS_HWF0            0             0             0             0             0
 RS_HWF1            0             0             0             0             0
 RS_HWM0            0             0             0             0             0
 RS_HWM1            0             0             0             0             0
 RS_HLF0            0             0             0             0             0
 RS_HLF1            0             0             0             0             0
 RS_HLM0            0             0             0             0             0
 RS_HLM1            0             0             0             0             0
 RS_MRF0            0             0             0             0             0
 RS_MRF1            0             0             0             0             0
 RS_MRM0            0             0             0             0             0
 RS_MRM1            0             0             0             0             0
 RS_WF1             0             0             0             0             0
 RS_WM0             0             0             0             0             0
 RS_WM1             0             0             0             0             0


           LAMBDA
              RS_AIF0       RS_AIF1       RS_AIM0       RS_AIM1       RS_ASF0
              ________      ________      ________      ________      ________
 IS_SPED            0             0             0             0             0
 RS_AAF0            0             0             0             0             0
 RS_AAF1            0             0             0             0             0
 RS_AAM0            0             0             0             0             0
 RS_AAM1            0             0             0             0             0
 RS_AIF0            0             0             0             0             0
 RS_AIF1            0             0             0             0             0
 RS_AIM0            0             0             0             0             0
 RS_AIM1            0             0             0             0             0
 RS_ASF0            0             0             0             0             0
 RS_ASF1            0             0             0             0             0
 RS_ASM0            0             0             0             0             0
 RS_ASM1            0             0             0             0             0
 RS_HWF0            0             0             0             0             0
 RS_HWF1            0             0             0             0             0
 RS_HWM0            0             0             0             0             0
 RS_HWM1            0             0             0             0             0
 RS_HLF0            0             0             0             0             0
 RS_HLF1            0             0             0             0             0
 RS_HLM0            0             0             0             0             0
 RS_HLM1            0             0             0             0             0
 RS_MRF0            0             0             0             0             0
 RS_MRF1            0             0             0             0             0
 RS_MRM0            0             0             0             0             0
 RS_MRM1            0             0             0             0             0
 RS_WF1             0             0             0             0             0
 RS_WM0             0             0             0             0             0
 RS_WM1             0             0             0             0             0


           LAMBDA
              RS_ASF1       RS_ASM0       RS_ASM1       RS_HWF0       RS_HWF1
              ________      ________      ________      ________      ________
 IS_SPED            0             0             0             0             0
 RS_AAF0            0             0             0             0             0
 RS_AAF1            0             0             0             0             0
 RS_AAM0            0             0             0             0             0
 RS_AAM1            0             0             0             0             0
 RS_AIF0            0             0             0             0             0
 RS_AIF1            0             0             0             0             0
 RS_AIM0            0             0             0             0             0
 RS_AIM1            0             0             0             0             0
 RS_ASF0            0             0             0             0             0
 RS_ASF1            0             0             0             0             0
 RS_ASM0            0             0             0             0             0
 RS_ASM1            0             0             0             0             0
 RS_HWF0            0             0             0             0             0
 RS_HWF1            0             0             0             0             0
 RS_HWM0            0             0             0             0             0
 RS_HWM1            0             0             0             0             0
 RS_HLF0            0             0             0             0             0
 RS_HLF1            0             0             0             0             0
 RS_HLM0            0             0             0             0             0
 RS_HLM1            0             0             0             0             0
 RS_MRF0            0             0             0             0             0
 RS_MRF1            0             0             0             0             0
 RS_MRM0            0             0             0             0             0
 RS_MRM1            0             0             0             0             0
 RS_WF1             0             0             0             0             0
 RS_WM0             0             0             0             0             0
 RS_WM1             0             0             0             0             0


           LAMBDA
              RS_HWM0       RS_HWM1       RS_HLF0       RS_HLF1       RS_HLM0
              ________      ________      ________      ________      ________
 IS_SPED            0             0             0             0             0
 RS_AAF0            0             0             0             0             0
 RS_AAF1            0             0             0             0             0
 RS_AAM0            0             0             0             0             0
 RS_AAM1            0             0             0             0             0
 RS_AIF0            0             0             0             0             0
 RS_AIF1            0             0             0             0             0
 RS_AIM0            0             0             0             0             0
 RS_AIM1            0             0             0             0             0
 RS_ASF0            0             0             0             0             0
 RS_ASF1            0             0             0             0             0
 RS_ASM0            0             0             0             0             0
 RS_ASM1            0             0             0             0             0
 RS_HWF0            0             0             0             0             0
 RS_HWF1            0             0             0             0             0
 RS_HWM0            0             0             0             0             0
 RS_HWM1            0             0             0             0             0
 RS_HLF0            0             0             0             0             0
 RS_HLF1            0             0             0             0             0
 RS_HLM0            0             0             0             0             0
 RS_HLM1            0             0             0             0             0
 RS_MRF0            0             0             0             0             0
 RS_MRF1            0             0             0             0             0
 RS_MRM0            0             0             0             0             0
 RS_MRM1            0             0             0             0             0
 RS_WF1             0             0             0             0             0
 RS_WM0             0             0             0             0             0
 RS_WM1             0             0             0             0             0


           LAMBDA
              RS_HLM1       RS_MRF0       RS_MRF1       RS_MRM0       RS_MRM1
              ________      ________      ________      ________      ________
 IS_SPED            0             0             0             0             0
 RS_AAF0            0             0             0             0             0
 RS_AAF1            0             0             0             0             0
 RS_AAM0            0             0             0             0             0
 RS_AAM1            0             0             0             0             0
 RS_AIF0            0             0             0             0             0
 RS_AIF1            0             0             0             0             0
 RS_AIM0            0             0             0             0             0
 RS_AIM1            0             0             0             0             0
 RS_ASF0            0             0             0             0             0
 RS_ASF1            0             0             0             0             0
 RS_ASM0            0             0             0             0             0
 RS_ASM1            0             0             0             0             0
 RS_HWF0            0             0             0             0             0
 RS_HWF1            0             0             0             0             0
 RS_HWM0            0             0             0             0             0
 RS_HWM1            0             0             0             0             0
 RS_HLF0            0             0             0             0             0
 RS_HLF1            0             0             0             0             0
 RS_HLM0            0             0             0             0             0
 RS_HLM1            0             0             0             0             0
 RS_MRF0            0             0             0             0             0
 RS_MRF1            0             0             0             0             0
 RS_MRM0            0             0             0             0             0
 RS_MRM1            0             0             0             0             0
 RS_WF1             0             0             0             0             0
 RS_WM0             0             0             0             0             0
 RS_WM1             0             0             0             0             0


           LAMBDA
              RS_WF1        RS_WM0        RS_WM1
              ________      ________      ________
 IS_SPED            0             0             0
 RS_AAF0            0             0             0
 RS_AAF1            0             0             0
 RS_AAM0            0             0             0
 RS_AAM1            0             0             0
 RS_AIF0            0             0             0
 RS_AIF1            0             0             0
 RS_AIM0            0             0             0
 RS_AIM1            0             0             0
 RS_ASF0            0             0             0
 RS_ASF1            0             0             0
 RS_ASM0            0             0             0
 RS_ASM1            0             0             0
 RS_HWF0            0             0             0
 RS_HWF1            0             0             0
 RS_HWM0            0             0             0
 RS_HWM1            0             0             0
 RS_HLF0            0             0             0
 RS_HLF1            0             0             0
 RS_HLM0            0             0             0
 RS_HLM1            0             0             0
 RS_MRF0            0             0             0
 RS_MRF1            0             0             0
 RS_MRM0            0             0             0
 RS_MRM1            0             0             0
 RS_WF1             0             0             0
 RS_WM0             0             0             0
 RS_WM1             0             0             0


           THETA
              IS_SPED       RS_AAF0       RS_AAF1       RS_AAM0       RS_AAM1
              ________      ________      ________      ________      ________
 IS_SPED            0
 RS_AAF0            0             0
 RS_AAF1            0             0             0
 RS_AAM0            0             0             0             0
 RS_AAM1            0             0             0             0             0
 RS_AIF0            0             0             0             0             0
 RS_AIF1            0             0             0             0             0
 RS_AIM0            0             0             0             0             0
 RS_AIM1            0             0             0             0             0
 RS_ASF0            0             0             0             0             0
 RS_ASF1            0             0             0             0             0
 RS_ASM0            0             0             0             0             0
 RS_ASM1            0             0             0             0             0
 RS_HWF0            0             0             0             0             0
 RS_HWF1            0             0             0             0             0
 RS_HWM0            0             0             0             0             0
 RS_HWM1            0             0             0             0             0
 RS_HLF0            0             0             0             0             0
 RS_HLF1            0             0             0             0             0
 RS_HLM0            0             0             0             0             0
 RS_HLM1            0             0             0             0             0
 RS_MRF0            0             0             0             0             0
 RS_MRF1            0             0             0             0             0
 RS_MRM0            0             0             0             0             0
 RS_MRM1            0             0             0             0             0
 RS_WF1             0             0             0             0             0
 RS_WM0             0             0             0             0             0
 RS_WM1             0             0             0             0             0


           THETA
              RS_AIF0       RS_AIF1       RS_AIM0       RS_AIM1       RS_ASF0
              ________      ________      ________      ________      ________
 RS_AIF0            0
 RS_AIF1            0             0
 RS_AIM0            0             0             0
 RS_AIM1            0             0             0             0
 RS_ASF0            0             0             0             0             0
 RS_ASF1            0             0             0             0             0
 RS_ASM0            0             0             0             0             0
 RS_ASM1            0             0             0             0             0
 RS_HWF0            0             0             0             0             0
 RS_HWF1            0             0             0             0             0
 RS_HWM0            0             0             0             0             0
 RS_HWM1            0             0             0             0             0
 RS_HLF0            0             0             0             0             0
 RS_HLF1            0             0             0             0             0
 RS_HLM0            0             0             0             0             0
 RS_HLM1            0             0             0             0             0
 RS_MRF0            0             0             0             0             0
 RS_MRF1            0             0             0             0             0
 RS_MRM0            0             0             0             0             0
 RS_MRM1            0             0             0             0             0
 RS_WF1             0             0             0             0             0
 RS_WM0             0             0             0             0             0
 RS_WM1             0             0             0             0             0


           THETA
              RS_ASF1       RS_ASM0       RS_ASM1       RS_HWF0       RS_HWF1
              ________      ________      ________      ________      ________
 RS_ASF1            0
 RS_ASM0            0             0
 RS_ASM1            0             0             0
 RS_HWF0            0             0             0             0
 RS_HWF1            0             0             0             0             0
 RS_HWM0            0             0             0             0             0
 RS_HWM1            0             0             0             0             0
 RS_HLF0            0             0             0             0             0
 RS_HLF1            0             0             0             0             0
 RS_HLM0            0             0             0             0             0
 RS_HLM1            0             0             0             0             0
 RS_MRF0            0             0             0             0             0
 RS_MRF1            0             0             0             0             0
 RS_MRM0            0             0             0             0             0
 RS_MRM1            0             0             0             0             0
 RS_WF1             0             0             0             0             0
 RS_WM0             0             0             0             0             0
 RS_WM1             0             0             0             0             0


           THETA
              RS_HWM0       RS_HWM1       RS_HLF0       RS_HLF1       RS_HLM0
              ________      ________      ________      ________      ________
 RS_HWM0            0
 RS_HWM1            0             0
 RS_HLF0            0             0             0
 RS_HLF1            0             0             0             0
 RS_HLM0            0             0             0             0             0
 RS_HLM1            0             0             0             0             0
 RS_MRF0            0             0             0             0             0
 RS_MRF1            0             0             0             0             0
 RS_MRM0            0             0             0             0             0
 RS_MRM1            0             0             0             0             0
 RS_WF1             0             0             0             0             0
 RS_WM0             0             0             0             0             0
 RS_WM1             0             0             0             0             0


           THETA
              RS_HLM1       RS_MRF0       RS_MRF1       RS_MRM0       RS_MRM1
              ________      ________      ________      ________      ________
 RS_HLM1            0
 RS_MRF0            0             0
 RS_MRF1            0             0             0
 RS_MRM0            0             0             0             0
 RS_MRM1            0             0             0             0             0
 RS_WF1             0             0             0             0             0
 RS_WM0             0             0             0             0             0
 RS_WM1             0             0             0             0             0


           THETA
              RS_WF1        RS_WM0        RS_WM1
              ________      ________      ________
 RS_WF1             0
 RS_WM0             0             0
 RS_WM1             0             0             0


           ALPHA
              IS_SPED       RS_AAF0       RS_AAF1       RS_AAM0       RS_AAM1
              ________      ________      ________      ________      ________
                    0             0             0             0             0


           ALPHA
              RS_AIF0       RS_AIF1       RS_AIM0       RS_AIM1       RS_ASF0
              ________      ________      ________      ________      ________
                    0             0             0             0             0


           ALPHA
              RS_ASF1       RS_ASM0       RS_ASM1       RS_HWF0       RS_HWF1
              ________      ________      ________      ________      ________
                    0             0             0             0             0


           ALPHA
              RS_HWM0       RS_HWM1       RS_HLF0       RS_HLF1       RS_HLM0
              ________      ________      ________      ________      ________
                    0             0             0             0             0


           ALPHA
              RS_HLM1       RS_MRF0       RS_MRF1       RS_MRM0       RS_MRM1
              ________      ________      ________      ________      ________
                    0             0             0             0             0


           ALPHA
              RS_WF1        RS_WM0        RS_WM1
              ________      ________      ________
                    0             0             0


           BETA
              IS_SPED       RS_AAF0       RS_AAF1       RS_AAM0       RS_AAM1
              ________      ________      ________      ________      ________
 IS_SPED            0             1             2             3             4
 RS_AAF0            0             0             0             0             0
 RS_AAF1            0             0             0             0             0
 RS_AAM0            0             0             0             0             0
 RS_AAM1            0             0             0             0             0
 RS_AIF0            0             0             0             0             0
 RS_AIF1            0             0             0             0             0
 RS_AIM0            0             0             0             0             0
 RS_AIM1            0             0             0             0             0
 RS_ASF0            0             0             0             0             0
 RS_ASF1            0             0             0             0             0
 RS_ASM0            0             0             0             0             0
 RS_ASM1            0             0             0             0             0
 RS_HWF0            0             0             0             0             0
 RS_HWF1            0             0             0             0             0
 RS_HWM0            0             0             0             0             0
 RS_HWM1            0             0             0             0             0
 RS_HLF0            0             0             0             0             0
 RS_HLF1            0             0             0             0             0
 RS_HLM0            0             0             0             0             0
 RS_HLM1            0             0             0             0             0
 RS_MRF0            0             0             0             0             0
 RS_MRF1            0             0             0             0             0
 RS_MRM0            0             0             0             0             0
 RS_MRM1            0             0             0             0             0
 RS_WF1             0             0             0             0             0
 RS_WM0             0             0             0             0             0
 RS_WM1             0             0             0             0             0


           BETA
              RS_AIF0       RS_AIF1       RS_AIM0       RS_AIM1       RS_ASF0
              ________      ________      ________      ________      ________
 IS_SPED            5             6             7             8             9
 RS_AAF0            0             0             0             0             0
 RS_AAF1            0             0             0             0             0
 RS_AAM0            0             0             0             0             0
 RS_AAM1            0             0             0             0             0
 RS_AIF0            0             0             0             0             0
 RS_AIF1            0             0             0             0             0
 RS_AIM0            0             0             0             0             0
 RS_AIM1            0             0             0             0             0
 RS_ASF0            0             0             0             0             0
 RS_ASF1            0             0             0             0             0
 RS_ASM0            0             0             0             0             0
 RS_ASM1            0             0             0             0             0
 RS_HWF0            0             0             0             0             0
 RS_HWF1            0             0             0             0             0
 RS_HWM0            0             0             0             0             0
 RS_HWM1            0             0             0             0             0
 RS_HLF0            0             0             0             0             0
 RS_HLF1            0             0             0             0             0
 RS_HLM0            0             0             0             0             0
 RS_HLM1            0             0             0             0             0
 RS_MRF0            0             0             0             0             0
 RS_MRF1            0             0             0             0             0
 RS_MRM0            0             0             0             0             0
 RS_MRM1            0             0             0             0             0
 RS_WF1             0             0             0             0             0
 RS_WM0             0             0             0             0             0
 RS_WM1             0             0             0             0             0


           BETA
              RS_ASF1       RS_ASM0       RS_ASM1       RS_HWF0       RS_HWF1
              ________      ________      ________      ________      ________
 IS_SPED           10            11            12            13            14
 RS_AAF0            0             0             0             0             0
 RS_AAF1            0             0             0             0             0
 RS_AAM0            0             0             0             0             0
 RS_AAM1            0             0             0             0             0
 RS_AIF0            0             0             0             0             0
 RS_AIF1            0             0             0             0             0
 RS_AIM0            0             0             0             0             0
 RS_AIM1            0             0             0             0             0
 RS_ASF0            0             0             0             0             0
 RS_ASF1            0             0             0             0             0
 RS_ASM0            0             0             0             0             0
 RS_ASM1            0             0             0             0             0
 RS_HWF0            0             0             0             0             0
 RS_HWF1            0             0             0             0             0
 RS_HWM0            0             0             0             0             0
 RS_HWM1            0             0             0             0             0
 RS_HLF0            0             0             0             0             0
 RS_HLF1            0             0             0             0             0
 RS_HLM0            0             0             0             0             0
 RS_HLM1            0             0             0             0             0
 RS_MRF0            0             0             0             0             0
 RS_MRF1            0             0             0             0             0
 RS_MRM0            0             0             0             0             0
 RS_MRM1            0             0             0             0             0
 RS_WF1             0             0             0             0             0
 RS_WM0             0             0             0             0             0
 RS_WM1             0             0             0             0             0


           BETA
              RS_HWM0       RS_HWM1       RS_HLF0       RS_HLF1       RS_HLM0
              ________      ________      ________      ________      ________
 IS_SPED           15            16            17            18            19
 RS_AAF0            0             0             0             0             0
 RS_AAF1            0             0             0             0             0
 RS_AAM0            0             0             0             0             0
 RS_AAM1            0             0             0             0             0
 RS_AIF0            0             0             0             0             0
 RS_AIF1            0             0             0             0             0
 RS_AIM0            0             0             0             0             0
 RS_AIM1            0             0             0             0             0
 RS_ASF0            0             0             0             0             0
 RS_ASF1            0             0             0             0             0
 RS_ASM0            0             0             0             0             0
 RS_ASM1            0             0             0             0             0
 RS_HWF0            0             0             0             0             0
 RS_HWF1            0             0             0             0             0
 RS_HWM0            0             0             0             0             0
 RS_HWM1            0             0             0             0             0
 RS_HLF0            0             0             0             0             0
 RS_HLF1            0             0             0             0             0
 RS_HLM0            0             0             0             0             0
 RS_HLM1            0             0             0             0             0
 RS_MRF0            0             0             0             0             0
 RS_MRF1            0             0             0             0             0
 RS_MRM0            0             0             0             0             0
 RS_MRM1            0             0             0             0             0
 RS_WF1             0             0             0             0             0
 RS_WM0             0             0             0             0             0
 RS_WM1             0             0             0             0             0


           BETA
              RS_HLM1       RS_MRF0       RS_MRF1       RS_MRM0       RS_MRM1
              ________      ________      ________      ________      ________
 IS_SPED           20            21            22            23            24
 RS_AAF0            0             0             0             0             0
 RS_AAF1            0             0             0             0             0
 RS_AAM0            0             0             0             0             0
 RS_AAM1            0             0             0             0             0
 RS_AIF0            0             0             0             0             0
 RS_AIF1            0             0             0             0             0
 RS_AIM0            0             0             0             0             0
 RS_AIM1            0             0             0             0             0
 RS_ASF0            0             0             0             0             0
 RS_ASF1            0             0             0             0             0
 RS_ASM0            0             0             0             0             0
 RS_ASM1            0             0             0             0             0
 RS_HWF0            0             0             0             0             0
 RS_HWF1            0             0             0             0             0
 RS_HWM0            0             0             0             0             0
 RS_HWM1            0             0             0             0             0
 RS_HLF0            0             0             0             0             0
 RS_HLF1            0             0             0             0             0
 RS_HLM0            0             0             0             0             0
 RS_HLM1            0             0             0             0             0
 RS_MRF0            0             0             0             0             0
 RS_MRF1            0             0             0             0             0
 RS_MRM0            0             0             0             0             0
 RS_MRM1            0             0             0             0             0
 RS_WF1             0             0             0             0             0
 RS_WM0             0             0             0             0             0
 RS_WM1             0             0             0             0             0


           BETA
              RS_WF1        RS_WM0        RS_WM1
              ________      ________      ________
 IS_SPED           25            26            27
 RS_AAF0            0             0             0
 RS_AAF1            0             0             0
 RS_AAM0            0             0             0
 RS_AAM1            0             0             0
 RS_AIF0            0             0             0
 RS_AIF1            0             0             0
 RS_AIM0            0             0             0
 RS_AIM1            0             0             0
 RS_ASF0            0             0             0
 RS_ASF1            0             0             0
 RS_ASM0            0             0             0
 RS_ASM1            0             0             0
 RS_HWF0            0             0             0
 RS_HWF1            0             0             0
 RS_HWM0            0             0             0
 RS_HWM1            0             0             0
 RS_HLF0            0             0             0
 RS_HLF1            0             0             0
 RS_HLM0            0             0             0
 RS_HLM1            0             0             0
 RS_MRF0            0             0             0
 RS_MRF1            0             0             0
 RS_MRM0            0             0             0
 RS_MRM1            0             0             0
 RS_WF1             0             0             0
 RS_WM0             0             0             0
 RS_WM1             0             0             0


           PSI
              IS_SPED       RS_AAF0       RS_AAF1       RS_AAM0       RS_AAM1
              ________      ________      ________      ________      ________
 IS_SPED            0
 RS_AAF0            0             0
 RS_AAF1            0             0             0
 RS_AAM0            0             0             0             0
 RS_AAM1            0             0             0             0             0
 RS_AIF0            0             0             0             0             0
 RS_AIF1            0             0             0             0             0
 RS_AIM0            0             0             0             0             0
 RS_AIM1            0             0             0             0             0
 RS_ASF0            0             0             0             0             0
 RS_ASF1            0             0             0             0             0
 RS_ASM0            0             0             0             0             0
 RS_ASM1            0             0             0             0             0
 RS_HWF0            0             0             0             0             0
 RS_HWF1            0             0             0             0             0
 RS_HWM0            0             0             0             0             0
 RS_HWM1            0             0             0             0             0
 RS_HLF0            0             0             0             0             0
 RS_HLF1            0             0             0             0             0
 RS_HLM0            0             0             0             0             0
 RS_HLM1            0             0             0             0             0
 RS_MRF0            0             0             0             0             0
 RS_MRF1            0             0             0             0             0
 RS_MRM0            0             0             0             0             0
 RS_MRM1            0             0             0             0             0
 RS_WF1             0             0             0             0             0
 RS_WM0             0             0             0             0             0
 RS_WM1             0             0             0             0             0


           PSI
              RS_AIF0       RS_AIF1       RS_AIM0       RS_AIM1       RS_ASF0
              ________      ________      ________      ________      ________
 RS_AIF0            0
 RS_AIF1            0             0
 RS_AIM0            0             0             0
 RS_AIM1            0             0             0             0
 RS_ASF0            0             0             0             0             0
 RS_ASF1            0             0             0             0             0
 RS_ASM0            0             0             0             0             0
 RS_ASM1            0             0             0             0             0
 RS_HWF0            0             0             0             0             0
 RS_HWF1            0             0             0             0             0
 RS_HWM0            0             0             0             0             0
 RS_HWM1            0             0             0             0             0
 RS_HLF0            0             0             0             0             0
 RS_HLF1            0             0             0             0             0
 RS_HLM0            0             0             0             0             0
 RS_HLM1            0             0             0             0             0
 RS_MRF0            0             0             0             0             0
 RS_MRF1            0             0             0             0             0
 RS_MRM0            0             0             0             0             0
 RS_MRM1            0             0             0             0             0
 RS_WF1             0             0             0             0             0
 RS_WM0             0             0             0             0             0
 RS_WM1             0             0             0             0             0


           PSI
              RS_ASF1       RS_ASM0       RS_ASM1       RS_HWF0       RS_HWF1
              ________      ________      ________      ________      ________
 RS_ASF1            0
 RS_ASM0            0             0
 RS_ASM1            0             0             0
 RS_HWF0            0             0             0             0
 RS_HWF1            0             0             0             0             0
 RS_HWM0            0             0             0             0             0
 RS_HWM1            0             0             0             0             0
 RS_HLF0            0             0             0             0             0
 RS_HLF1            0             0             0             0             0
 RS_HLM0            0             0             0             0             0
 RS_HLM1            0             0             0             0             0
 RS_MRF0            0             0             0             0             0
 RS_MRF1            0             0             0             0             0
 RS_MRM0            0             0             0             0             0
 RS_MRM1            0             0             0             0             0
 RS_WF1             0             0             0             0             0
 RS_WM0             0             0             0             0             0
 RS_WM1             0             0             0             0             0


           PSI
              RS_HWM0       RS_HWM1       RS_HLF0       RS_HLF1       RS_HLM0
              ________      ________      ________      ________      ________
 RS_HWM0            0
 RS_HWM1            0             0
 RS_HLF0            0             0             0
 RS_HLF1            0             0             0             0
 RS_HLM0            0             0             0             0             0
 RS_HLM1            0             0             0             0             0
 RS_MRF0            0             0             0             0             0
 RS_MRF1            0             0             0             0             0
 RS_MRM0            0             0             0             0             0
 RS_MRM1            0             0             0             0             0
 RS_WF1             0             0             0             0             0
 RS_WM0             0             0             0             0             0
 RS_WM1             0             0             0             0             0


           PSI
              RS_HLM1       RS_MRF0       RS_MRF1       RS_MRM0       RS_MRM1
              ________      ________      ________      ________      ________
 RS_HLM1            0
 RS_MRF0            0             0
 RS_MRF1            0             0             0
 RS_MRM0            0             0             0             0
 RS_MRM1            0             0             0             0             0
 RS_WF1             0             0             0             0             0
 RS_WM0             0             0             0             0             0
 RS_WM1             0             0             0             0             0


           PSI
              RS_WF1        RS_WM0        RS_WM1
              ________      ________      ________
 RS_WF1             0
 RS_WM0             0             0
 RS_WM1             0             0             0


     STARTING VALUES


           TAU
              IS_SPED$
              ________
                0.876


           NU
              IS_SPED       RS_AAF0       RS_AAF1       RS_AAM0       RS_AAM1
              ________      ________      ________      ________      ________
                0.000         0.000         0.000         0.000         0.000


           NU
              RS_AIF0       RS_AIF1       RS_AIM0       RS_AIM1       RS_ASF0
              ________      ________      ________      ________      ________
                0.000         0.000         0.000         0.000         0.000


           NU
              RS_ASF1       RS_ASM0       RS_ASM1       RS_HWF0       RS_HWF1
              ________      ________      ________      ________      ________
                0.000         0.000         0.000         0.000         0.000


           NU
              RS_HWM0       RS_HWM1       RS_HLF0       RS_HLF1       RS_HLM0
              ________      ________      ________      ________      ________
                0.000         0.000         0.000         0.000         0.000


           NU
              RS_HLM1       RS_MRF0       RS_MRF1       RS_MRM0       RS_MRM1
              ________      ________      ________      ________      ________
                0.000         0.000         0.000         0.000         0.000


           NU
              RS_WF1        RS_WM0        RS_WM1
              ________      ________      ________
                0.000         0.000         0.000


           LAMBDA
              IS_SPED       RS_AAF0       RS_AAF1       RS_AAM0       RS_AAM1
              ________      ________      ________      ________      ________
 IS_SPED        1.000         0.000         0.000         0.000         0.000
 RS_AAF0        0.000         1.000         0.000         0.000         0.000
 RS_AAF1        0.000         0.000         1.000         0.000         0.000
 RS_AAM0        0.000         0.000         0.000         1.000         0.000
 RS_AAM1        0.000         0.000         0.000         0.000         1.000
 RS_AIF0        0.000         0.000         0.000         0.000         0.000
 RS_AIF1        0.000         0.000         0.000         0.000         0.000
 RS_AIM0        0.000         0.000         0.000         0.000         0.000
 RS_AIM1        0.000         0.000         0.000         0.000         0.000
 RS_ASF0        0.000         0.000         0.000         0.000         0.000
 RS_ASF1        0.000         0.000         0.000         0.000         0.000
 RS_ASM0        0.000         0.000         0.000         0.000         0.000
 RS_ASM1        0.000         0.000         0.000         0.000         0.000
 RS_HWF0        0.000         0.000         0.000         0.000         0.000
 RS_HWF1        0.000         0.000         0.000         0.000         0.000
 RS_HWM0        0.000         0.000         0.000         0.000         0.000
 RS_HWM1        0.000         0.000         0.000         0.000         0.000
 RS_HLF0        0.000         0.000         0.000         0.000         0.000
 RS_HLF1        0.000         0.000         0.000         0.000         0.000
 RS_HLM0        0.000         0.000         0.000         0.000         0.000
 RS_HLM1        0.000         0.000         0.000         0.000         0.000
 RS_MRF0        0.000         0.000         0.000         0.000         0.000
 RS_MRF1        0.000         0.000         0.000         0.000         0.000
 RS_MRM0        0.000         0.000         0.000         0.000         0.000
 RS_MRM1        0.000         0.000         0.000         0.000         0.000
 RS_WF1         0.000         0.000         0.000         0.000         0.000
 RS_WM0         0.000         0.000         0.000         0.000         0.000
 RS_WM1         0.000         0.000         0.000         0.000         0.000


           LAMBDA
              RS_AIF0       RS_AIF1       RS_AIM0       RS_AIM1       RS_ASF0
              ________      ________      ________      ________      ________
 IS_SPED        0.000         0.000         0.000         0.000         0.000
 RS_AAF0        0.000         0.000         0.000         0.000         0.000
 RS_AAF1        0.000         0.000         0.000         0.000         0.000
 RS_AAM0        0.000         0.000         0.000         0.000         0.000
 RS_AAM1        0.000         0.000         0.000         0.000         0.000
 RS_AIF0        1.000         0.000         0.000         0.000         0.000
 RS_AIF1        0.000         1.000         0.000         0.000         0.000
 RS_AIM0        0.000         0.000         1.000         0.000         0.000
 RS_AIM1        0.000         0.000         0.000         1.000         0.000
 RS_ASF0        0.000         0.000         0.000         0.000         1.000
 RS_ASF1        0.000         0.000         0.000         0.000         0.000
 RS_ASM0        0.000         0.000         0.000         0.000         0.000
 RS_ASM1        0.000         0.000         0.000         0.000         0.000
 RS_HWF0        0.000         0.000         0.000         0.000         0.000
 RS_HWF1        0.000         0.000         0.000         0.000         0.000
 RS_HWM0        0.000         0.000         0.000         0.000         0.000
 RS_HWM1        0.000         0.000         0.000         0.000         0.000
 RS_HLF0        0.000         0.000         0.000         0.000         0.000
 RS_HLF1        0.000         0.000         0.000         0.000         0.000
 RS_HLM0        0.000         0.000         0.000         0.000         0.000
 RS_HLM1        0.000         0.000         0.000         0.000         0.000
 RS_MRF0        0.000         0.000         0.000         0.000         0.000
 RS_MRF1        0.000         0.000         0.000         0.000         0.000
 RS_MRM0        0.000         0.000         0.000         0.000         0.000
 RS_MRM1        0.000         0.000         0.000         0.000         0.000
 RS_WF1         0.000         0.000         0.000         0.000         0.000
 RS_WM0         0.000         0.000         0.000         0.000         0.000
 RS_WM1         0.000         0.000         0.000         0.000         0.000


           LAMBDA
              RS_ASF1       RS_ASM0       RS_ASM1       RS_HWF0       RS_HWF1
              ________      ________      ________      ________      ________
 IS_SPED        0.000         0.000         0.000         0.000         0.000
 RS_AAF0        0.000         0.000         0.000         0.000         0.000
 RS_AAF1        0.000         0.000         0.000         0.000         0.000
 RS_AAM0        0.000         0.000         0.000         0.000         0.000
 RS_AAM1        0.000         0.000         0.000         0.000         0.000
 RS_AIF0        0.000         0.000         0.000         0.000         0.000
 RS_AIF1        0.000         0.000         0.000         0.000         0.000
 RS_AIM0        0.000         0.000         0.000         0.000         0.000
 RS_AIM1        0.000         0.000         0.000         0.000         0.000
 RS_ASF0        0.000         0.000         0.000         0.000         0.000
 RS_ASF1        1.000         0.000         0.000         0.000         0.000
 RS_ASM0        0.000         1.000         0.000         0.000         0.000
 RS_ASM1        0.000         0.000         1.000         0.000         0.000
 RS_HWF0        0.000         0.000         0.000         1.000         0.000
 RS_HWF1        0.000         0.000         0.000         0.000         1.000
 RS_HWM0        0.000         0.000         0.000         0.000         0.000
 RS_HWM1        0.000         0.000         0.000         0.000         0.000
 RS_HLF0        0.000         0.000         0.000         0.000         0.000
 RS_HLF1        0.000         0.000         0.000         0.000         0.000
 RS_HLM0        0.000         0.000         0.000         0.000         0.000
 RS_HLM1        0.000         0.000         0.000         0.000         0.000
 RS_MRF0        0.000         0.000         0.000         0.000         0.000
 RS_MRF1        0.000         0.000         0.000         0.000         0.000
 RS_MRM0        0.000         0.000         0.000         0.000         0.000
 RS_MRM1        0.000         0.000         0.000         0.000         0.000
 RS_WF1         0.000         0.000         0.000         0.000         0.000
 RS_WM0         0.000         0.000         0.000         0.000         0.000
 RS_WM1         0.000         0.000         0.000         0.000         0.000


           LAMBDA
              RS_HWM0       RS_HWM1       RS_HLF0       RS_HLF1       RS_HLM0
              ________      ________      ________      ________      ________
 IS_SPED        0.000         0.000         0.000         0.000         0.000
 RS_AAF0        0.000         0.000         0.000         0.000         0.000
 RS_AAF1        0.000         0.000         0.000         0.000         0.000
 RS_AAM0        0.000         0.000         0.000         0.000         0.000
 RS_AAM1        0.000         0.000         0.000         0.000         0.000
 RS_AIF0        0.000         0.000         0.000         0.000         0.000
 RS_AIF1        0.000         0.000         0.000         0.000         0.000
 RS_AIM0        0.000         0.000         0.000         0.000         0.000
 RS_AIM1        0.000         0.000         0.000         0.000         0.000
 RS_ASF0        0.000         0.000         0.000         0.000         0.000
 RS_ASF1        0.000         0.000         0.000         0.000         0.000
 RS_ASM0        0.000         0.000         0.000         0.000         0.000
 RS_ASM1        0.000         0.000         0.000         0.000         0.000
 RS_HWF0        0.000         0.000         0.000         0.000         0.000
 RS_HWF1        0.000         0.000         0.000         0.000         0.000
 RS_HWM0        1.000         0.000         0.000         0.000         0.000
 RS_HWM1        0.000         1.000         0.000         0.000         0.000
 RS_HLF0        0.000         0.000         1.000         0.000         0.000
 RS_HLF1        0.000         0.000         0.000         1.000         0.000
 RS_HLM0        0.000         0.000         0.000         0.000         1.000
 RS_HLM1        0.000         0.000         0.000         0.000         0.000
 RS_MRF0        0.000         0.000         0.000         0.000         0.000
 RS_MRF1        0.000         0.000         0.000         0.000         0.000
 RS_MRM0        0.000         0.000         0.000         0.000         0.000
 RS_MRM1        0.000         0.000         0.000         0.000         0.000
 RS_WF1         0.000         0.000         0.000         0.000         0.000
 RS_WM0         0.000         0.000         0.000         0.000         0.000
 RS_WM1         0.000         0.000         0.000         0.000         0.000


           LAMBDA
              RS_HLM1       RS_MRF0       RS_MRF1       RS_MRM0       RS_MRM1
              ________      ________      ________      ________      ________
 IS_SPED        0.000         0.000         0.000         0.000         0.000
 RS_AAF0        0.000         0.000         0.000         0.000         0.000
 RS_AAF1        0.000         0.000         0.000         0.000         0.000
 RS_AAM0        0.000         0.000         0.000         0.000         0.000
 RS_AAM1        0.000         0.000         0.000         0.000         0.000
 RS_AIF0        0.000         0.000         0.000         0.000         0.000
 RS_AIF1        0.000         0.000         0.000         0.000         0.000
 RS_AIM0        0.000         0.000         0.000         0.000         0.000
 RS_AIM1        0.000         0.000         0.000         0.000         0.000
 RS_ASF0        0.000         0.000         0.000         0.000         0.000
 RS_ASF1        0.000         0.000         0.000         0.000         0.000
 RS_ASM0        0.000         0.000         0.000         0.000         0.000
 RS_ASM1        0.000         0.000         0.000         0.000         0.000
 RS_HWF0        0.000         0.000         0.000         0.000         0.000
 RS_HWF1        0.000         0.000         0.000         0.000         0.000
 RS_HWM0        0.000         0.000         0.000         0.000         0.000
 RS_HWM1        0.000         0.000         0.000         0.000         0.000
 RS_HLF0        0.000         0.000         0.000         0.000         0.000
 RS_HLF1        0.000         0.000         0.000         0.000         0.000
 RS_HLM0        0.000         0.000         0.000         0.000         0.000
 RS_HLM1        1.000         0.000         0.000         0.000         0.000
 RS_MRF0        0.000         1.000         0.000         0.000         0.000
 RS_MRF1        0.000         0.000         1.000         0.000         0.000
 RS_MRM0        0.000         0.000         0.000         1.000         0.000
 RS_MRM1        0.000         0.000         0.000         0.000         1.000
 RS_WF1         0.000         0.000         0.000         0.000         0.000
 RS_WM0         0.000         0.000         0.000         0.000         0.000
 RS_WM1         0.000         0.000         0.000         0.000         0.000


           LAMBDA
              RS_WF1        RS_WM0        RS_WM1
              ________      ________      ________
 IS_SPED        0.000         0.000         0.000
 RS_AAF0        0.000         0.000         0.000
 RS_AAF1        0.000         0.000         0.000
 RS_AAM0        0.000         0.000         0.000
 RS_AAM1        0.000         0.000         0.000
 RS_AIF0        0.000         0.000         0.000
 RS_AIF1        0.000         0.000         0.000
 RS_AIM0        0.000         0.000         0.000
 RS_AIM1        0.000         0.000         0.000
 RS_ASF0        0.000         0.000         0.000
 RS_ASF1        0.000         0.000         0.000
 RS_ASM0        0.000         0.000         0.000
 RS_ASM1        0.000         0.000         0.000
 RS_HWF0        0.000         0.000         0.000
 RS_HWF1        0.000         0.000         0.000
 RS_HWM0        0.000         0.000         0.000
 RS_HWM1        0.000         0.000         0.000
 RS_HLF0        0.000         0.000         0.000
 RS_HLF1        0.000         0.000         0.000
 RS_HLM0        0.000         0.000         0.000
 RS_HLM1        0.000         0.000         0.000
 RS_MRF0        0.000         0.000         0.000
 RS_MRF1        0.000         0.000         0.000
 RS_MRM0        0.000         0.000         0.000
 RS_MRM1        0.000         0.000         0.000
 RS_WF1         1.000         0.000         0.000
 RS_WM0         0.000         1.000         0.000
 RS_WM1         0.000         0.000         1.000


           THETA
              IS_SPED       RS_AAF0       RS_AAF1       RS_AAM0       RS_AAM1
              ________      ________      ________      ________      ________
 IS_SPED        0.000
 RS_AAF0        0.000         0.000
 RS_AAF1        0.000         0.000         0.000
 RS_AAM0        0.000         0.000         0.000         0.000
 RS_AAM1        0.000         0.000         0.000         0.000         0.000
 RS_AIF0        0.000         0.000         0.000         0.000         0.000
 RS_AIF1        0.000         0.000         0.000         0.000         0.000
 RS_AIM0        0.000         0.000         0.000         0.000         0.000
 RS_AIM1        0.000         0.000         0.000         0.000         0.000
 RS_ASF0        0.000         0.000         0.000         0.000         0.000
 RS_ASF1        0.000         0.000         0.000         0.000         0.000
 RS_ASM0        0.000         0.000         0.000         0.000         0.000
 RS_ASM1        0.000         0.000         0.000         0.000         0.000
 RS_HWF0        0.000         0.000         0.000         0.000         0.000
 RS_HWF1        0.000         0.000         0.000         0.000         0.000
 RS_HWM0        0.000         0.000         0.000         0.000         0.000
 RS_HWM1        0.000         0.000         0.000         0.000         0.000
 RS_HLF0        0.000         0.000         0.000         0.000         0.000
 RS_HLF1        0.000         0.000         0.000         0.000         0.000
 RS_HLM0        0.000         0.000         0.000         0.000         0.000
 RS_HLM1        0.000         0.000         0.000         0.000         0.000
 RS_MRF0        0.000         0.000         0.000         0.000         0.000
 RS_MRF1        0.000         0.000         0.000         0.000         0.000
 RS_MRM0        0.000         0.000         0.000         0.000         0.000
 RS_MRM1        0.000         0.000         0.000         0.000         0.000
 RS_WF1         0.000         0.000         0.000         0.000         0.000
 RS_WM0         0.000         0.000         0.000         0.000         0.000
 RS_WM1         0.000         0.000         0.000         0.000         0.000


           THETA
              RS_AIF0       RS_AIF1       RS_AIM0       RS_AIM1       RS_ASF0
              ________      ________      ________      ________      ________
 RS_AIF0        0.000
 RS_AIF1        0.000         0.000
 RS_AIM0        0.000         0.000         0.000
 RS_AIM1        0.000         0.000         0.000         0.000
 RS_ASF0        0.000         0.000         0.000         0.000         0.000
 RS_ASF1        0.000         0.000         0.000         0.000         0.000
 RS_ASM0        0.000         0.000         0.000         0.000         0.000
 RS_ASM1        0.000         0.000         0.000         0.000         0.000
 RS_HWF0        0.000         0.000         0.000         0.000         0.000
 RS_HWF1        0.000         0.000         0.000         0.000         0.000
 RS_HWM0        0.000         0.000         0.000         0.000         0.000
 RS_HWM1        0.000         0.000         0.000         0.000         0.000
 RS_HLF0        0.000         0.000         0.000         0.000         0.000
 RS_HLF1        0.000         0.000         0.000         0.000         0.000
 RS_HLM0        0.000         0.000         0.000         0.000         0.000
 RS_HLM1        0.000         0.000         0.000         0.000         0.000
 RS_MRF0        0.000         0.000         0.000         0.000         0.000
 RS_MRF1        0.000         0.000         0.000         0.000         0.000
 RS_MRM0        0.000         0.000         0.000         0.000         0.000
 RS_MRM1        0.000         0.000         0.000         0.000         0.000
 RS_WF1         0.000         0.000         0.000         0.000         0.000
 RS_WM0         0.000         0.000         0.000         0.000         0.000
 RS_WM1         0.000         0.000         0.000         0.000         0.000


           THETA
              RS_ASF1       RS_ASM0       RS_ASM1       RS_HWF0       RS_HWF1
              ________      ________      ________      ________      ________
 RS_ASF1        0.000
 RS_ASM0        0.000         0.000
 RS_ASM1        0.000         0.000         0.000
 RS_HWF0        0.000         0.000         0.000         0.000
 RS_HWF1        0.000         0.000         0.000         0.000         0.000
 RS_HWM0        0.000         0.000         0.000         0.000         0.000
 RS_HWM1        0.000         0.000         0.000         0.000         0.000
 RS_HLF0        0.000         0.000         0.000         0.000         0.000
 RS_HLF1        0.000         0.000         0.000         0.000         0.000
 RS_HLM0        0.000         0.000         0.000         0.000         0.000
 RS_HLM1        0.000         0.000         0.000         0.000         0.000
 RS_MRF0        0.000         0.000         0.000         0.000         0.000
 RS_MRF1        0.000         0.000         0.000         0.000         0.000
 RS_MRM0        0.000         0.000         0.000         0.000         0.000
 RS_MRM1        0.000         0.000         0.000         0.000         0.000
 RS_WF1         0.000         0.000         0.000         0.000         0.000
 RS_WM0         0.000         0.000         0.000         0.000         0.000
 RS_WM1         0.000         0.000         0.000         0.000         0.000


           THETA
              RS_HWM0       RS_HWM1       RS_HLF0       RS_HLF1       RS_HLM0
              ________      ________      ________      ________      ________
 RS_HWM0        0.000
 RS_HWM1        0.000         0.000
 RS_HLF0        0.000         0.000         0.000
 RS_HLF1        0.000         0.000         0.000         0.000
 RS_HLM0        0.000         0.000         0.000         0.000         0.000
 RS_HLM1        0.000         0.000         0.000         0.000         0.000
 RS_MRF0        0.000         0.000         0.000         0.000         0.000
 RS_MRF1        0.000         0.000         0.000         0.000         0.000
 RS_MRM0        0.000         0.000         0.000         0.000         0.000
 RS_MRM1        0.000         0.000         0.000         0.000         0.000
 RS_WF1         0.000         0.000         0.000         0.000         0.000
 RS_WM0         0.000         0.000         0.000         0.000         0.000
 RS_WM1         0.000         0.000         0.000         0.000         0.000


           THETA
              RS_HLM1       RS_MRF0       RS_MRF1       RS_MRM0       RS_MRM1
              ________      ________      ________      ________      ________
 RS_HLM1        0.000
 RS_MRF0        0.000         0.000
 RS_MRF1        0.000         0.000         0.000
 RS_MRM0        0.000         0.000         0.000         0.000
 RS_MRM1        0.000         0.000         0.000         0.000         0.000
 RS_WF1         0.000         0.000         0.000         0.000         0.000
 RS_WM0         0.000         0.000         0.000         0.000         0.000
 RS_WM1         0.000         0.000         0.000         0.000         0.000


           THETA
              RS_WF1        RS_WM0        RS_WM1
              ________      ________      ________
 RS_WF1         0.000
 RS_WM0         0.000         0.000
 RS_WM1         0.000         0.000         0.000


           ALPHA
              IS_SPED       RS_AAF0       RS_AAF1       RS_AAM0       RS_AAM1
              ________      ________      ________      ________      ________
                0.000         0.000         0.000         0.000         0.000


           ALPHA
              RS_AIF0       RS_AIF1       RS_AIM0       RS_AIM1       RS_ASF0
              ________      ________      ________      ________      ________
                0.000         0.000         0.000         0.000         0.000


           ALPHA
              RS_ASF1       RS_ASM0       RS_ASM1       RS_HWF0       RS_HWF1
              ________      ________      ________      ________      ________
                0.000         0.000         0.000         0.000         0.000


           ALPHA
              RS_HWM0       RS_HWM1       RS_HLF0       RS_HLF1       RS_HLM0
              ________      ________      ________      ________      ________
                0.000         0.000         0.000         0.000         0.000


           ALPHA
              RS_HLM1       RS_MRF0       RS_MRF1       RS_MRM0       RS_MRM1
              ________      ________      ________      ________      ________
                0.000         0.000         0.000         0.000         0.000


           ALPHA
              RS_WF1        RS_WM0        RS_WM1
              ________      ________      ________
                0.000         0.000         0.000


           BETA
              IS_SPED       RS_AAF0       RS_AAF1       RS_AAM0       RS_AAM1
              ________      ________      ________      ________      ________
 IS_SPED        0.000         0.000         0.000         0.000         0.000
 RS_AAF0        0.000         0.000         0.000         0.000         0.000
 RS_AAF1        0.000         0.000         0.000         0.000         0.000
 RS_AAM0        0.000         0.000         0.000         0.000         0.000
 RS_AAM1        0.000         0.000         0.000         0.000         0.000
 RS_AIF0        0.000         0.000         0.000         0.000         0.000
 RS_AIF1        0.000         0.000         0.000         0.000         0.000
 RS_AIM0        0.000         0.000         0.000         0.000         0.000
 RS_AIM1        0.000         0.000         0.000         0.000         0.000
 RS_ASF0        0.000         0.000         0.000         0.000         0.000
 RS_ASF1        0.000         0.000         0.000         0.000         0.000
 RS_ASM0        0.000         0.000         0.000         0.000         0.000
 RS_ASM1        0.000         0.000         0.000         0.000         0.000
 RS_HWF0        0.000         0.000         0.000         0.000         0.000
 RS_HWF1        0.000         0.000         0.000         0.000         0.000
 RS_HWM0        0.000         0.000         0.000         0.000         0.000
 RS_HWM1        0.000         0.000         0.000         0.000         0.000
 RS_HLF0        0.000         0.000         0.000         0.000         0.000
 RS_HLF1        0.000         0.000         0.000         0.000         0.000
 RS_HLM0        0.000         0.000         0.000         0.000         0.000
 RS_HLM1        0.000         0.000         0.000         0.000         0.000
 RS_MRF0        0.000         0.000         0.000         0.000         0.000
 RS_MRF1        0.000         0.000         0.000         0.000         0.000
 RS_MRM0        0.000         0.000         0.000         0.000         0.000
 RS_MRM1        0.000         0.000         0.000         0.000         0.000
 RS_WF1         0.000         0.000         0.000         0.000         0.000
 RS_WM0         0.000         0.000         0.000         0.000         0.000
 RS_WM1         0.000         0.000         0.000         0.000         0.000


           BETA
              RS_AIF0       RS_AIF1       RS_AIM0       RS_AIM1       RS_ASF0
              ________      ________      ________      ________      ________
 IS_SPED        0.000         0.000         0.000         0.000         0.000
 RS_AAF0        0.000         0.000         0.000         0.000         0.000
 RS_AAF1        0.000         0.000         0.000         0.000         0.000
 RS_AAM0        0.000         0.000         0.000         0.000         0.000
 RS_AAM1        0.000         0.000         0.000         0.000         0.000
 RS_AIF0        0.000         0.000         0.000         0.000         0.000
 RS_AIF1        0.000         0.000         0.000         0.000         0.000
 RS_AIM0        0.000         0.000         0.000         0.000         0.000
 RS_AIM1        0.000         0.000         0.000         0.000         0.000
 RS_ASF0        0.000         0.000         0.000         0.000         0.000
 RS_ASF1        0.000         0.000         0.000         0.000         0.000
 RS_ASM0        0.000         0.000         0.000         0.000         0.000
 RS_ASM1        0.000         0.000         0.000         0.000         0.000
 RS_HWF0        0.000         0.000         0.000         0.000         0.000
 RS_HWF1        0.000         0.000         0.000         0.000         0.000
 RS_HWM0        0.000         0.000         0.000         0.000         0.000
 RS_HWM1        0.000         0.000         0.000         0.000         0.000
 RS_HLF0        0.000         0.000         0.000         0.000         0.000
 RS_HLF1        0.000         0.000         0.000         0.000         0.000
 RS_HLM0        0.000         0.000         0.000         0.000         0.000
 RS_HLM1        0.000         0.000         0.000         0.000         0.000
 RS_MRF0        0.000         0.000         0.000         0.000         0.000
 RS_MRF1        0.000         0.000         0.000         0.000         0.000
 RS_MRM0        0.000         0.000         0.000         0.000         0.000
 RS_MRM1        0.000         0.000         0.000         0.000         0.000
 RS_WF1         0.000         0.000         0.000         0.000         0.000
 RS_WM0         0.000         0.000         0.000         0.000         0.000
 RS_WM1         0.000         0.000         0.000         0.000         0.000


           BETA
              RS_ASF1       RS_ASM0       RS_ASM1       RS_HWF0       RS_HWF1
              ________      ________      ________      ________      ________
 IS_SPED        0.000         0.000         0.000         0.000         0.000
 RS_AAF0        0.000         0.000         0.000         0.000         0.000
 RS_AAF1        0.000         0.000         0.000         0.000         0.000
 RS_AAM0        0.000         0.000         0.000         0.000         0.000
 RS_AAM1        0.000         0.000         0.000         0.000         0.000
 RS_AIF0        0.000         0.000         0.000         0.000         0.000
 RS_AIF1        0.000         0.000         0.000         0.000         0.000
 RS_AIM0        0.000         0.000         0.000         0.000         0.000
 RS_AIM1        0.000         0.000         0.000         0.000         0.000
 RS_ASF0        0.000         0.000         0.000         0.000         0.000
 RS_ASF1        0.000         0.000         0.000         0.000         0.000
 RS_ASM0        0.000         0.000         0.000         0.000         0.000
 RS_ASM1        0.000         0.000         0.000         0.000         0.000
 RS_HWF0        0.000         0.000         0.000         0.000         0.000
 RS_HWF1        0.000         0.000         0.000         0.000         0.000
 RS_HWM0        0.000         0.000         0.000         0.000         0.000
 RS_HWM1        0.000         0.000         0.000         0.000         0.000
 RS_HLF0        0.000         0.000         0.000         0.000         0.000
 RS_HLF1        0.000         0.000         0.000         0.000         0.000
 RS_HLM0        0.000         0.000         0.000         0.000         0.000
 RS_HLM1        0.000         0.000         0.000         0.000         0.000
 RS_MRF0        0.000         0.000         0.000         0.000         0.000
 RS_MRF1        0.000         0.000         0.000         0.000         0.000
 RS_MRM0        0.000         0.000         0.000         0.000         0.000
 RS_MRM1        0.000         0.000         0.000         0.000         0.000
 RS_WF1         0.000         0.000         0.000         0.000         0.000
 RS_WM0         0.000         0.000         0.000         0.000         0.000
 RS_WM1         0.000         0.000         0.000         0.000         0.000


           BETA
              RS_HWM0       RS_HWM1       RS_HLF0       RS_HLF1       RS_HLM0
              ________      ________      ________      ________      ________
 IS_SPED        0.000         0.000         0.000         0.000         0.000
 RS_AAF0        0.000         0.000         0.000         0.000         0.000
 RS_AAF1        0.000         0.000         0.000         0.000         0.000
 RS_AAM0        0.000         0.000         0.000         0.000         0.000
 RS_AAM1        0.000         0.000         0.000         0.000         0.000
 RS_AIF0        0.000         0.000         0.000         0.000         0.000
 RS_AIF1        0.000         0.000         0.000         0.000         0.000
 RS_AIM0        0.000         0.000         0.000         0.000         0.000
 RS_AIM1        0.000         0.000         0.000         0.000         0.000
 RS_ASF0        0.000         0.000         0.000         0.000         0.000
 RS_ASF1        0.000         0.000         0.000         0.000         0.000
 RS_ASM0        0.000         0.000         0.000         0.000         0.000
 RS_ASM1        0.000         0.000         0.000         0.000         0.000
 RS_HWF0        0.000         0.000         0.000         0.000         0.000
 RS_HWF1        0.000         0.000         0.000         0.000         0.000
 RS_HWM0        0.000         0.000         0.000         0.000         0.000
 RS_HWM1        0.000         0.000         0.000         0.000         0.000
 RS_HLF0        0.000         0.000         0.000         0.000         0.000
 RS_HLF1        0.000         0.000         0.000         0.000         0.000
 RS_HLM0        0.000         0.000         0.000         0.000         0.000
 RS_HLM1        0.000         0.000         0.000         0.000         0.000
 RS_MRF0        0.000         0.000         0.000         0.000         0.000
 RS_MRF1        0.000         0.000         0.000         0.000         0.000
 RS_MRM0        0.000         0.000         0.000         0.000         0.000
 RS_MRM1        0.000         0.000         0.000         0.000         0.000
 RS_WF1         0.000         0.000         0.000         0.000         0.000
 RS_WM0         0.000         0.000         0.000         0.000         0.000
 RS_WM1         0.000         0.000         0.000         0.000         0.000


           BETA
              RS_HLM1       RS_MRF0       RS_MRF1       RS_MRM0       RS_MRM1
              ________      ________      ________      ________      ________
 IS_SPED        0.000         0.000         0.000         0.000         0.000
 RS_AAF0        0.000         0.000         0.000         0.000         0.000
 RS_AAF1        0.000         0.000         0.000         0.000         0.000
 RS_AAM0        0.000         0.000         0.000         0.000         0.000
 RS_AAM1        0.000         0.000         0.000         0.000         0.000
 RS_AIF0        0.000         0.000         0.000         0.000         0.000
 RS_AIF1        0.000         0.000         0.000         0.000         0.000
 RS_AIM0        0.000         0.000         0.000         0.000         0.000
 RS_AIM1        0.000         0.000         0.000         0.000         0.000
 RS_ASF0        0.000         0.000         0.000         0.000         0.000
 RS_ASF1        0.000         0.000         0.000         0.000         0.000
 RS_ASM0        0.000         0.000         0.000         0.000         0.000
 RS_ASM1        0.000         0.000         0.000         0.000         0.000
 RS_HWF0        0.000         0.000         0.000         0.000         0.000
 RS_HWF1        0.000         0.000         0.000         0.000         0.000
 RS_HWM0        0.000         0.000         0.000         0.000         0.000
 RS_HWM1        0.000         0.000         0.000         0.000         0.000
 RS_HLF0        0.000         0.000         0.000         0.000         0.000
 RS_HLF1        0.000         0.000         0.000         0.000         0.000
 RS_HLM0        0.000         0.000         0.000         0.000         0.000
 RS_HLM1        0.000         0.000         0.000         0.000         0.000
 RS_MRF0        0.000         0.000         0.000         0.000         0.000
 RS_MRF1        0.000         0.000         0.000         0.000         0.000
 RS_MRM0        0.000         0.000         0.000         0.000         0.000
 RS_MRM1        0.000         0.000         0.000         0.000         0.000
 RS_WF1         0.000         0.000         0.000         0.000         0.000
 RS_WM0         0.000         0.000         0.000         0.000         0.000
 RS_WM1         0.000         0.000         0.000         0.000         0.000


           BETA
              RS_WF1        RS_WM0        RS_WM1
              ________      ________      ________
 IS_SPED        0.000         0.000         0.000
 RS_AAF0        0.000         0.000         0.000
 RS_AAF1        0.000         0.000         0.000
 RS_AAM0        0.000         0.000         0.000
 RS_AAM1        0.000         0.000         0.000
 RS_AIF0        0.000         0.000         0.000
 RS_AIF1        0.000         0.000         0.000
 RS_AIM0        0.000         0.000         0.000
 RS_AIM1        0.000         0.000         0.000
 RS_ASF0        0.000         0.000         0.000
 RS_ASF1        0.000         0.000         0.000
 RS_ASM0        0.000         0.000         0.000
 RS_ASM1        0.000         0.000         0.000
 RS_HWF0        0.000         0.000         0.000
 RS_HWF1        0.000         0.000         0.000
 RS_HWM0        0.000         0.000         0.000
 RS_HWM1        0.000         0.000         0.000
 RS_HLF0        0.000         0.000         0.000
 RS_HLF1        0.000         0.000         0.000
 RS_HLM0        0.000         0.000         0.000
 RS_HLM1        0.000         0.000         0.000
 RS_MRF0        0.000         0.000         0.000
 RS_MRF1        0.000         0.000         0.000
 RS_MRM0        0.000         0.000         0.000
 RS_MRM1        0.000         0.000         0.000
 RS_WF1         0.000         0.000         0.000
 RS_WM0         0.000         0.000         0.000
 RS_WM1         0.000         0.000         0.000


           PSI
              IS_SPED       RS_AAF0       RS_AAF1       RS_AAM0       RS_AAM1
              ________      ________      ________      ________      ________
 IS_SPED        1.000
 RS_AAF0        0.000         0.039
 RS_AAF1        0.000         0.000         0.030
 RS_AAM0        0.000         0.000         0.000         0.041
 RS_AAM1        0.000         0.000         0.000         0.000         0.031
 RS_AIF0        0.000         0.000         0.000         0.000         0.000
 RS_AIF1        0.000         0.000         0.000         0.000         0.000
 RS_AIM0        0.000         0.000         0.000         0.000         0.000
 RS_AIM1        0.000         0.000         0.000         0.000         0.000
 RS_ASF0        0.000         0.000         0.000         0.000         0.000
 RS_ASF1        0.000         0.000         0.000         0.000         0.000
 RS_ASM0        0.000         0.000         0.000         0.000         0.000
 RS_ASM1        0.000         0.000         0.000         0.000         0.000
 RS_HWF0        0.000         0.000         0.000         0.000         0.000
 RS_HWF1        0.000         0.000         0.000         0.000         0.000
 RS_HWM0        0.000         0.000         0.000         0.000         0.000
 RS_HWM1        0.000         0.000         0.000         0.000         0.000
 RS_HLF0        0.000         0.000         0.000         0.000         0.000
 RS_HLF1        0.000         0.000         0.000         0.000         0.000
 RS_HLM0        0.000         0.000         0.000         0.000         0.000
 RS_HLM1        0.000         0.000         0.000         0.000         0.000
 RS_MRF0        0.000         0.000         0.000         0.000         0.000
 RS_MRF1        0.000         0.000         0.000         0.000         0.000
 RS_MRM0        0.000         0.000         0.000         0.000         0.000
 RS_MRM1        0.000         0.000         0.000         0.000         0.000
 RS_WF1         0.000         0.000         0.000         0.000         0.000
 RS_WM0         0.000         0.000         0.000         0.000         0.000
 RS_WM1         0.000         0.000         0.000         0.000         0.000


           PSI
              RS_AIF0       RS_AIF1       RS_AIM0       RS_AIM1       RS_ASF0
              ________      ________      ________      ________      ________
 RS_AIF0        0.001
 RS_AIF1        0.000         0.000
 RS_AIM0        0.000         0.000         0.001
 RS_AIM1        0.000         0.000         0.000         0.000
 RS_ASF0        0.000         0.000         0.000         0.000         0.010
 RS_ASF1        0.000         0.000         0.000         0.000         0.000
 RS_ASM0        0.000         0.000         0.000         0.000         0.000
 RS_ASM1        0.000         0.000         0.000         0.000         0.000
 RS_HWF0        0.000         0.000         0.000         0.000         0.000
 RS_HWF1        0.000         0.000         0.000         0.000         0.000
 RS_HWM0        0.000         0.000         0.000         0.000         0.000
 RS_HWM1        0.000         0.000         0.000         0.000         0.000
 RS_HLF0        0.000         0.000         0.000         0.000         0.000
 RS_HLF1        0.000         0.000         0.000         0.000         0.000
 RS_HLM0        0.000         0.000         0.000         0.000         0.000
 RS_HLM1        0.000         0.000         0.000         0.000         0.000
 RS_MRF0        0.000         0.000         0.000         0.000         0.000
 RS_MRF1        0.000         0.000         0.000         0.000         0.000
 RS_MRM0        0.000         0.000         0.000         0.000         0.000
 RS_MRM1        0.000         0.000         0.000         0.000         0.000
 RS_WF1         0.000         0.000         0.000         0.000         0.000
 RS_WM0         0.000         0.000         0.000         0.000         0.000
 RS_WM1         0.000         0.000         0.000         0.000         0.000


           PSI
              RS_ASF1       RS_ASM0       RS_ASM1       RS_HWF0       RS_HWF1
              ________      ________      ________      ________      ________
 RS_ASF1        0.001
 RS_ASM0        0.000         0.011
 RS_ASM1        0.000         0.000         0.001
 RS_HWF0        0.000         0.000         0.000         0.000
 RS_HWF1        0.000         0.000         0.000         0.000         0.000
 RS_HWM0        0.000         0.000         0.000         0.000         0.000
 RS_HWM1        0.000         0.000         0.000         0.000         0.000
 RS_HLF0        0.000         0.000         0.000         0.000         0.000
 RS_HLF1        0.000         0.000         0.000         0.000         0.000
 RS_HLM0        0.000         0.000         0.000         0.000         0.000
 RS_HLM1        0.000         0.000         0.000         0.000         0.000
 RS_MRF0        0.000         0.000         0.000         0.000         0.000
 RS_MRF1        0.000         0.000         0.000         0.000         0.000
 RS_MRM0        0.000         0.000         0.000         0.000         0.000
 RS_MRM1        0.000         0.000         0.000         0.000         0.000
 RS_WF1         0.000         0.000         0.000         0.000         0.000
 RS_WM0         0.000         0.000         0.000         0.000         0.000
 RS_WM1         0.000         0.000         0.000         0.000         0.000


           PSI
              RS_HWM0       RS_HWM1       RS_HLF0       RS_HLF1       RS_HLM0
              ________      ________      ________      ________      ________
 RS_HWM0        0.000
 RS_HWM1        0.000         0.000
 RS_HLF0        0.000         0.000         0.032
 RS_HLF1        0.000         0.000         0.000         0.014
 RS_HLM0        0.000         0.000         0.000         0.000         0.033
 RS_HLM1        0.000         0.000         0.000         0.000         0.000
 RS_MRF0        0.000         0.000         0.000         0.000         0.000
 RS_MRF1        0.000         0.000         0.000         0.000         0.000
 RS_MRM0        0.000         0.000         0.000         0.000         0.000
 RS_MRM1        0.000         0.000         0.000         0.000         0.000
 RS_WF1         0.000         0.000         0.000         0.000         0.000
 RS_WM0         0.000         0.000         0.000         0.000         0.000
 RS_WM1         0.000         0.000         0.000         0.000         0.000


           PSI
              RS_HLM1       RS_MRF0       RS_MRF1       RS_MRM0       RS_MRM1
              ________      ________      ________      ________      ________
 RS_HLM1        0.014
 RS_MRF0        0.000         0.009
 RS_MRF1        0.000         0.000         0.005
 RS_MRM0        0.000         0.000         0.000         0.009
 RS_MRM1        0.000         0.000         0.000         0.000         0.005
 RS_WF1         0.000         0.000         0.000         0.000         0.000
 RS_WM0         0.000         0.000         0.000         0.000         0.000
 RS_WM1         0.000         0.000         0.000         0.000         0.000


           PSI
              RS_WF1        RS_WM0        RS_WM1
              ________      ________      ________
 RS_WF1         0.015
 RS_WM0         0.000         0.071
 RS_WM1         0.000         0.000         0.016



     PRIORS FOR ALL PARAMETERS            PRIOR MEAN      PRIOR VARIANCE     PRIOR STD. DEV.

     Parameter 1~N(0.000,5.000)              0.0000              5.0000              2.2361
     Parameter 2~N(0.000,5.000)              0.0000              5.0000              2.2361
     Parameter 3~N(0.000,5.000)              0.0000              5.0000              2.2361
     Parameter 4~N(0.000,5.000)              0.0000              5.0000              2.2361
     Parameter 5~N(0.000,5.000)              0.0000              5.0000              2.2361
     Parameter 6~N(0.000,5.000)              0.0000              5.0000              2.2361
     Parameter 7~N(0.000,5.000)              0.0000              5.0000              2.2361
     Parameter 8~N(0.000,5.000)              0.0000              5.0000              2.2361
     Parameter 9~N(0.000,5.000)              0.0000              5.0000              2.2361
     Parameter 10~N(0.000,5.000)             0.0000              5.0000              2.2361
     Parameter 11~N(0.000,5.000)             0.0000              5.0000              2.2361
     Parameter 12~N(0.000,5.000)             0.0000              5.0000              2.2361
     Parameter 13~N(0.000,5.000)             0.0000              5.0000              2.2361
     Parameter 14~N(0.000,5.000)             0.0000              5.0000              2.2361
     Parameter 15~N(0.000,5.000)             0.0000              5.0000              2.2361
     Parameter 16~N(0.000,5.000)             0.0000              5.0000              2.2361
     Parameter 17~N(0.000,5.000)             0.0000              5.0000              2.2361
     Parameter 18~N(0.000,5.000)             0.0000              5.0000              2.2361
     Parameter 19~N(0.000,5.000)             0.0000              5.0000              2.2361
     Parameter 20~N(0.000,5.000)             0.0000              5.0000              2.2361
     Parameter 21~N(0.000,5.000)             0.0000              5.0000              2.2361
     Parameter 22~N(0.000,5.000)             0.0000              5.0000              2.2361
     Parameter 23~N(0.000,5.000)             0.0000              5.0000              2.2361
     Parameter 24~N(0.000,5.000)             0.0000              5.0000              2.2361
     Parameter 25~N(0.000,5.000)             0.0000              5.0000              2.2361
     Parameter 26~N(0.000,5.000)             0.0000              5.0000              2.2361
     Parameter 27~N(0.000,5.000)             0.0000              5.0000              2.2361
     Parameter 28~N(0.000,5.000)             0.0000              5.0000              2.2361


TECHNICAL 8 OUTPUT


   TECHNICAL 8 OUTPUT FOR BAYES ESTIMATION

     PROCESSOR    BSEED
     1            0
     2            285380
     3            253358
     4            93468

                     POTENTIAL       PARAMETER WITH
     ITERATION    SCALE REDUCTION      HIGHEST PSR
     100              1.187               16
     200              1.146               14
     300              1.104               14
     400              1.189               14
     500              1.051               14
     600              1.038               2
     700              1.029               9
     800              1.008               15
     900              1.015               2
     1000             1.005               16
     1100             1.012               26
     1200             1.021               14
     1300             1.021               14
     1400             1.011               11
     1500             1.011               5
     1600             1.009               11
     1700             1.009               26
     1800             1.010               18
     1900             1.009               18
     2000             1.011               18
     2100             1.010               17
     2200             1.012               5
     2300             1.011               5
     2400             1.010               5
     2500             1.008               9
     2600             1.009               9
     2700             1.005               16
     2800             1.008               16
     2900             1.007               16
     3000             1.004               16
     3100             1.004               5
     3200             1.005               5
     3300             1.005               5
     3400             1.005               14
     3500             1.006               14
     3600             1.008               14
     3700             1.008               14
     3800             1.007               14
     3900             1.008               14
     4000             1.005               14
     4100             1.007               2
     4200             1.008               2
     4300             1.006               2
     4400             1.010               2
     4500             1.008               9
     4600             1.007               2
     4700             1.009               9
     4800             1.007               9
     4900             1.005               5
     5000             1.005               14


DIAGRAM INFORMATION

  Use View Diagram under the Diagram menu in the Mplus Editor to view the diagram.
  If running Mplus from the Mplus Diagrammer, the diagram opens automatically.

  Diagram output
    s:\ibrahim\uconn spencer project analysis delaware data\regsesbayes_no nesting.dgm

     Beginning Time:  04:07:51
        Ending Time:  04:11:14
       Elapsed Time:  00:03:23



MUTHEN & MUTHEN
3463 Stoner Ave.
Los Angeles, CA  90066

Tel: (310) 391-9971
Fax: (310) 391-8971
Web: www.StatModel.com
Support: Support@StatModel.com

Copyright (c) 1998-2024 Muthen & Muthen
