Mplus VERSION 8.11
MUTHEN & MUTHEN
05/03/2026  10:30 PM

INPUT INSTRUCTIONS

  TITLE: Multilevel Bayesian Analysis - is_sped on regses Categories;
           Nesting by School Code (Reference: White Female Resources)

  DATA:
    FILE IS "S:\Ibrahim\UConn Spencer Project Analysis Delaware Data\K-12_24.txt";

  VARIABLE: NAMES ARE Schl is_sped reg_num regses_num;
            USEVARIABLES ARE Schl is_sped
            rs_aaf0 rs_aaf1 rs_aam0 rs_aam1 rs_aif0 rs_aif1 rs_aim0 rs_aim1
            rs_asf0 rs_asf1 rs_asm0 rs_asm1 rs_hwf0 rs_hwf1 rs_hwm0 rs_hwm1
            rs_hlf0 rs_hlf1 rs_hlm0 rs_hlm1 rs_mrf0 rs_mrf1 rs_mrm0 rs_mrm1
            rs_wf1  rs_wm0  rs_wm1;

  CATEGORICAL is_sped;
      CLUSTER IS Schl;
      MISSING ARE ALL (-999); !tells MPLUS the empty cells are all NAs
      WITHIN = rs_aaf0 rs_aaf1 rs_aam0 rs_aam1 rs_aif0 rs_aif1 rs_aim0 rs_aim1
               rs_asf0 rs_asf1 rs_asm0 rs_asm1 rs_hwf0 rs_hwf1 rs_hwm0 rs_hwm1
               rs_hlf0 rs_hlf1 rs_hlm0 rs_hlm1 rs_mrf0 rs_mrf1 rs_mrm0 rs_mrm1
               rs_wf1  rs_wm0  rs_wm1;

    DEFINE:
      ! Reference Group: White_Female_0 (Code 27) - Excluded from definitions

      ! African American Groups
      rs_aaf0  = (regses_num == 1);   ! African American Female Non-SES
      rs_aaf1  = (regses_num == 2);   ! African American Female Low-Income
      rs_aam0  = (regses_num == 3);   ! African American Male Non-SES
      rs_aam1  = (regses_num == 4);   ! African American Male Low-Income

      ! American Indian Groups
      rs_aif0  = (regses_num == 5);   ! American Indian Female Non-SES
      rs_aif1  = (regses_num == 6);   ! American Indian Female Low-Income
      rs_aim0  = (regses_num == 7);   ! American Indian Male Non-SES
      rs_aim1  = (regses_num == 8);   ! American Indian Male Low-Income

      ! Asian Groups
      rs_asf0  = (regses_num == 9);   ! Asian Female Non-SES
      rs_asf1  = (regses_num== 10);  ! Asian Female Low-Income
      rs_asm0  = (regses_num == 11);  ! Asian Male Non-SES
      rs_asm1  = (regses_num == 12);  ! Asian Male Low-Income

      ! Hawaiian/Pacific Islander Groups
      rs_hwf0  = (regses_num == 13);  ! Hawaiian Female Non-SES
      rs_hwf1  = (regses_num == 14);  ! Hawaiian Female Low-Income
      rs_hwm0  = (regses_num== 15);  ! Hawaiian Male Non-SES
      rs_hwm1  = (regses_num == 16);  ! Hawaiian Male Low-Income

      ! Hispanic/Latino Groups
      rs_hlf0  = (regses_num == 17);  ! Hispanic/Latino Female Non-SES
      rs_hlf1  = (regses_num== 18);  ! Hispanic/Latino Female Low-Income
      rs_hlm0  = (regses_num == 19);  ! Hispanic/Latino Male Non-SES
      rs_hlm1  = (regses_num == 20);  ! Hispanic/Latino Male Low-Income

      ! Multi-Racial Groups
      rs_mrf0  = (regses_num == 21);  ! Multi-Racial Female Non-SES
      rs_mrf1  = (regses_num== 22);  ! Multi-Racial Female Low-Income
      rs_mrm0  = (regses_num == 23);  ! Multi-Racial Male Non-SES
      rs_mrm1  = (regses_num == 24);  ! Multi-Racial Male Low-Income

      ! White Comparison Groups
      rs_wf1   = (regses_num == 28);  ! White Female Low-Income
      rs_wm0   = (regses_num == 29);  ! White Male Non-SES
      rs_wm1   = (regses_num == 30);  ! White Male Low-Income

    ANALYSIS:
      TYPE = TWOLEVEL;
      ESTIMATOR = BAYES;
      PROCESSORS = 4;
      BITERATIONS = (2000);
      BCONVERGENCE = 0.05;

  MODEL:
      %WITHIN%
      is_sped ON rs_aaf0 rs_aaf1 rs_aam0 rs_aam1 rs_aif0 rs_aif1 rs_aim0 rs_aim1
                 rs_asf0 rs_asf1 rs_asm0 rs_asm1 rs_hwf0 rs_hwf1 rs_hwm0 rs_hwm1
                 rs_hlf0 rs_hlf1 rs_hlm0 rs_hlm1 rs_mrf0 rs_mrf1 rs_mrm0 rs_mrm1
                 rs_wf1  rs_wm0  rs_wm1;

      %BETWEEN%
      is_sped;

    OUTPUT:
      TECH1 TECH8 STANDARDIZED;




*** WARNING
  One or more individual-level variables have no variation within a
  cluster for the following clusters.

     Variable   Cluster IDs with no within-cluster variation

      IS_SPED     618 539 768 763 512 578 295
      RS_AAF0     745
      RS_AAF1     745
      RS_AAM0     618 745 530
      RS_AAM1     618 745 763 628 612 749
      RS_AIF0     618 745 530 615 539 768 358 763 514 362 655 540 570 628 4075 752 512 543 27
                  29 750 324 640 310 334 728 740 244 339 264 322 642 632 326 635 658 156 332 410
                  420 266 670 432 248 761 759 456 584 4055 749 762 684 760 613 14 660 4090 330
                  571 240 35 130 280 320 128 611 646 732 680 21 242 710 254 616 622 110 252 722
                  681 4040 350 352 250 327 776 736 578 620 10 712 28 581 575 779 271 775 282 637
                  686 374 780 474 672 176 692 372 427 276 742 170 579 32 178 376 764 392 261 394
                  675 284 678 390 568
      RS_AIF1     618 745 530 615 539 768 358 763 514 362 655 537 540 516 628 752 512 543 27 29
                  36 750 650 324 640 630 22 310 334 728 636 246 339 264 314 642 632 658 156 332
                  410 318 132 612 124 420 662 266 260 670 418 37 538 248 573 759 4080 456 584
                  4055 684 256 613 782 660 4090 330 571 240 35 682 130 274 16 128 611 680 21 242
                  710 668 254 616 622 696 252 722 681 350 312 250 327 776 20 721 736 620 10 712
                  28 11 669 292 634 779 621 271 633 270 282 476 637 690 686 374 718 720 176 730
                  692 756 733 372 586 427 276 742 170 579 32 178 4045 376 764 766 33 180 23 392
                  151 17 261 664 295 290 394 675 422 196 576 284 44 34 652 18 587 24 568 688 626
                  588
      RS_AIM0     618 745 530 615 539 768 358 763 514 362 537 540 570 628 752 512 543 27 29 36
                  750 650 324 640 22 310 638 334 728 740 244 339 264 314 322 642 326 156 332 410
                  318 612 124 420 662 260 670 418 37 248 573 761 456 749 762 684 256 14 660 330
                  571 240 682 130 274 280 320 412 128 732 21 242 710 668 254 616 622 696 252 722
                  681 350 352 776 578 620 712 623 581 575 292 634 779 621 271 775 270 282 476
                  610 4050 374 780 474 672 176 372 427 742 170 625 4045 764 734 738 261 290 422
                  746 18 568 585
      RS_AIM1     618 745 530 615 539 768 358 514 362 655 537 540 516 570 628 4075 512 543 27
                  29 36 750 650 324 640 630 22 334 728 740 244 636 246 339 264 314 322 326 658
                  156 332 410 318 132 612 124 662 266 260 670 418 37 432 538 248 573 761 759 4080
                  456 584 4055 749 762 684 760 256 613 14 782 660 4090 330 571 240 682 321 112
                  16 128 611 646 732 680 21 242 710 668 616 622 696 252 722 681 312 250 776 20
                  721 736 578 620 712 673 623 11 575 669 779 621 775 270 282 610 4050 686 718
                  720 780 474 672 724 730 692 733 586 427 742 170 32 4045 376 734 766 738 180
                  743 26 23 665 17 261 286 664 295 685 394 675 422 746 66 284 652 678 587 24 588
      RS_ASF0     618 745 530 615 539 768 358 763 362 655 537 570 4075 752 543 750 244 410 266
                  456 782 571 274 352 581 575 692 4045
      RS_ASF1     618 745 530 615 539 768 358 763 514 362 655 537 540 570 628 4075 752 543 36
                  750 650 324 640 630 22 638 728 740 244 636 246 339 264 322 642 632 635 658 156
                  410 420 662 266 260 418 37 432 573 761 759 584 749 684 14 782 660 4090 240 35
                  280 16 646 732 680 242 710 254 616 622 696 252 722 681 4040 350 352 250 327
                  721 736 578 620 712 673 623 11 581 575 292 779 621 271 633 270 282 476 610 690
                  686 720 672 724 730 692 733 586 427 276 742 741 579 4045 734 766 33 738 743
                  665 286 685 675 746 576 284 568 726 748
      RS_ASM0     745 530 615 539 768 358 655 537 570 628 4075 752 543 244 246 266 670 432 248
                  761 4080 456 584 782 571 240 4040 776 581 575 672 692 579 4045
      RS_ASM1     618 745 530 615 539 768 358 763 514 362 655 537 540 516 570 628 4075 752 512
                  543 27 29 36 750 650 324 640 630 22 638 334 728 740 244 636 246 264 642 632
                  658 156 410 662 266 670 418 37 432 573 761 4080 456 584 749 762 760 14 660 4090
                  682 274 412 611 646 732 680 242 710 668 696 252 722 681 4040 350 352 250 327
                  776 721 736 10 712 11 581 575 292 634 271 775 633 282 476 637 690 718 720 780
                  474 672 724 176 730 692 756 733 372 586 742 741 579 4045 734 766 294 738 743
                  665 261 286 190 685 675 746 66 783 576 652 18 80 490 626
      RS_HWF0     618 745 530 615 539 768 358 763 514 362 655 537 540 516 570 4075 752 512 543
                  27 29 36 750 650 324 640 630 22 310 638 728 740 244 339 264 314 322 642 632
                  326 658 156 332 410 318 132 124 662 266 260 670 418 37 538 248 573 761 759 4080
                  456 584 749 762 760 256 613 782 660 4090 240 35 682 130 321 274 280 112 16 412
                  128 611 646 732 680 242 668 254 616 622 110 252 722 681 350 312 352 250 327
                  776 20 721 736 578 620 10 712 673 623 28 11 581 575 669 292 634 775 270 282
                  476 610 637 4050 690 686 374 720 780 474 672 724 176 692 733 372 586 742 170
                  741 625 32 178 4045 376 734 766 294 738 180 743 23 392 470 665 17 286 664 190
                  685 194 290 675 196 783 284 678 587 80 726 748 585 588
      RS_HWF1     618 745 530 615 539 768 358 763 514 362 655 537 540 516 570 628 4075 752 512
                  543 27 29 36 750 650 324 640 630 22 310 638 334 728 740 244 636 246 339 264
                  314 322 642 632 326 658 156 332 318 132 612 420 662 266 260 670 418 37 432 538
                  248 573 761 759 4080 456 584 4055 749 762 684 760 256 613 14 782 660 4090 330
                  571 240 35 682 130 321 274 280 112 320 16 412 611 646 732 680 21 242 710 668
                  254 616 622 110 696 722 681 350 312 352 250 327 776 20 721 736 578 620 10 712
                  673 623 28 11 581 669 292 634 779 621 271 775 270 282 476 610 637 4050 690 686
                  718 720 780 474 672 724 176 730 692 733 372 586 427 276 742 170 741 579 625
                  32 178 4045 376 764 734 766 33 294 738 180 743 26 23 392 470 151 665 261 286
                  664 190 295 685 290 394 422 196 66 783 576 284 44 34 652 18 678 770 587 568
                  80 688 726 490 585 588
      RS_HWM0     618 745 530 615 539 768 358 763 514 362 655 537 540 516 570 628 4075 752 543
                  27 29 36 750 650 324 640 630 22 310 638 334 728 740 244 636 246 339 264 322
                  642 632 326 635 658 156 332 410 132 124 420 662 266 260 670 418 37 538 248 573
                  761 759 4080 456 584 749 762 684 760 256 613 14 660 4090 240 682 321 280 112
                  320 16 412 128 611 646 732 680 242 668 254 622 110 696 252 722 4040 350 312
                  352 250 776 20 736 578 620 10 712 11 581 575 669 292 634 621 271 775 270 282
                  476 637 4050 690 686 720 474 672 724 730 692 733 586 427 276 742 741 579 4045
                  376 764 734 766 33 294 743 26 470 151 665 261 286 664 190 295 685 290 394 422
                  746 576 284 44 18 678 770 24 568 80 748 588
      RS_HWM1     618 745 530 615 539 768 358 763 514 362 655 537 540 516 570 628 4075 752 512
                  543 27 29 36 750 650 324 640 630 22 310 638 334 728 740 244 246 339 264 314
                  322 642 632 326 635 658 156 332 410 318 132 612 124 662 266 260 670 418 37 538
                  248 573 761 759 4080 456 584 4055 749 762 684 760 613 14 782 660 4090 330 571
                  240 35 682 130 321 274 280 320 16 128 611 646 732 680 21 242 710 668 254 616
                  622 110 696 722 681 4040 350 312 352 250 327 776 20 721 620 10 712 673 623 28
                  11 581 575 669 292 634 779 621 775 633 270 282 476 610 637 4050 690 686 374
                  718 720 780 474 672 724 176 730 692 756 733 372 586 427 276 742 170 579 625
                  32 178 4045 734 766 33 294 738 180 743 26 23 392 470 151 665 17 286 664 190
                  295 685 194 290 394 675 422 196 746 66 783 576 284 44 34 652 678 770 587 24
                  568 688 726 748 490 585 626 588
      RS_HLF0     618 530 615 539 570 575
      RS_HLF1     618 745 530 615 539 763 514 655 628 4075 29 612 124
      RS_HLM0     618 745 655 575
      RS_HLM1     618 530 539 768 628 27 29 4090 4050
      RS_MRF0     618 745 530 615 539 358 763 514 4075 244 248
      RS_MRF1     618 745 615 539 358 763 514 655 540 628 4075 512 27 630 728 246 612 37 571 35
                  736 271 579 295 284
      RS_MRM0     618 745 530 539 516 246 248 571
      RS_MRM1     618 745 615 539 358 362 655 516 628 4075 29 612 248 4080 571 578
      RS_WF1      618 615 539 358 537 628 4075
      RS_WM0      618 358
      RS_WM1      745 530 358 628

   1 WARNING(S) FOUND IN THE INPUT INSTRUCTIONS



Multilevel Bayesian Analysis - is_sped on regses Categories;
Nesting by School Code (Reference: White Female Resources)

SUMMARY OF ANALYSIS

Number of groups                                                 1
Number of observations                                      139601

Number of dependent variables                                    1
Number of independent variables                                 27
Number of continuous latent variables                            0

Observed dependent variables

  Binary and ordered categorical (ordinal)
   IS_SPED

Observed independent variables
   RS_AAF0     RS_AAF1     RS_AAM0     RS_AAM1     RS_AIF0     RS_AIF1
   RS_AIM0     RS_AIM1     RS_ASF0     RS_ASF1     RS_ASM0     RS_ASM1
   RS_HWF0     RS_HWF1     RS_HWM0     RS_HWM1     RS_HLF0     RS_HLF1
   RS_HLM0     RS_HLM1     RS_MRF0     RS_MRF1     RS_MRM0     RS_MRM1
   RS_WF1      RS_WM0      RS_WM1

Variables with special functions

  Cluster variable      SCHL

  Within variables
   RS_AAF0     RS_AAF1     RS_AAM0     RS_AAM1     RS_AIF0     RS_AIF1
   RS_AIM0     RS_AIM1     RS_ASF0     RS_ASF1     RS_ASM0     RS_ASM1
   RS_HWF0     RS_HWF1     RS_HWM0     RS_HWM1     RS_HLF0     RS_HLF1
   RS_HLM0     RS_HLM1     RS_MRF0     RS_MRF1     RS_MRM0     RS_MRM1
   RS_WF1      RS_WM0      RS_WM1


Estimator                                                    BAYES
Specifications for Bayesian Estimation
  Point estimate                                            MEDIAN
  Number of Markov chain Monte Carlo (MCMC) chains               2
  Random seed for the first chain                                0
  Starting value information                           UNPERTURBED
  Algorithm used for Markov chain Monte Carlo           GIBBS(PX1)
  Convergence criterion                                  0.500D-01
  Maximum number of iterations                               50000
  K-th iteration used for thinning                               1
Link                                                        PROBIT

Input data file(s)
  S:\Ibrahim\UConn Spencer Project Analysis Delaware Data\K-12_24.txt
Input data format  FREE


SUMMARY OF DATA

     Number of clusters                        222

       Size (s)    Cluster ID with Size s

          5        618
          9        745
         18        530
         26        615
         42        539
         61        768
         62        358
         63        763
         84        514
         85        362
         86        655
         91        537
        101        540
        120        516
        122        570
        132        628
        145        4075
        172        752
        183        512
        191        543
        192        27
        201        29
        211        36
        232        750
        239        650
        251        324
        257        640
        259        630
        268        22
        272        310
        273        638
        275        334
        294        728
        301        740
        303        244
        315        636
        316        246
        322        339
        324        264
        327        314
        328        322
        329        642
        338        632
        339        326
        340        635 658
        343        156
        346        332
        356        410
        357        318
        358        132
        362        612
        366        124
        368        420
        371        662
        374        266
        375        260
        379        670
        384        418
        387        37
        388        432
        392        538
        394        248
        403        573
        405        761
        408        759
        411        4080
        415        456 584
        416        4055
        419        749
        426        762 684
        427        760
        431        256
        434        613 14
        437        782
        439        660 4090
        442        330
        446        571
        452        240
        454        35
        457        682
        460        130
        461        321
        467        274
        472        280
        476        112
        477        320
        478        16
        479        412 128 611
        481        646
        482        732
        488        680
        490        21
        493        242
        497        710
        503        668
        509        254
        512        616 622
        514        110
        519        696
        528        252 722
        529        681
        533        4040
        535        350 312
        545        352
        547        250
        548        327
        557        776
        559        20
        565        721
        566        736
        567        578
        568        620
        570        10 712
        572        673
        574        623
        577        28
        596        11
        599        581
        601        575
        602        669
        605        292
        606        634
        607        779
        615        621 271 775 633
        617        270
        619        282
        625        476
        633        610
        638        637
        643        4050
        656        690
        664        686
        678        374
        681        718
        682        720
        687        780
        688        474
        689        672
        705        724
        710        176
        714        730
        723        692
        724        756
        732        733
        734        372
        741        586
        743        427
        747        276
        749        742 170
        756        741
        764        579
        786        625
        788        32
        800        178
        805        4045
        807        376
        812        764
        817        734
        833        766
        854        33
        870        294
        875        738
        880        180
        886        743
        902        26
        903        23
        907        392
        908        470
        913        151
        918        665
        927        17
        932        261
        934        286
        939        664
        941        190
        971        295
       1009        685
       1015        194
       1032        290
       1055        394
       1058        675
       1063        422
       1074        196
       1092        746
       1094        66
       1134        783
       1158        576
       1163        284
       1188        44
       1190        34
       1225        652
       1235        18
       1315        678
       1323        770
       1340        390
       1396        587
       1399        24
       1444        568
       1598        80
       1790        688
       1867        648
       1918        726
       2012        748
       2077        490
       2192        585
       2242        626
       3047        588



COVARIANCE COVERAGE OF DATA

Minimum covariance coverage value   0.100

     Number of missing data patterns             1


     PROPORTION OF DATA PRESENT


           Covariance Coverage
              IS_SPED       RS_AAF0       RS_AAF1       RS_AAM0       RS_AAM1
              ________      ________      ________      ________      ________
 IS_SPED        1.000
 RS_AAF0        1.000         1.000
 RS_AAF1        1.000         1.000         1.000
 RS_AAM0        1.000         1.000         1.000         1.000
 RS_AAM1        1.000         1.000         1.000         1.000         1.000
 RS_AIF0        1.000         1.000         1.000         1.000         1.000
 RS_AIF1        1.000         1.000         1.000         1.000         1.000
 RS_AIM0        1.000         1.000         1.000         1.000         1.000
 RS_AIM1        1.000         1.000         1.000         1.000         1.000
 RS_ASF0        1.000         1.000         1.000         1.000         1.000
 RS_ASF1        1.000         1.000         1.000         1.000         1.000
 RS_ASM0        1.000         1.000         1.000         1.000         1.000
 RS_ASM1        1.000         1.000         1.000         1.000         1.000
 RS_HWF0        1.000         1.000         1.000         1.000         1.000
 RS_HWF1        1.000         1.000         1.000         1.000         1.000
 RS_HWM0        1.000         1.000         1.000         1.000         1.000
 RS_HWM1        1.000         1.000         1.000         1.000         1.000
 RS_HLF0        1.000         1.000         1.000         1.000         1.000
 RS_HLF1        1.000         1.000         1.000         1.000         1.000
 RS_HLM0        1.000         1.000         1.000         1.000         1.000
 RS_HLM1        1.000         1.000         1.000         1.000         1.000
 RS_MRF0        1.000         1.000         1.000         1.000         1.000
 RS_MRF1        1.000         1.000         1.000         1.000         1.000
 RS_MRM0        1.000         1.000         1.000         1.000         1.000
 RS_MRM1        1.000         1.000         1.000         1.000         1.000
 RS_WF1         1.000         1.000         1.000         1.000         1.000
 RS_WM0         1.000         1.000         1.000         1.000         1.000
 RS_WM1         1.000         1.000         1.000         1.000         1.000


           Covariance Coverage
              RS_AIF0       RS_AIF1       RS_AIM0       RS_AIM1       RS_ASF0
              ________      ________      ________      ________      ________
 RS_AIF0        1.000
 RS_AIF1        1.000         1.000
 RS_AIM0        1.000         1.000         1.000
 RS_AIM1        1.000         1.000         1.000         1.000
 RS_ASF0        1.000         1.000         1.000         1.000         1.000
 RS_ASF1        1.000         1.000         1.000         1.000         1.000
 RS_ASM0        1.000         1.000         1.000         1.000         1.000
 RS_ASM1        1.000         1.000         1.000         1.000         1.000
 RS_HWF0        1.000         1.000         1.000         1.000         1.000
 RS_HWF1        1.000         1.000         1.000         1.000         1.000
 RS_HWM0        1.000         1.000         1.000         1.000         1.000
 RS_HWM1        1.000         1.000         1.000         1.000         1.000
 RS_HLF0        1.000         1.000         1.000         1.000         1.000
 RS_HLF1        1.000         1.000         1.000         1.000         1.000
 RS_HLM0        1.000         1.000         1.000         1.000         1.000
 RS_HLM1        1.000         1.000         1.000         1.000         1.000
 RS_MRF0        1.000         1.000         1.000         1.000         1.000
 RS_MRF1        1.000         1.000         1.000         1.000         1.000
 RS_MRM0        1.000         1.000         1.000         1.000         1.000
 RS_MRM1        1.000         1.000         1.000         1.000         1.000
 RS_WF1         1.000         1.000         1.000         1.000         1.000
 RS_WM0         1.000         1.000         1.000         1.000         1.000
 RS_WM1         1.000         1.000         1.000         1.000         1.000


           Covariance Coverage
              RS_ASF1       RS_ASM0       RS_ASM1       RS_HWF0       RS_HWF1
              ________      ________      ________      ________      ________
 RS_ASF1        1.000
 RS_ASM0        1.000         1.000
 RS_ASM1        1.000         1.000         1.000
 RS_HWF0        1.000         1.000         1.000         1.000
 RS_HWF1        1.000         1.000         1.000         1.000         1.000
 RS_HWM0        1.000         1.000         1.000         1.000         1.000
 RS_HWM1        1.000         1.000         1.000         1.000         1.000
 RS_HLF0        1.000         1.000         1.000         1.000         1.000
 RS_HLF1        1.000         1.000         1.000         1.000         1.000
 RS_HLM0        1.000         1.000         1.000         1.000         1.000
 RS_HLM1        1.000         1.000         1.000         1.000         1.000
 RS_MRF0        1.000         1.000         1.000         1.000         1.000
 RS_MRF1        1.000         1.000         1.000         1.000         1.000
 RS_MRM0        1.000         1.000         1.000         1.000         1.000
 RS_MRM1        1.000         1.000         1.000         1.000         1.000
 RS_WF1         1.000         1.000         1.000         1.000         1.000
 RS_WM0         1.000         1.000         1.000         1.000         1.000
 RS_WM1         1.000         1.000         1.000         1.000         1.000


           Covariance Coverage
              RS_HWM0       RS_HWM1       RS_HLF0       RS_HLF1       RS_HLM0
              ________      ________      ________      ________      ________
 RS_HWM0        1.000
 RS_HWM1        1.000         1.000
 RS_HLF0        1.000         1.000         1.000
 RS_HLF1        1.000         1.000         1.000         1.000
 RS_HLM0        1.000         1.000         1.000         1.000         1.000
 RS_HLM1        1.000         1.000         1.000         1.000         1.000
 RS_MRF0        1.000         1.000         1.000         1.000         1.000
 RS_MRF1        1.000         1.000         1.000         1.000         1.000
 RS_MRM0        1.000         1.000         1.000         1.000         1.000
 RS_MRM1        1.000         1.000         1.000         1.000         1.000
 RS_WF1         1.000         1.000         1.000         1.000         1.000
 RS_WM0         1.000         1.000         1.000         1.000         1.000
 RS_WM1         1.000         1.000         1.000         1.000         1.000


           Covariance Coverage
              RS_HLM1       RS_MRF0       RS_MRF1       RS_MRM0       RS_MRM1
              ________      ________      ________      ________      ________
 RS_HLM1        1.000
 RS_MRF0        1.000         1.000
 RS_MRF1        1.000         1.000         1.000
 RS_MRM0        1.000         1.000         1.000         1.000
 RS_MRM1        1.000         1.000         1.000         1.000         1.000
 RS_WF1         1.000         1.000         1.000         1.000         1.000
 RS_WM0         1.000         1.000         1.000         1.000         1.000
 RS_WM1         1.000         1.000         1.000         1.000         1.000


           Covariance Coverage
              RS_WF1        RS_WM0        RS_WM1
              ________      ________      ________
 RS_WF1         1.000
 RS_WM0         1.000         1.000
 RS_WM1         1.000         1.000         1.000


UNIVARIATE PROPORTIONS AND COUNTS FOR CATEGORICAL VARIABLES

    IS_SPED
      Category 1    0.829       115683.000
      Category 2    0.171        23918.000



UNIVARIATE SAMPLE STATISTICS


     UNIVARIATE HIGHER-ORDER MOMENT DESCRIPTIVE STATISTICS

         Variable/         Mean/     Skewness/   Minimum/ % with                Percentiles
        Sample Size      Variance    Kurtosis    Maximum  Min/Max      20%/60%    40%/80%    Median

     RS_AAF0               0.086       2.946       0.000   91.37%       0.000      0.000      0.000
          139601.000       0.079       6.678       1.000    8.63%       0.000      0.000
     RS_AAF1               0.064       3.555       0.000   93.58%       0.000      0.000      0.000
          139601.000       0.060      10.640       1.000    6.42%       0.000      0.000
     RS_AAM0               0.091       2.840       0.000   90.88%       0.000      0.000      0.000
          139601.000       0.083       6.064       1.000    9.12%       0.000      0.000
     RS_AAM1               0.066       3.503       0.000   93.42%       0.000      0.000      0.000
          139601.000       0.061      10.269       1.000    6.58%       0.000      0.000
     RS_AIF0               0.001      26.839       0.000   99.86%       0.000      0.000      0.000
          139601.000       0.001     718.323       1.000    0.14%       0.000      0.000
     RS_AIF1               0.001      40.975       0.000   99.94%       0.000      0.000      0.000
          139601.000       0.001    1676.940       1.000    0.06%       0.000      0.000
     RS_AIM0               0.001      26.429       0.000   99.86%       0.000      0.000      0.000
          139601.000       0.001     696.514       1.000    0.14%       0.000      0.000
     RS_AIM1               0.001      41.479       0.000   99.94%       0.000      0.000      0.000
          139601.000       0.001    1718.470       1.000    0.06%       0.000      0.000
     RS_ASF0               0.019       6.969       0.000   98.06%       0.000      0.000      0.000
          139601.000       0.019      46.571       1.000    1.94%       0.000      0.000
     RS_ASF1               0.002      24.630       0.000   99.84%       0.000      0.000      0.000
          139601.000       0.002     604.613       1.000    0.16%       0.000      0.000
     RS_ASM0               0.022       6.589       0.000   97.84%       0.000      0.000      0.000
          139601.000       0.021      41.417       1.000    2.16%       0.000      0.000
     RS_ASM1               0.002      24.157       0.000   99.83%       0.000      0.000      0.000
          139601.000       0.002     581.561       1.000    0.17%       0.000      0.000
     RS_HWF0               0.000      45.276       0.000   99.95%       0.000      0.000      0.000
          139601.000       0.000    2047.956       1.000    0.05%       0.000      0.000
     RS_HWF1               0.000      73.255       0.000   99.98%       0.000      0.000      0.000
          139601.000       0.000    5364.269       1.000    0.02%       0.000      0.000
     RS_HWM0               0.001      44.624       0.000   99.95%       0.000      0.000      0.000
          139601.000       0.001    1989.301       1.000    0.05%       0.000      0.000
     RS_HWM1               0.000      83.529       0.000   99.99%       0.000      0.000      0.000
          139601.000       0.000    6975.050       1.000    0.01%       0.000      0.000
     RS_HLF0               0.069       3.389       0.000   93.06%       0.000      0.000      0.000
          139601.000       0.065       9.486       1.000    6.94%       0.000      0.000
     RS_HLF1               0.028       5.708       0.000   97.19%       0.000      0.000      0.000
          139601.000       0.027      30.578       1.000    2.81%       0.000      0.000
     RS_HLM0               0.071       3.340       0.000   92.90%       0.000      0.000      0.000
          139601.000       0.066       9.158       1.000    7.10%       0.000      0.000
     RS_HLM1               0.028       5.737       0.000   97.21%       0.000      0.000      0.000
          139601.000       0.027      30.916       1.000    2.79%       0.000      0.000
     RS_MRF0               0.018       7.314       0.000   98.23%       0.000      0.000      0.000
          139601.000       0.017      51.491       1.000    1.77%       0.000      0.000
     RS_MRF1               0.010      10.032       0.000   99.04%       0.000      0.000      0.000
          139601.000       0.010      98.648       1.000    0.96%       0.000      0.000
     RS_MRM0               0.018       7.217       0.000   98.18%       0.000      0.000      0.000
          139601.000       0.018      50.088       1.000    1.82%       0.000      0.000
     RS_MRM1               0.009      10.303       0.000   99.08%       0.000      0.000      0.000
          139601.000       0.009     104.158       1.000    0.92%       0.000      0.000
     RS_WF1                0.030       5.473       0.000   96.96%       0.000      0.000      0.000
          139601.000       0.029      27.948       1.000    3.04%       0.000      0.000
     RS_WM0                0.170       1.758       0.000   83.01%       0.000      0.000      0.000
          139601.000       0.141       1.091       1.000   16.99%       0.000      0.000
     RS_WM1                0.033       5.237       0.000   96.71%       0.000      0.000      0.000
          139601.000       0.032      25.422       1.000    3.29%       0.000      0.000


THE MODEL ESTIMATION TERMINATED NORMALLY

     USE THE FBITERATIONS OPTION TO INCREASE THE NUMBER OF ITERATIONS BY A FACTOR
     OF AT LEAST TWO TO CHECK CONVERGENCE AND THAT THE PSR VALUE DOES NOT INCREASE.



MODEL FIT INFORMATION

Number of Free Parameters                              29

Bayesian Posterior Predictive Checking using Chi-Square

          95% Confidence Interval for the Difference Between
          the Observed and the Replicated Chi-Square Values

                                -19.658            19.933

          Posterior Predictive P-Value              0.495



MODEL RESULTS

                                Posterior  One-Tailed         95% C.I.
                    Estimate       S.D.      P-Value   Lower 2.5%  Upper 2.5%  Significance

Within Level

 IS_SPED    ON
    RS_AAF0            0.090       0.019      0.000       0.055       0.128      *
    RS_AAF1            0.277       0.020      0.000       0.238       0.316      *
    RS_AAM0            0.452       0.017      0.000       0.419       0.485      *
    RS_AAM1            0.629       0.018      0.000       0.592       0.666      *
    RS_AIF0            0.028       0.121      0.410      -0.202       0.272
    RS_AIF1            0.220       0.170      0.098      -0.131       0.535
    RS_AIM0            0.408       0.103      0.000       0.195       0.599      *
    RS_AIM1            0.533       0.152      0.000       0.242       0.841      *
    RS_ASF0           -0.550       0.048      0.000      -0.649      -0.458      *
    RS_ASF1           -0.413       0.136      0.002      -0.685      -0.149      *
    RS_ASM0           -0.090       0.033      0.003      -0.154      -0.026      *
    RS_ASM1            0.108       0.101      0.144      -0.090       0.308
    RS_HWF0            0.311       0.188      0.058      -0.065       0.652
    RS_HWF1           -0.594       0.512      0.093      -1.749       0.249
    RS_HWM0            0.049       0.196      0.387      -0.354       0.429
    RS_HWM1            0.407       0.328      0.107      -0.277       1.049
    RS_HLF0           -0.059       0.021      0.004      -0.098      -0.018      *
    RS_HLF1            0.163       0.028      0.000       0.107       0.214      *
    RS_HLM0            0.250       0.019      0.000       0.213       0.287      *
    RS_HLM1            0.513       0.024      0.000       0.468       0.561      *
    RS_MRF0           -0.032       0.035      0.188      -0.101       0.037
    RS_MRF1            0.193       0.045      0.000       0.094       0.279      *
    RS_MRM0            0.315       0.032      0.000       0.250       0.380      *
    RS_MRM1            0.649       0.039      0.000       0.571       0.726      *
    RS_WF1             0.395       0.024      0.000       0.347       0.443      *
    RS_WM0             0.318       0.015      0.000       0.288       0.346      *
    RS_WM1             0.693       0.022      0.000       0.649       0.735      *

Between Level

 Thresholds
    IS_SPED$1          1.184       0.030      0.000       1.125       1.241      *

 Variances
    IS_SPED            0.166       0.020      0.000       0.134       0.210      *


STANDARDIZED MODEL RESULTS


STDYX Standardization

                                Posterior  One-Tailed         95% C.I.
                    Estimate       S.D.      P-Value   Lower 2.5%  Upper 2.5%  Significance
Within Level

 IS_SPED    ON
    RS_AAF0            0.025       0.005      0.000       0.015       0.035      *
    RS_AAF1            0.066       0.005      0.000       0.057       0.075      *
    RS_AAM0            0.126       0.005      0.000       0.117       0.135      *
    RS_AAM1            0.151       0.004      0.000       0.143       0.160      *
    RS_AIF0            0.001       0.004      0.410      -0.007       0.010
    RS_AIF1            0.005       0.004      0.098      -0.003       0.013
    RS_AIM0            0.015       0.004      0.000       0.007       0.022      *
    RS_AIM1            0.012       0.004      0.000       0.006       0.020      *
    RS_ASF0           -0.074       0.006      0.000      -0.087      -0.061      *
    RS_ASF1           -0.016       0.005      0.002      -0.027      -0.006      *
    RS_ASM0           -0.013       0.005      0.003      -0.022      -0.004      *
    RS_ASM1            0.004       0.004      0.144      -0.004       0.012
    RS_HWF0            0.007       0.004      0.058      -0.001       0.014
    RS_HWF1           -0.008       0.007      0.093      -0.023       0.003
    RS_HWM0            0.001       0.004      0.387      -0.008       0.009
    RS_HWM1            0.005       0.004      0.107      -0.003       0.012
    RS_HLF0           -0.014       0.005      0.004      -0.024      -0.004      *
    RS_HLF1            0.026       0.005      0.000       0.017       0.034      *
    RS_HLM0            0.062       0.005      0.000       0.053       0.071      *
    RS_HLM1            0.082       0.004      0.000       0.075       0.090      *
    RS_MRF0           -0.004       0.005      0.188      -0.013       0.005
    RS_MRF1            0.018       0.004      0.000       0.009       0.027      *
    RS_MRM0            0.041       0.004      0.000       0.032       0.049      *
    RS_MRM1            0.060       0.004      0.000       0.053       0.067      *
    RS_WF1             0.066       0.004      0.000       0.058       0.074      *
    RS_WM0             0.116       0.005      0.000       0.105       0.126      *
    RS_WM1             0.120       0.004      0.000       0.112       0.127      *

Between Level

 Thresholds
    IS_SPED$1          2.901       0.184      0.000       2.550       3.245      *

 Variances
    IS_SPED            1.000       0.000      0.000       1.000       1.000


STDY Standardization

                                Posterior  One-Tailed         95% C.I.
                    Estimate       S.D.      P-Value   Lower 2.5%  Upper 2.5%  Significance
Within Level

 IS_SPED    ON
    RS_AAF0            0.087       0.018      0.000       0.053       0.124      *
    RS_AAF1            0.269       0.019      0.000       0.231       0.306      *
    RS_AAM0            0.439       0.016      0.000       0.407       0.470      *
    RS_AAM1            0.611       0.017      0.000       0.575       0.646      *
    RS_AIF0            0.027       0.117      0.410      -0.195       0.264
    RS_AIF1            0.214       0.165      0.098      -0.127       0.519
    RS_AIM0            0.396       0.100      0.000       0.189       0.580      *
    RS_AIM1            0.517       0.148      0.000       0.235       0.817      *
    RS_ASF0           -0.534       0.046      0.000      -0.630      -0.445      *
    RS_ASF1           -0.401       0.132      0.002      -0.664      -0.145      *
    RS_ASM0           -0.087       0.032      0.003      -0.149      -0.025      *
    RS_ASM1            0.105       0.098      0.144      -0.088       0.299
    RS_HWF0            0.301       0.182      0.058      -0.063       0.633
    RS_HWF1           -0.578       0.497      0.093      -1.697       0.242
    RS_HWM0            0.048       0.191      0.387      -0.343       0.417
    RS_HWM1            0.395       0.319      0.107      -0.269       1.018
    RS_HLF0           -0.057       0.020      0.004      -0.095      -0.017      *
    RS_HLF1            0.158       0.027      0.000       0.104       0.208      *
    RS_HLM0            0.243       0.019      0.000       0.207       0.278      *
    RS_HLM1            0.498       0.024      0.000       0.454       0.544      *
    RS_MRF0           -0.031       0.034      0.188      -0.098       0.036
    RS_MRF1            0.187       0.044      0.000       0.091       0.271      *
    RS_MRM0            0.305       0.032      0.000       0.242       0.369      *
    RS_MRM1            0.630       0.038      0.000       0.555       0.704      *
    RS_WF1             0.383       0.024      0.000       0.337       0.430      *
    RS_WM0             0.309       0.014      0.000       0.280       0.336      *
    RS_WM1             0.673       0.021      0.000       0.630       0.712      *

Between Level

 Thresholds
    IS_SPED$1          2.901       0.184      0.000       2.550       3.245      *

 Variances
    IS_SPED            1.000       0.000      0.000       1.000       1.000


STD Standardization

                                Posterior  One-Tailed         95% C.I.
                    Estimate       S.D.      P-Value   Lower 2.5%  Upper 2.5%  Significance
Within Level

 IS_SPED    ON
    RS_AAF0            0.090       0.019      0.000       0.055       0.128      *
    RS_AAF1            0.277       0.020      0.000       0.238       0.316      *
    RS_AAM0            0.452       0.017      0.000       0.419       0.485      *
    RS_AAM1            0.629       0.018      0.000       0.592       0.666      *
    RS_AIF0            0.028       0.121      0.410      -0.202       0.272
    RS_AIF1            0.220       0.170      0.098      -0.131       0.535
    RS_AIM0            0.408       0.103      0.000       0.195       0.599      *
    RS_AIM1            0.533       0.152      0.000       0.242       0.841      *
    RS_ASF0           -0.550       0.048      0.000      -0.649      -0.458      *
    RS_ASF1           -0.413       0.136      0.002      -0.685      -0.149      *
    RS_ASM0           -0.090       0.033      0.003      -0.154      -0.026      *
    RS_ASM1            0.108       0.101      0.144      -0.090       0.308
    RS_HWF0            0.311       0.188      0.058      -0.065       0.652
    RS_HWF1           -0.594       0.512      0.093      -1.749       0.249
    RS_HWM0            0.049       0.196      0.387      -0.354       0.429
    RS_HWM1            0.407       0.328      0.107      -0.277       1.049
    RS_HLF0           -0.059       0.021      0.004      -0.098      -0.018      *
    RS_HLF1            0.163       0.028      0.000       0.107       0.214      *
    RS_HLM0            0.250       0.019      0.000       0.213       0.287      *
    RS_HLM1            0.513       0.024      0.000       0.468       0.561      *
    RS_MRF0           -0.032       0.035      0.188      -0.101       0.037
    RS_MRF1            0.193       0.045      0.000       0.094       0.279      *
    RS_MRM0            0.315       0.032      0.000       0.250       0.380      *
    RS_MRM1            0.649       0.039      0.000       0.571       0.726      *
    RS_WF1             0.395       0.024      0.000       0.347       0.443      *
    RS_WM0             0.318       0.015      0.000       0.288       0.346      *
    RS_WM1             0.693       0.022      0.000       0.649       0.735      *

Between Level

 Thresholds
    IS_SPED$1          1.184       0.030      0.000       1.125       1.241      *

 Variances
    IS_SPED            0.166       0.020      0.000       0.134       0.210      *


R-SQUARE

Within Level

                                Posterior  One-Tailed         95% C.I.
    Variable        Estimate       S.D.      P-Value   Lower 2.5%  Upper 2.5%

    IS_SPED            0.058       0.002      0.000       0.054       0.062


TECHNICAL 1 OUTPUT


     PARAMETER SPECIFICATION FOR WITHIN


           TAU
              IS_SPED$
              ________
                    0


           NU
              IS_SPED       RS_AAF0       RS_AAF1       RS_AAM0       RS_AAM1
              ________      ________      ________      ________      ________
                    0             0             0             0             0


           NU
              RS_AIF0       RS_AIF1       RS_AIM0       RS_AIM1       RS_ASF0
              ________      ________      ________      ________      ________
                    0             0             0             0             0


           NU
              RS_ASF1       RS_ASM0       RS_ASM1       RS_HWF0       RS_HWF1
              ________      ________      ________      ________      ________
                    0             0             0             0             0


           NU
              RS_HWM0       RS_HWM1       RS_HLF0       RS_HLF1       RS_HLM0
              ________      ________      ________      ________      ________
                    0             0             0             0             0


           NU
              RS_HLM1       RS_MRF0       RS_MRF1       RS_MRM0       RS_MRM1
              ________      ________      ________      ________      ________
                    0             0             0             0             0


           NU
              RS_WF1        RS_WM0        RS_WM1
              ________      ________      ________
                    0             0             0


           LAMBDA
              IS_SPED       RS_AAF0       RS_AAF1       RS_AAM0       RS_AAM1
              ________      ________      ________      ________      ________
 IS_SPED            0             0             0             0             0
 RS_AAF0            0             0             0             0             0
 RS_AAF1            0             0             0             0             0
 RS_AAM0            0             0             0             0             0
 RS_AAM1            0             0             0             0             0
 RS_AIF0            0             0             0             0             0
 RS_AIF1            0             0             0             0             0
 RS_AIM0            0             0             0             0             0
 RS_AIM1            0             0             0             0             0
 RS_ASF0            0             0             0             0             0
 RS_ASF1            0             0             0             0             0
 RS_ASM0            0             0             0             0             0
 RS_ASM1            0             0             0             0             0
 RS_HWF0            0             0             0             0             0
 RS_HWF1            0             0             0             0             0
 RS_HWM0            0             0             0             0             0
 RS_HWM1            0             0             0             0             0
 RS_HLF0            0             0             0             0             0
 RS_HLF1            0             0             0             0             0
 RS_HLM0            0             0             0             0             0
 RS_HLM1            0             0             0             0             0
 RS_MRF0            0             0             0             0             0
 RS_MRF1            0             0             0             0             0
 RS_MRM0            0             0             0             0             0
 RS_MRM1            0             0             0             0             0
 RS_WF1             0             0             0             0             0
 RS_WM0             0             0             0             0             0
 RS_WM1             0             0             0             0             0


           LAMBDA
              RS_AIF0       RS_AIF1       RS_AIM0       RS_AIM1       RS_ASF0
              ________      ________      ________      ________      ________
 IS_SPED            0             0             0             0             0
 RS_AAF0            0             0             0             0             0
 RS_AAF1            0             0             0             0             0
 RS_AAM0            0             0             0             0             0
 RS_AAM1            0             0             0             0             0
 RS_AIF0            0             0             0             0             0
 RS_AIF1            0             0             0             0             0
 RS_AIM0            0             0             0             0             0
 RS_AIM1            0             0             0             0             0
 RS_ASF0            0             0             0             0             0
 RS_ASF1            0             0             0             0             0
 RS_ASM0            0             0             0             0             0
 RS_ASM1            0             0             0             0             0
 RS_HWF0            0             0             0             0             0
 RS_HWF1            0             0             0             0             0
 RS_HWM0            0             0             0             0             0
 RS_HWM1            0             0             0             0             0
 RS_HLF0            0             0             0             0             0
 RS_HLF1            0             0             0             0             0
 RS_HLM0            0             0             0             0             0
 RS_HLM1            0             0             0             0             0
 RS_MRF0            0             0             0             0             0
 RS_MRF1            0             0             0             0             0
 RS_MRM0            0             0             0             0             0
 RS_MRM1            0             0             0             0             0
 RS_WF1             0             0             0             0             0
 RS_WM0             0             0             0             0             0
 RS_WM1             0             0             0             0             0


           LAMBDA
              RS_ASF1       RS_ASM0       RS_ASM1       RS_HWF0       RS_HWF1
              ________      ________      ________      ________      ________
 IS_SPED            0             0             0             0             0
 RS_AAF0            0             0             0             0             0
 RS_AAF1            0             0             0             0             0
 RS_AAM0            0             0             0             0             0
 RS_AAM1            0             0             0             0             0
 RS_AIF0            0             0             0             0             0
 RS_AIF1            0             0             0             0             0
 RS_AIM0            0             0             0             0             0
 RS_AIM1            0             0             0             0             0
 RS_ASF0            0             0             0             0             0
 RS_ASF1            0             0             0             0             0
 RS_ASM0            0             0             0             0             0
 RS_ASM1            0             0             0             0             0
 RS_HWF0            0             0             0             0             0
 RS_HWF1            0             0             0             0             0
 RS_HWM0            0             0             0             0             0
 RS_HWM1            0             0             0             0             0
 RS_HLF0            0             0             0             0             0
 RS_HLF1            0             0             0             0             0
 RS_HLM0            0             0             0             0             0
 RS_HLM1            0             0             0             0             0
 RS_MRF0            0             0             0             0             0
 RS_MRF1            0             0             0             0             0
 RS_MRM0            0             0             0             0             0
 RS_MRM1            0             0             0             0             0
 RS_WF1             0             0             0             0             0
 RS_WM0             0             0             0             0             0
 RS_WM1             0             0             0             0             0


           LAMBDA
              RS_HWM0       RS_HWM1       RS_HLF0       RS_HLF1       RS_HLM0
              ________      ________      ________      ________      ________
 IS_SPED            0             0             0             0             0
 RS_AAF0            0             0             0             0             0
 RS_AAF1            0             0             0             0             0
 RS_AAM0            0             0             0             0             0
 RS_AAM1            0             0             0             0             0
 RS_AIF0            0             0             0             0             0
 RS_AIF1            0             0             0             0             0
 RS_AIM0            0             0             0             0             0
 RS_AIM1            0             0             0             0             0
 RS_ASF0            0             0             0             0             0
 RS_ASF1            0             0             0             0             0
 RS_ASM0            0             0             0             0             0
 RS_ASM1            0             0             0             0             0
 RS_HWF0            0             0             0             0             0
 RS_HWF1            0             0             0             0             0
 RS_HWM0            0             0             0             0             0
 RS_HWM1            0             0             0             0             0
 RS_HLF0            0             0             0             0             0
 RS_HLF1            0             0             0             0             0
 RS_HLM0            0             0             0             0             0
 RS_HLM1            0             0             0             0             0
 RS_MRF0            0             0             0             0             0
 RS_MRF1            0             0             0             0             0
 RS_MRM0            0             0             0             0             0
 RS_MRM1            0             0             0             0             0
 RS_WF1             0             0             0             0             0
 RS_WM0             0             0             0             0             0
 RS_WM1             0             0             0             0             0


           LAMBDA
              RS_HLM1       RS_MRF0       RS_MRF1       RS_MRM0       RS_MRM1
              ________      ________      ________      ________      ________
 IS_SPED            0             0             0             0             0
 RS_AAF0            0             0             0             0             0
 RS_AAF1            0             0             0             0             0
 RS_AAM0            0             0             0             0             0
 RS_AAM1            0             0             0             0             0
 RS_AIF0            0             0             0             0             0
 RS_AIF1            0             0             0             0             0
 RS_AIM0            0             0             0             0             0
 RS_AIM1            0             0             0             0             0
 RS_ASF0            0             0             0             0             0
 RS_ASF1            0             0             0             0             0
 RS_ASM0            0             0             0             0             0
 RS_ASM1            0             0             0             0             0
 RS_HWF0            0             0             0             0             0
 RS_HWF1            0             0             0             0             0
 RS_HWM0            0             0             0             0             0
 RS_HWM1            0             0             0             0             0
 RS_HLF0            0             0             0             0             0
 RS_HLF1            0             0             0             0             0
 RS_HLM0            0             0             0             0             0
 RS_HLM1            0             0             0             0             0
 RS_MRF0            0             0             0             0             0
 RS_MRF1            0             0             0             0             0
 RS_MRM0            0             0             0             0             0
 RS_MRM1            0             0             0             0             0
 RS_WF1             0             0             0             0             0
 RS_WM0             0             0             0             0             0
 RS_WM1             0             0             0             0             0


           LAMBDA
              RS_WF1        RS_WM0        RS_WM1
              ________      ________      ________
 IS_SPED            0             0             0
 RS_AAF0            0             0             0
 RS_AAF1            0             0             0
 RS_AAM0            0             0             0
 RS_AAM1            0             0             0
 RS_AIF0            0             0             0
 RS_AIF1            0             0             0
 RS_AIM0            0             0             0
 RS_AIM1            0             0             0
 RS_ASF0            0             0             0
 RS_ASF1            0             0             0
 RS_ASM0            0             0             0
 RS_ASM1            0             0             0
 RS_HWF0            0             0             0
 RS_HWF1            0             0             0
 RS_HWM0            0             0             0
 RS_HWM1            0             0             0
 RS_HLF0            0             0             0
 RS_HLF1            0             0             0
 RS_HLM0            0             0             0
 RS_HLM1            0             0             0
 RS_MRF0            0             0             0
 RS_MRF1            0             0             0
 RS_MRM0            0             0             0
 RS_MRM1            0             0             0
 RS_WF1             0             0             0
 RS_WM0             0             0             0
 RS_WM1             0             0             0


           THETA
              IS_SPED       RS_AAF0       RS_AAF1       RS_AAM0       RS_AAM1
              ________      ________      ________      ________      ________
 IS_SPED            0
 RS_AAF0            0             0
 RS_AAF1            0             0             0
 RS_AAM0            0             0             0             0
 RS_AAM1            0             0             0             0             0
 RS_AIF0            0             0             0             0             0
 RS_AIF1            0             0             0             0             0
 RS_AIM0            0             0             0             0             0
 RS_AIM1            0             0             0             0             0
 RS_ASF0            0             0             0             0             0
 RS_ASF1            0             0             0             0             0
 RS_ASM0            0             0             0             0             0
 RS_ASM1            0             0             0             0             0
 RS_HWF0            0             0             0             0             0
 RS_HWF1            0             0             0             0             0
 RS_HWM0            0             0             0             0             0
 RS_HWM1            0             0             0             0             0
 RS_HLF0            0             0             0             0             0
 RS_HLF1            0             0             0             0             0
 RS_HLM0            0             0             0             0             0
 RS_HLM1            0             0             0             0             0
 RS_MRF0            0             0             0             0             0
 RS_MRF1            0             0             0             0             0
 RS_MRM0            0             0             0             0             0
 RS_MRM1            0             0             0             0             0
 RS_WF1             0             0             0             0             0
 RS_WM0             0             0             0             0             0
 RS_WM1             0             0             0             0             0


           THETA
              RS_AIF0       RS_AIF1       RS_AIM0       RS_AIM1       RS_ASF0
              ________      ________      ________      ________      ________
 RS_AIF0            0
 RS_AIF1            0             0
 RS_AIM0            0             0             0
 RS_AIM1            0             0             0             0
 RS_ASF0            0             0             0             0             0
 RS_ASF1            0             0             0             0             0
 RS_ASM0            0             0             0             0             0
 RS_ASM1            0             0             0             0             0
 RS_HWF0            0             0             0             0             0
 RS_HWF1            0             0             0             0             0
 RS_HWM0            0             0             0             0             0
 RS_HWM1            0             0             0             0             0
 RS_HLF0            0             0             0             0             0
 RS_HLF1            0             0             0             0             0
 RS_HLM0            0             0             0             0             0
 RS_HLM1            0             0             0             0             0
 RS_MRF0            0             0             0             0             0
 RS_MRF1            0             0             0             0             0
 RS_MRM0            0             0             0             0             0
 RS_MRM1            0             0             0             0             0
 RS_WF1             0             0             0             0             0
 RS_WM0             0             0             0             0             0
 RS_WM1             0             0             0             0             0


           THETA
              RS_ASF1       RS_ASM0       RS_ASM1       RS_HWF0       RS_HWF1
              ________      ________      ________      ________      ________
 RS_ASF1            0
 RS_ASM0            0             0
 RS_ASM1            0             0             0
 RS_HWF0            0             0             0             0
 RS_HWF1            0             0             0             0             0
 RS_HWM0            0             0             0             0             0
 RS_HWM1            0             0             0             0             0
 RS_HLF0            0             0             0             0             0
 RS_HLF1            0             0             0             0             0
 RS_HLM0            0             0             0             0             0
 RS_HLM1            0             0             0             0             0
 RS_MRF0            0             0             0             0             0
 RS_MRF1            0             0             0             0             0
 RS_MRM0            0             0             0             0             0
 RS_MRM1            0             0             0             0             0
 RS_WF1             0             0             0             0             0
 RS_WM0             0             0             0             0             0
 RS_WM1             0             0             0             0             0


           THETA
              RS_HWM0       RS_HWM1       RS_HLF0       RS_HLF1       RS_HLM0
              ________      ________      ________      ________      ________
 RS_HWM0            0
 RS_HWM1            0             0
 RS_HLF0            0             0             0
 RS_HLF1            0             0             0             0
 RS_HLM0            0             0             0             0             0
 RS_HLM1            0             0             0             0             0
 RS_MRF0            0             0             0             0             0
 RS_MRF1            0             0             0             0             0
 RS_MRM0            0             0             0             0             0
 RS_MRM1            0             0             0             0             0
 RS_WF1             0             0             0             0             0
 RS_WM0             0             0             0             0             0
 RS_WM1             0             0             0             0             0


           THETA
              RS_HLM1       RS_MRF0       RS_MRF1       RS_MRM0       RS_MRM1
              ________      ________      ________      ________      ________
 RS_HLM1            0
 RS_MRF0            0             0
 RS_MRF1            0             0             0
 RS_MRM0            0             0             0             0
 RS_MRM1            0             0             0             0             0
 RS_WF1             0             0             0             0             0
 RS_WM0             0             0             0             0             0
 RS_WM1             0             0             0             0             0


           THETA
              RS_WF1        RS_WM0        RS_WM1
              ________      ________      ________
 RS_WF1             0
 RS_WM0             0             0
 RS_WM1             0             0             0


           ALPHA
              IS_SPED       RS_AAF0       RS_AAF1       RS_AAM0       RS_AAM1
              ________      ________      ________      ________      ________
                    0             0             0             0             0


           ALPHA
              RS_AIF0       RS_AIF1       RS_AIM0       RS_AIM1       RS_ASF0
              ________      ________      ________      ________      ________
                    0             0             0             0             0


           ALPHA
              RS_ASF1       RS_ASM0       RS_ASM1       RS_HWF0       RS_HWF1
              ________      ________      ________      ________      ________
                    0             0             0             0             0


           ALPHA
              RS_HWM0       RS_HWM1       RS_HLF0       RS_HLF1       RS_HLM0
              ________      ________      ________      ________      ________
                    0             0             0             0             0


           ALPHA
              RS_HLM1       RS_MRF0       RS_MRF1       RS_MRM0       RS_MRM1
              ________      ________      ________      ________      ________
                    0             0             0             0             0


           ALPHA
              RS_WF1        RS_WM0        RS_WM1
              ________      ________      ________
                    0             0             0


           BETA
              IS_SPED       RS_AAF0       RS_AAF1       RS_AAM0       RS_AAM1
              ________      ________      ________      ________      ________
 IS_SPED            0             1             2             3             4
 RS_AAF0            0             0             0             0             0
 RS_AAF1            0             0             0             0             0
 RS_AAM0            0             0             0             0             0
 RS_AAM1            0             0             0             0             0
 RS_AIF0            0             0             0             0             0
 RS_AIF1            0             0             0             0             0
 RS_AIM0            0             0             0             0             0
 RS_AIM1            0             0             0             0             0
 RS_ASF0            0             0             0             0             0
 RS_ASF1            0             0             0             0             0
 RS_ASM0            0             0             0             0             0
 RS_ASM1            0             0             0             0             0
 RS_HWF0            0             0             0             0             0
 RS_HWF1            0             0             0             0             0
 RS_HWM0            0             0             0             0             0
 RS_HWM1            0             0             0             0             0
 RS_HLF0            0             0             0             0             0
 RS_HLF1            0             0             0             0             0
 RS_HLM0            0             0             0             0             0
 RS_HLM1            0             0             0             0             0
 RS_MRF0            0             0             0             0             0
 RS_MRF1            0             0             0             0             0
 RS_MRM0            0             0             0             0             0
 RS_MRM1            0             0             0             0             0
 RS_WF1             0             0             0             0             0
 RS_WM0             0             0             0             0             0
 RS_WM1             0             0             0             0             0


           BETA
              RS_AIF0       RS_AIF1       RS_AIM0       RS_AIM1       RS_ASF0
              ________      ________      ________      ________      ________
 IS_SPED            5             6             7             8             9
 RS_AAF0            0             0             0             0             0
 RS_AAF1            0             0             0             0             0
 RS_AAM0            0             0             0             0             0
 RS_AAM1            0             0             0             0             0
 RS_AIF0            0             0             0             0             0
 RS_AIF1            0             0             0             0             0
 RS_AIM0            0             0             0             0             0
 RS_AIM1            0             0             0             0             0
 RS_ASF0            0             0             0             0             0
 RS_ASF1            0             0             0             0             0
 RS_ASM0            0             0             0             0             0
 RS_ASM1            0             0             0             0             0
 RS_HWF0            0             0             0             0             0
 RS_HWF1            0             0             0             0             0
 RS_HWM0            0             0             0             0             0
 RS_HWM1            0             0             0             0             0
 RS_HLF0            0             0             0             0             0
 RS_HLF1            0             0             0             0             0
 RS_HLM0            0             0             0             0             0
 RS_HLM1            0             0             0             0             0
 RS_MRF0            0             0             0             0             0
 RS_MRF1            0             0             0             0             0
 RS_MRM0            0             0             0             0             0
 RS_MRM1            0             0             0             0             0
 RS_WF1             0             0             0             0             0
 RS_WM0             0             0             0             0             0
 RS_WM1             0             0             0             0             0


           BETA
              RS_ASF1       RS_ASM0       RS_ASM1       RS_HWF0       RS_HWF1
              ________      ________      ________      ________      ________
 IS_SPED           10            11            12            13            14
 RS_AAF0            0             0             0             0             0
 RS_AAF1            0             0             0             0             0
 RS_AAM0            0             0             0             0             0
 RS_AAM1            0             0             0             0             0
 RS_AIF0            0             0             0             0             0
 RS_AIF1            0             0             0             0             0
 RS_AIM0            0             0             0             0             0
 RS_AIM1            0             0             0             0             0
 RS_ASF0            0             0             0             0             0
 RS_ASF1            0             0             0             0             0
 RS_ASM0            0             0             0             0             0
 RS_ASM1            0             0             0             0             0
 RS_HWF0            0             0             0             0             0
 RS_HWF1            0             0             0             0             0
 RS_HWM0            0             0             0             0             0
 RS_HWM1            0             0             0             0             0
 RS_HLF0            0             0             0             0             0
 RS_HLF1            0             0             0             0             0
 RS_HLM0            0             0             0             0             0
 RS_HLM1            0             0             0             0             0
 RS_MRF0            0             0             0             0             0
 RS_MRF1            0             0             0             0             0
 RS_MRM0            0             0             0             0             0
 RS_MRM1            0             0             0             0             0
 RS_WF1             0             0             0             0             0
 RS_WM0             0             0             0             0             0
 RS_WM1             0             0             0             0             0


           BETA
              RS_HWM0       RS_HWM1       RS_HLF0       RS_HLF1       RS_HLM0
              ________      ________      ________      ________      ________
 IS_SPED           15            16            17            18            19
 RS_AAF0            0             0             0             0             0
 RS_AAF1            0             0             0             0             0
 RS_AAM0            0             0             0             0             0
 RS_AAM1            0             0             0             0             0
 RS_AIF0            0             0             0             0             0
 RS_AIF1            0             0             0             0             0
 RS_AIM0            0             0             0             0             0
 RS_AIM1            0             0             0             0             0
 RS_ASF0            0             0             0             0             0
 RS_ASF1            0             0             0             0             0
 RS_ASM0            0             0             0             0             0
 RS_ASM1            0             0             0             0             0
 RS_HWF0            0             0             0             0             0
 RS_HWF1            0             0             0             0             0
 RS_HWM0            0             0             0             0             0
 RS_HWM1            0             0             0             0             0
 RS_HLF0            0             0             0             0             0
 RS_HLF1            0             0             0             0             0
 RS_HLM0            0             0             0             0             0
 RS_HLM1            0             0             0             0             0
 RS_MRF0            0             0             0             0             0
 RS_MRF1            0             0             0             0             0
 RS_MRM0            0             0             0             0             0
 RS_MRM1            0             0             0             0             0
 RS_WF1             0             0             0             0             0
 RS_WM0             0             0             0             0             0
 RS_WM1             0             0             0             0             0


           BETA
              RS_HLM1       RS_MRF0       RS_MRF1       RS_MRM0       RS_MRM1
              ________      ________      ________      ________      ________
 IS_SPED           20            21            22            23            24
 RS_AAF0            0             0             0             0             0
 RS_AAF1            0             0             0             0             0
 RS_AAM0            0             0             0             0             0
 RS_AAM1            0             0             0             0             0
 RS_AIF0            0             0             0             0             0
 RS_AIF1            0             0             0             0             0
 RS_AIM0            0             0             0             0             0
 RS_AIM1            0             0             0             0             0
 RS_ASF0            0             0             0             0             0
 RS_ASF1            0             0             0             0             0
 RS_ASM0            0             0             0             0             0
 RS_ASM1            0             0             0             0             0
 RS_HWF0            0             0             0             0             0
 RS_HWF1            0             0             0             0             0
 RS_HWM0            0             0             0             0             0
 RS_HWM1            0             0             0             0             0
 RS_HLF0            0             0             0             0             0
 RS_HLF1            0             0             0             0             0
 RS_HLM0            0             0             0             0             0
 RS_HLM1            0             0             0             0             0
 RS_MRF0            0             0             0             0             0
 RS_MRF1            0             0             0             0             0
 RS_MRM0            0             0             0             0             0
 RS_MRM1            0             0             0             0             0
 RS_WF1             0             0             0             0             0
 RS_WM0             0             0             0             0             0
 RS_WM1             0             0             0             0             0


           BETA
              RS_WF1        RS_WM0        RS_WM1
              ________      ________      ________
 IS_SPED           25            26            27
 RS_AAF0            0             0             0
 RS_AAF1            0             0             0
 RS_AAM0            0             0             0
 RS_AAM1            0             0             0
 RS_AIF0            0             0             0
 RS_AIF1            0             0             0
 RS_AIM0            0             0             0
 RS_AIM1            0             0             0
 RS_ASF0            0             0             0
 RS_ASF1            0             0             0
 RS_ASM0            0             0             0
 RS_ASM1            0             0             0
 RS_HWF0            0             0             0
 RS_HWF1            0             0             0
 RS_HWM0            0             0             0
 RS_HWM1            0             0             0
 RS_HLF0            0             0             0
 RS_HLF1            0             0             0
 RS_HLM0            0             0             0
 RS_HLM1            0             0             0
 RS_MRF0            0             0             0
 RS_MRF1            0             0             0
 RS_MRM0            0             0             0
 RS_MRM1            0             0             0
 RS_WF1             0             0             0
 RS_WM0             0             0             0
 RS_WM1             0             0             0


           PSI
              IS_SPED       RS_AAF0       RS_AAF1       RS_AAM0       RS_AAM1
              ________      ________      ________      ________      ________
 IS_SPED            0
 RS_AAF0            0             0
 RS_AAF1            0             0             0
 RS_AAM0            0             0             0             0
 RS_AAM1            0             0             0             0             0
 RS_AIF0            0             0             0             0             0
 RS_AIF1            0             0             0             0             0
 RS_AIM0            0             0             0             0             0
 RS_AIM1            0             0             0             0             0
 RS_ASF0            0             0             0             0             0
 RS_ASF1            0             0             0             0             0
 RS_ASM0            0             0             0             0             0
 RS_ASM1            0             0             0             0             0
 RS_HWF0            0             0             0             0             0
 RS_HWF1            0             0             0             0             0
 RS_HWM0            0             0             0             0             0
 RS_HWM1            0             0             0             0             0
 RS_HLF0            0             0             0             0             0
 RS_HLF1            0             0             0             0             0
 RS_HLM0            0             0             0             0             0
 RS_HLM1            0             0             0             0             0
 RS_MRF0            0             0             0             0             0
 RS_MRF1            0             0             0             0             0
 RS_MRM0            0             0             0             0             0
 RS_MRM1            0             0             0             0             0
 RS_WF1             0             0             0             0             0
 RS_WM0             0             0             0             0             0
 RS_WM1             0             0             0             0             0


           PSI
              RS_AIF0       RS_AIF1       RS_AIM0       RS_AIM1       RS_ASF0
              ________      ________      ________      ________      ________
 RS_AIF0            0
 RS_AIF1            0             0
 RS_AIM0            0             0             0
 RS_AIM1            0             0             0             0
 RS_ASF0            0             0             0             0             0
 RS_ASF1            0             0             0             0             0
 RS_ASM0            0             0             0             0             0
 RS_ASM1            0             0             0             0             0
 RS_HWF0            0             0             0             0             0
 RS_HWF1            0             0             0             0             0
 RS_HWM0            0             0             0             0             0
 RS_HWM1            0             0             0             0             0
 RS_HLF0            0             0             0             0             0
 RS_HLF1            0             0             0             0             0
 RS_HLM0            0             0             0             0             0
 RS_HLM1            0             0             0             0             0
 RS_MRF0            0             0             0             0             0
 RS_MRF1            0             0             0             0             0
 RS_MRM0            0             0             0             0             0
 RS_MRM1            0             0             0             0             0
 RS_WF1             0             0             0             0             0
 RS_WM0             0             0             0             0             0
 RS_WM1             0             0             0             0             0


           PSI
              RS_ASF1       RS_ASM0       RS_ASM1       RS_HWF0       RS_HWF1
              ________      ________      ________      ________      ________
 RS_ASF1            0
 RS_ASM0            0             0
 RS_ASM1            0             0             0
 RS_HWF0            0             0             0             0
 RS_HWF1            0             0             0             0             0
 RS_HWM0            0             0             0             0             0
 RS_HWM1            0             0             0             0             0
 RS_HLF0            0             0             0             0             0
 RS_HLF1            0             0             0             0             0
 RS_HLM0            0             0             0             0             0
 RS_HLM1            0             0             0             0             0
 RS_MRF0            0             0             0             0             0
 RS_MRF1            0             0             0             0             0
 RS_MRM0            0             0             0             0             0
 RS_MRM1            0             0             0             0             0
 RS_WF1             0             0             0             0             0
 RS_WM0             0             0             0             0             0
 RS_WM1             0             0             0             0             0


           PSI
              RS_HWM0       RS_HWM1       RS_HLF0       RS_HLF1       RS_HLM0
              ________      ________      ________      ________      ________
 RS_HWM0            0
 RS_HWM1            0             0
 RS_HLF0            0             0             0
 RS_HLF1            0             0             0             0
 RS_HLM0            0             0             0             0             0
 RS_HLM1            0             0             0             0             0
 RS_MRF0            0             0             0             0             0
 RS_MRF1            0             0             0             0             0
 RS_MRM0            0             0             0             0             0
 RS_MRM1            0             0             0             0             0
 RS_WF1             0             0             0             0             0
 RS_WM0             0             0             0             0             0
 RS_WM1             0             0             0             0             0


           PSI
              RS_HLM1       RS_MRF0       RS_MRF1       RS_MRM0       RS_MRM1
              ________      ________      ________      ________      ________
 RS_HLM1            0
 RS_MRF0            0             0
 RS_MRF1            0             0             0
 RS_MRM0            0             0             0             0
 RS_MRM1            0             0             0             0             0
 RS_WF1             0             0             0             0             0
 RS_WM0             0             0             0             0             0
 RS_WM1             0             0             0             0             0


           PSI
              RS_WF1        RS_WM0        RS_WM1
              ________      ________      ________
 RS_WF1             0
 RS_WM0             0             0
 RS_WM1             0             0             0


     PARAMETER SPECIFICATION FOR BETWEEN


           TAU
              IS_SPED$
              ________
                   29


           NU
              IS_SPED
              ________
                    0


           LAMBDA
              IS_SPED
              ________
 IS_SPED            0


           THETA
              IS_SPED
              ________
 IS_SPED            0


           ALPHA
              IS_SPED
              ________
                    0


           BETA
              IS_SPED
              ________
 IS_SPED            0


           PSI
              IS_SPED
              ________
 IS_SPED           28


     STARTING VALUES FOR WITHIN


           TAU
              IS_SPED$
              ________
                0.000


           NU
              IS_SPED       RS_AAF0       RS_AAF1       RS_AAM0       RS_AAM1
              ________      ________      ________      ________      ________
                0.000         0.000         0.000         0.000         0.000


           NU
              RS_AIF0       RS_AIF1       RS_AIM0       RS_AIM1       RS_ASF0
              ________      ________      ________      ________      ________
                0.000         0.000         0.000         0.000         0.000


           NU
              RS_ASF1       RS_ASM0       RS_ASM1       RS_HWF0       RS_HWF1
              ________      ________      ________      ________      ________
                0.000         0.000         0.000         0.000         0.000


           NU
              RS_HWM0       RS_HWM1       RS_HLF0       RS_HLF1       RS_HLM0
              ________      ________      ________      ________      ________
                0.000         0.000         0.000         0.000         0.000


           NU
              RS_HLM1       RS_MRF0       RS_MRF1       RS_MRM0       RS_MRM1
              ________      ________      ________      ________      ________
                0.000         0.000         0.000         0.000         0.000


           NU
              RS_WF1        RS_WM0        RS_WM1
              ________      ________      ________
                0.000         0.000         0.000


           LAMBDA
              IS_SPED       RS_AAF0       RS_AAF1       RS_AAM0       RS_AAM1
              ________      ________      ________      ________      ________
 IS_SPED        1.000         0.000         0.000         0.000         0.000
 RS_AAF0        0.000         1.000         0.000         0.000         0.000
 RS_AAF1        0.000         0.000         1.000         0.000         0.000
 RS_AAM0        0.000         0.000         0.000         1.000         0.000
 RS_AAM1        0.000         0.000         0.000         0.000         1.000
 RS_AIF0        0.000         0.000         0.000         0.000         0.000
 RS_AIF1        0.000         0.000         0.000         0.000         0.000
 RS_AIM0        0.000         0.000         0.000         0.000         0.000
 RS_AIM1        0.000         0.000         0.000         0.000         0.000
 RS_ASF0        0.000         0.000         0.000         0.000         0.000
 RS_ASF1        0.000         0.000         0.000         0.000         0.000
 RS_ASM0        0.000         0.000         0.000         0.000         0.000
 RS_ASM1        0.000         0.000         0.000         0.000         0.000
 RS_HWF0        0.000         0.000         0.000         0.000         0.000
 RS_HWF1        0.000         0.000         0.000         0.000         0.000
 RS_HWM0        0.000         0.000         0.000         0.000         0.000
 RS_HWM1        0.000         0.000         0.000         0.000         0.000
 RS_HLF0        0.000         0.000         0.000         0.000         0.000
 RS_HLF1        0.000         0.000         0.000         0.000         0.000
 RS_HLM0        0.000         0.000         0.000         0.000         0.000
 RS_HLM1        0.000         0.000         0.000         0.000         0.000
 RS_MRF0        0.000         0.000         0.000         0.000         0.000
 RS_MRF1        0.000         0.000         0.000         0.000         0.000
 RS_MRM0        0.000         0.000         0.000         0.000         0.000
 RS_MRM1        0.000         0.000         0.000         0.000         0.000
 RS_WF1         0.000         0.000         0.000         0.000         0.000
 RS_WM0         0.000         0.000         0.000         0.000         0.000
 RS_WM1         0.000         0.000         0.000         0.000         0.000


           LAMBDA
              RS_AIF0       RS_AIF1       RS_AIM0       RS_AIM1       RS_ASF0
              ________      ________      ________      ________      ________
 IS_SPED        0.000         0.000         0.000         0.000         0.000
 RS_AAF0        0.000         0.000         0.000         0.000         0.000
 RS_AAF1        0.000         0.000         0.000         0.000         0.000
 RS_AAM0        0.000         0.000         0.000         0.000         0.000
 RS_AAM1        0.000         0.000         0.000         0.000         0.000
 RS_AIF0        1.000         0.000         0.000         0.000         0.000
 RS_AIF1        0.000         1.000         0.000         0.000         0.000
 RS_AIM0        0.000         0.000         1.000         0.000         0.000
 RS_AIM1        0.000         0.000         0.000         1.000         0.000
 RS_ASF0        0.000         0.000         0.000         0.000         1.000
 RS_ASF1        0.000         0.000         0.000         0.000         0.000
 RS_ASM0        0.000         0.000         0.000         0.000         0.000
 RS_ASM1        0.000         0.000         0.000         0.000         0.000
 RS_HWF0        0.000         0.000         0.000         0.000         0.000
 RS_HWF1        0.000         0.000         0.000         0.000         0.000
 RS_HWM0        0.000         0.000         0.000         0.000         0.000
 RS_HWM1        0.000         0.000         0.000         0.000         0.000
 RS_HLF0        0.000         0.000         0.000         0.000         0.000
 RS_HLF1        0.000         0.000         0.000         0.000         0.000
 RS_HLM0        0.000         0.000         0.000         0.000         0.000
 RS_HLM1        0.000         0.000         0.000         0.000         0.000
 RS_MRF0        0.000         0.000         0.000         0.000         0.000
 RS_MRF1        0.000         0.000         0.000         0.000         0.000
 RS_MRM0        0.000         0.000         0.000         0.000         0.000
 RS_MRM1        0.000         0.000         0.000         0.000         0.000
 RS_WF1         0.000         0.000         0.000         0.000         0.000
 RS_WM0         0.000         0.000         0.000         0.000         0.000
 RS_WM1         0.000         0.000         0.000         0.000         0.000


           LAMBDA
              RS_ASF1       RS_ASM0       RS_ASM1       RS_HWF0       RS_HWF1
              ________      ________      ________      ________      ________
 IS_SPED        0.000         0.000         0.000         0.000         0.000
 RS_AAF0        0.000         0.000         0.000         0.000         0.000
 RS_AAF1        0.000         0.000         0.000         0.000         0.000
 RS_AAM0        0.000         0.000         0.000         0.000         0.000
 RS_AAM1        0.000         0.000         0.000         0.000         0.000
 RS_AIF0        0.000         0.000         0.000         0.000         0.000
 RS_AIF1        0.000         0.000         0.000         0.000         0.000
 RS_AIM0        0.000         0.000         0.000         0.000         0.000
 RS_AIM1        0.000         0.000         0.000         0.000         0.000
 RS_ASF0        0.000         0.000         0.000         0.000         0.000
 RS_ASF1        1.000         0.000         0.000         0.000         0.000
 RS_ASM0        0.000         1.000         0.000         0.000         0.000
 RS_ASM1        0.000         0.000         1.000         0.000         0.000
 RS_HWF0        0.000         0.000         0.000         1.000         0.000
 RS_HWF1        0.000         0.000         0.000         0.000         1.000
 RS_HWM0        0.000         0.000         0.000         0.000         0.000
 RS_HWM1        0.000         0.000         0.000         0.000         0.000
 RS_HLF0        0.000         0.000         0.000         0.000         0.000
 RS_HLF1        0.000         0.000         0.000         0.000         0.000
 RS_HLM0        0.000         0.000         0.000         0.000         0.000
 RS_HLM1        0.000         0.000         0.000         0.000         0.000
 RS_MRF0        0.000         0.000         0.000         0.000         0.000
 RS_MRF1        0.000         0.000         0.000         0.000         0.000
 RS_MRM0        0.000         0.000         0.000         0.000         0.000
 RS_MRM1        0.000         0.000         0.000         0.000         0.000
 RS_WF1         0.000         0.000         0.000         0.000         0.000
 RS_WM0         0.000         0.000         0.000         0.000         0.000
 RS_WM1         0.000         0.000         0.000         0.000         0.000


           LAMBDA
              RS_HWM0       RS_HWM1       RS_HLF0       RS_HLF1       RS_HLM0
              ________      ________      ________      ________      ________
 IS_SPED        0.000         0.000         0.000         0.000         0.000
 RS_AAF0        0.000         0.000         0.000         0.000         0.000
 RS_AAF1        0.000         0.000         0.000         0.000         0.000
 RS_AAM0        0.000         0.000         0.000         0.000         0.000
 RS_AAM1        0.000         0.000         0.000         0.000         0.000
 RS_AIF0        0.000         0.000         0.000         0.000         0.000
 RS_AIF1        0.000         0.000         0.000         0.000         0.000
 RS_AIM0        0.000         0.000         0.000         0.000         0.000
 RS_AIM1        0.000         0.000         0.000         0.000         0.000
 RS_ASF0        0.000         0.000         0.000         0.000         0.000
 RS_ASF1        0.000         0.000         0.000         0.000         0.000
 RS_ASM0        0.000         0.000         0.000         0.000         0.000
 RS_ASM1        0.000         0.000         0.000         0.000         0.000
 RS_HWF0        0.000         0.000         0.000         0.000         0.000
 RS_HWF1        0.000         0.000         0.000         0.000         0.000
 RS_HWM0        1.000         0.000         0.000         0.000         0.000
 RS_HWM1        0.000         1.000         0.000         0.000         0.000
 RS_HLF0        0.000         0.000         1.000         0.000         0.000
 RS_HLF1        0.000         0.000         0.000         1.000         0.000
 RS_HLM0        0.000         0.000         0.000         0.000         1.000
 RS_HLM1        0.000         0.000         0.000         0.000         0.000
 RS_MRF0        0.000         0.000         0.000         0.000         0.000
 RS_MRF1        0.000         0.000         0.000         0.000         0.000
 RS_MRM0        0.000         0.000         0.000         0.000         0.000
 RS_MRM1        0.000         0.000         0.000         0.000         0.000
 RS_WF1         0.000         0.000         0.000         0.000         0.000
 RS_WM0         0.000         0.000         0.000         0.000         0.000
 RS_WM1         0.000         0.000         0.000         0.000         0.000


           LAMBDA
              RS_HLM1       RS_MRF0       RS_MRF1       RS_MRM0       RS_MRM1
              ________      ________      ________      ________      ________
 IS_SPED        0.000         0.000         0.000         0.000         0.000
 RS_AAF0        0.000         0.000         0.000         0.000         0.000
 RS_AAF1        0.000         0.000         0.000         0.000         0.000
 RS_AAM0        0.000         0.000         0.000         0.000         0.000
 RS_AAM1        0.000         0.000         0.000         0.000         0.000
 RS_AIF0        0.000         0.000         0.000         0.000         0.000
 RS_AIF1        0.000         0.000         0.000         0.000         0.000
 RS_AIM0        0.000         0.000         0.000         0.000         0.000
 RS_AIM1        0.000         0.000         0.000         0.000         0.000
 RS_ASF0        0.000         0.000         0.000         0.000         0.000
 RS_ASF1        0.000         0.000         0.000         0.000         0.000
 RS_ASM0        0.000         0.000         0.000         0.000         0.000
 RS_ASM1        0.000         0.000         0.000         0.000         0.000
 RS_HWF0        0.000         0.000         0.000         0.000         0.000
 RS_HWF1        0.000         0.000         0.000         0.000         0.000
 RS_HWM0        0.000         0.000         0.000         0.000         0.000
 RS_HWM1        0.000         0.000         0.000         0.000         0.000
 RS_HLF0        0.000         0.000         0.000         0.000         0.000
 RS_HLF1        0.000         0.000         0.000         0.000         0.000
 RS_HLM0        0.000         0.000         0.000         0.000         0.000
 RS_HLM1        1.000         0.000         0.000         0.000         0.000
 RS_MRF0        0.000         1.000         0.000         0.000         0.000
 RS_MRF1        0.000         0.000         1.000         0.000         0.000
 RS_MRM0        0.000         0.000         0.000         1.000         0.000
 RS_MRM1        0.000         0.000         0.000         0.000         1.000
 RS_WF1         0.000         0.000         0.000         0.000         0.000
 RS_WM0         0.000         0.000         0.000         0.000         0.000
 RS_WM1         0.000         0.000         0.000         0.000         0.000


           LAMBDA
              RS_WF1        RS_WM0        RS_WM1
              ________      ________      ________
 IS_SPED        0.000         0.000         0.000
 RS_AAF0        0.000         0.000         0.000
 RS_AAF1        0.000         0.000         0.000
 RS_AAM0        0.000         0.000         0.000
 RS_AAM1        0.000         0.000         0.000
 RS_AIF0        0.000         0.000         0.000
 RS_AIF1        0.000         0.000         0.000
 RS_AIM0        0.000         0.000         0.000
 RS_AIM1        0.000         0.000         0.000
 RS_ASF0        0.000         0.000         0.000
 RS_ASF1        0.000         0.000         0.000
 RS_ASM0        0.000         0.000         0.000
 RS_ASM1        0.000         0.000         0.000
 RS_HWF0        0.000         0.000         0.000
 RS_HWF1        0.000         0.000         0.000
 RS_HWM0        0.000         0.000         0.000
 RS_HWM1        0.000         0.000         0.000
 RS_HLF0        0.000         0.000         0.000
 RS_HLF1        0.000         0.000         0.000
 RS_HLM0        0.000         0.000         0.000
 RS_HLM1        0.000         0.000         0.000
 RS_MRF0        0.000         0.000         0.000
 RS_MRF1        0.000         0.000         0.000
 RS_MRM0        0.000         0.000         0.000
 RS_MRM1        0.000         0.000         0.000
 RS_WF1         1.000         0.000         0.000
 RS_WM0         0.000         1.000         0.000
 RS_WM1         0.000         0.000         1.000


           THETA
              IS_SPED       RS_AAF0       RS_AAF1       RS_AAM0       RS_AAM1
              ________      ________      ________      ________      ________
 IS_SPED        0.000
 RS_AAF0        0.000         0.000
 RS_AAF1        0.000         0.000         0.000
 RS_AAM0        0.000         0.000         0.000         0.000
 RS_AAM1        0.000         0.000         0.000         0.000         0.000
 RS_AIF0        0.000         0.000         0.000         0.000         0.000
 RS_AIF1        0.000         0.000         0.000         0.000         0.000
 RS_AIM0        0.000         0.000         0.000         0.000         0.000
 RS_AIM1        0.000         0.000         0.000         0.000         0.000
 RS_ASF0        0.000         0.000         0.000         0.000         0.000
 RS_ASF1        0.000         0.000         0.000         0.000         0.000
 RS_ASM0        0.000         0.000         0.000         0.000         0.000
 RS_ASM1        0.000         0.000         0.000         0.000         0.000
 RS_HWF0        0.000         0.000         0.000         0.000         0.000
 RS_HWF1        0.000         0.000         0.000         0.000         0.000
 RS_HWM0        0.000         0.000         0.000         0.000         0.000
 RS_HWM1        0.000         0.000         0.000         0.000         0.000
 RS_HLF0        0.000         0.000         0.000         0.000         0.000
 RS_HLF1        0.000         0.000         0.000         0.000         0.000
 RS_HLM0        0.000         0.000         0.000         0.000         0.000
 RS_HLM1        0.000         0.000         0.000         0.000         0.000
 RS_MRF0        0.000         0.000         0.000         0.000         0.000
 RS_MRF1        0.000         0.000         0.000         0.000         0.000
 RS_MRM0        0.000         0.000         0.000         0.000         0.000
 RS_MRM1        0.000         0.000         0.000         0.000         0.000
 RS_WF1         0.000         0.000         0.000         0.000         0.000
 RS_WM0         0.000         0.000         0.000         0.000         0.000
 RS_WM1         0.000         0.000         0.000         0.000         0.000


           THETA
              RS_AIF0       RS_AIF1       RS_AIM0       RS_AIM1       RS_ASF0
              ________      ________      ________      ________      ________
 RS_AIF0        0.000
 RS_AIF1        0.000         0.000
 RS_AIM0        0.000         0.000         0.000
 RS_AIM1        0.000         0.000         0.000         0.000
 RS_ASF0        0.000         0.000         0.000         0.000         0.000
 RS_ASF1        0.000         0.000         0.000         0.000         0.000
 RS_ASM0        0.000         0.000         0.000         0.000         0.000
 RS_ASM1        0.000         0.000         0.000         0.000         0.000
 RS_HWF0        0.000         0.000         0.000         0.000         0.000
 RS_HWF1        0.000         0.000         0.000         0.000         0.000
 RS_HWM0        0.000         0.000         0.000         0.000         0.000
 RS_HWM1        0.000         0.000         0.000         0.000         0.000
 RS_HLF0        0.000         0.000         0.000         0.000         0.000
 RS_HLF1        0.000         0.000         0.000         0.000         0.000
 RS_HLM0        0.000         0.000         0.000         0.000         0.000
 RS_HLM1        0.000         0.000         0.000         0.000         0.000
 RS_MRF0        0.000         0.000         0.000         0.000         0.000
 RS_MRF1        0.000         0.000         0.000         0.000         0.000
 RS_MRM0        0.000         0.000         0.000         0.000         0.000
 RS_MRM1        0.000         0.000         0.000         0.000         0.000
 RS_WF1         0.000         0.000         0.000         0.000         0.000
 RS_WM0         0.000         0.000         0.000         0.000         0.000
 RS_WM1         0.000         0.000         0.000         0.000         0.000


           THETA
              RS_ASF1       RS_ASM0       RS_ASM1       RS_HWF0       RS_HWF1
              ________      ________      ________      ________      ________
 RS_ASF1        0.000
 RS_ASM0        0.000         0.000
 RS_ASM1        0.000         0.000         0.000
 RS_HWF0        0.000         0.000         0.000         0.000
 RS_HWF1        0.000         0.000         0.000         0.000         0.000
 RS_HWM0        0.000         0.000         0.000         0.000         0.000
 RS_HWM1        0.000         0.000         0.000         0.000         0.000
 RS_HLF0        0.000         0.000         0.000         0.000         0.000
 RS_HLF1        0.000         0.000         0.000         0.000         0.000
 RS_HLM0        0.000         0.000         0.000         0.000         0.000
 RS_HLM1        0.000         0.000         0.000         0.000         0.000
 RS_MRF0        0.000         0.000         0.000         0.000         0.000
 RS_MRF1        0.000         0.000         0.000         0.000         0.000
 RS_MRM0        0.000         0.000         0.000         0.000         0.000
 RS_MRM1        0.000         0.000         0.000         0.000         0.000
 RS_WF1         0.000         0.000         0.000         0.000         0.000
 RS_WM0         0.000         0.000         0.000         0.000         0.000
 RS_WM1         0.000         0.000         0.000         0.000         0.000


           THETA
              RS_HWM0       RS_HWM1       RS_HLF0       RS_HLF1       RS_HLM0
              ________      ________      ________      ________      ________
 RS_HWM0        0.000
 RS_HWM1        0.000         0.000
 RS_HLF0        0.000         0.000         0.000
 RS_HLF1        0.000         0.000         0.000         0.000
 RS_HLM0        0.000         0.000         0.000         0.000         0.000
 RS_HLM1        0.000         0.000         0.000         0.000         0.000
 RS_MRF0        0.000         0.000         0.000         0.000         0.000
 RS_MRF1        0.000         0.000         0.000         0.000         0.000
 RS_MRM0        0.000         0.000         0.000         0.000         0.000
 RS_MRM1        0.000         0.000         0.000         0.000         0.000
 RS_WF1         0.000         0.000         0.000         0.000         0.000
 RS_WM0         0.000         0.000         0.000         0.000         0.000
 RS_WM1         0.000         0.000         0.000         0.000         0.000


           THETA
              RS_HLM1       RS_MRF0       RS_MRF1       RS_MRM0       RS_MRM1
              ________      ________      ________      ________      ________
 RS_HLM1        0.000
 RS_MRF0        0.000         0.000
 RS_MRF1        0.000         0.000         0.000
 RS_MRM0        0.000         0.000         0.000         0.000
 RS_MRM1        0.000         0.000         0.000         0.000         0.000
 RS_WF1         0.000         0.000         0.000         0.000         0.000
 RS_WM0         0.000         0.000         0.000         0.000         0.000
 RS_WM1         0.000         0.000         0.000         0.000         0.000


           THETA
              RS_WF1        RS_WM0        RS_WM1
              ________      ________      ________
 RS_WF1         0.000
 RS_WM0         0.000         0.000
 RS_WM1         0.000         0.000         0.000


           ALPHA
              IS_SPED       RS_AAF0       RS_AAF1       RS_AAM0       RS_AAM1
              ________      ________      ________      ________      ________
                0.000         0.000         0.000         0.000         0.000


           ALPHA
              RS_AIF0       RS_AIF1       RS_AIM0       RS_AIM1       RS_ASF0
              ________      ________      ________      ________      ________
                0.000         0.000         0.000         0.000         0.000


           ALPHA
              RS_ASF1       RS_ASM0       RS_ASM1       RS_HWF0       RS_HWF1
              ________      ________      ________      ________      ________
                0.000         0.000         0.000         0.000         0.000


           ALPHA
              RS_HWM0       RS_HWM1       RS_HLF0       RS_HLF1       RS_HLM0
              ________      ________      ________      ________      ________
                0.000         0.000         0.000         0.000         0.000


           ALPHA
              RS_HLM1       RS_MRF0       RS_MRF1       RS_MRM0       RS_MRM1
              ________      ________      ________      ________      ________
                0.000         0.000         0.000         0.000         0.000


           ALPHA
              RS_WF1        RS_WM0        RS_WM1
              ________      ________      ________
                0.000         0.000         0.000


           BETA
              IS_SPED       RS_AAF0       RS_AAF1       RS_AAM0       RS_AAM1
              ________      ________      ________      ________      ________
 IS_SPED        0.000         0.000         0.000         0.000         0.000
 RS_AAF0        0.000         0.000         0.000         0.000         0.000
 RS_AAF1        0.000         0.000         0.000         0.000         0.000
 RS_AAM0        0.000         0.000         0.000         0.000         0.000
 RS_AAM1        0.000         0.000         0.000         0.000         0.000
 RS_AIF0        0.000         0.000         0.000         0.000         0.000
 RS_AIF1        0.000         0.000         0.000         0.000         0.000
 RS_AIM0        0.000         0.000         0.000         0.000         0.000
 RS_AIM1        0.000         0.000         0.000         0.000         0.000
 RS_ASF0        0.000         0.000         0.000         0.000         0.000
 RS_ASF1        0.000         0.000         0.000         0.000         0.000
 RS_ASM0        0.000         0.000         0.000         0.000         0.000
 RS_ASM1        0.000         0.000         0.000         0.000         0.000
 RS_HWF0        0.000         0.000         0.000         0.000         0.000
 RS_HWF1        0.000         0.000         0.000         0.000         0.000
 RS_HWM0        0.000         0.000         0.000         0.000         0.000
 RS_HWM1        0.000         0.000         0.000         0.000         0.000
 RS_HLF0        0.000         0.000         0.000         0.000         0.000
 RS_HLF1        0.000         0.000         0.000         0.000         0.000
 RS_HLM0        0.000         0.000         0.000         0.000         0.000
 RS_HLM1        0.000         0.000         0.000         0.000         0.000
 RS_MRF0        0.000         0.000         0.000         0.000         0.000
 RS_MRF1        0.000         0.000         0.000         0.000         0.000
 RS_MRM0        0.000         0.000         0.000         0.000         0.000
 RS_MRM1        0.000         0.000         0.000         0.000         0.000
 RS_WF1         0.000         0.000         0.000         0.000         0.000
 RS_WM0         0.000         0.000         0.000         0.000         0.000
 RS_WM1         0.000         0.000         0.000         0.000         0.000


           BETA
              RS_AIF0       RS_AIF1       RS_AIM0       RS_AIM1       RS_ASF0
              ________      ________      ________      ________      ________
 IS_SPED        0.000         0.000         0.000         0.000         0.000
 RS_AAF0        0.000         0.000         0.000         0.000         0.000
 RS_AAF1        0.000         0.000         0.000         0.000         0.000
 RS_AAM0        0.000         0.000         0.000         0.000         0.000
 RS_AAM1        0.000         0.000         0.000         0.000         0.000
 RS_AIF0        0.000         0.000         0.000         0.000         0.000
 RS_AIF1        0.000         0.000         0.000         0.000         0.000
 RS_AIM0        0.000         0.000         0.000         0.000         0.000
 RS_AIM1        0.000         0.000         0.000         0.000         0.000
 RS_ASF0        0.000         0.000         0.000         0.000         0.000
 RS_ASF1        0.000         0.000         0.000         0.000         0.000
 RS_ASM0        0.000         0.000         0.000         0.000         0.000
 RS_ASM1        0.000         0.000         0.000         0.000         0.000
 RS_HWF0        0.000         0.000         0.000         0.000         0.000
 RS_HWF1        0.000         0.000         0.000         0.000         0.000
 RS_HWM0        0.000         0.000         0.000         0.000         0.000
 RS_HWM1        0.000         0.000         0.000         0.000         0.000
 RS_HLF0        0.000         0.000         0.000         0.000         0.000
 RS_HLF1        0.000         0.000         0.000         0.000         0.000
 RS_HLM0        0.000         0.000         0.000         0.000         0.000
 RS_HLM1        0.000         0.000         0.000         0.000         0.000
 RS_MRF0        0.000         0.000         0.000         0.000         0.000
 RS_MRF1        0.000         0.000         0.000         0.000         0.000
 RS_MRM0        0.000         0.000         0.000         0.000         0.000
 RS_MRM1        0.000         0.000         0.000         0.000         0.000
 RS_WF1         0.000         0.000         0.000         0.000         0.000
 RS_WM0         0.000         0.000         0.000         0.000         0.000
 RS_WM1         0.000         0.000         0.000         0.000         0.000


           BETA
              RS_ASF1       RS_ASM0       RS_ASM1       RS_HWF0       RS_HWF1
              ________      ________      ________      ________      ________
 IS_SPED        0.000         0.000         0.000         0.000         0.000
 RS_AAF0        0.000         0.000         0.000         0.000         0.000
 RS_AAF1        0.000         0.000         0.000         0.000         0.000
 RS_AAM0        0.000         0.000         0.000         0.000         0.000
 RS_AAM1        0.000         0.000         0.000         0.000         0.000
 RS_AIF0        0.000         0.000         0.000         0.000         0.000
 RS_AIF1        0.000         0.000         0.000         0.000         0.000
 RS_AIM0        0.000         0.000         0.000         0.000         0.000
 RS_AIM1        0.000         0.000         0.000         0.000         0.000
 RS_ASF0        0.000         0.000         0.000         0.000         0.000
 RS_ASF1        0.000         0.000         0.000         0.000         0.000
 RS_ASM0        0.000         0.000         0.000         0.000         0.000
 RS_ASM1        0.000         0.000         0.000         0.000         0.000
 RS_HWF0        0.000         0.000         0.000         0.000         0.000
 RS_HWF1        0.000         0.000         0.000         0.000         0.000
 RS_HWM0        0.000         0.000         0.000         0.000         0.000
 RS_HWM1        0.000         0.000         0.000         0.000         0.000
 RS_HLF0        0.000         0.000         0.000         0.000         0.000
 RS_HLF1        0.000         0.000         0.000         0.000         0.000
 RS_HLM0        0.000         0.000         0.000         0.000         0.000
 RS_HLM1        0.000         0.000         0.000         0.000         0.000
 RS_MRF0        0.000         0.000         0.000         0.000         0.000
 RS_MRF1        0.000         0.000         0.000         0.000         0.000
 RS_MRM0        0.000         0.000         0.000         0.000         0.000
 RS_MRM1        0.000         0.000         0.000         0.000         0.000
 RS_WF1         0.000         0.000         0.000         0.000         0.000
 RS_WM0         0.000         0.000         0.000         0.000         0.000
 RS_WM1         0.000         0.000         0.000         0.000         0.000


           BETA
              RS_HWM0       RS_HWM1       RS_HLF0       RS_HLF1       RS_HLM0
              ________      ________      ________      ________      ________
 IS_SPED        0.000         0.000         0.000         0.000         0.000
 RS_AAF0        0.000         0.000         0.000         0.000         0.000
 RS_AAF1        0.000         0.000         0.000         0.000         0.000
 RS_AAM0        0.000         0.000         0.000         0.000         0.000
 RS_AAM1        0.000         0.000         0.000         0.000         0.000
 RS_AIF0        0.000         0.000         0.000         0.000         0.000
 RS_AIF1        0.000         0.000         0.000         0.000         0.000
 RS_AIM0        0.000         0.000         0.000         0.000         0.000
 RS_AIM1        0.000         0.000         0.000         0.000         0.000
 RS_ASF0        0.000         0.000         0.000         0.000         0.000
 RS_ASF1        0.000         0.000         0.000         0.000         0.000
 RS_ASM0        0.000         0.000         0.000         0.000         0.000
 RS_ASM1        0.000         0.000         0.000         0.000         0.000
 RS_HWF0        0.000         0.000         0.000         0.000         0.000
 RS_HWF1        0.000         0.000         0.000         0.000         0.000
 RS_HWM0        0.000         0.000         0.000         0.000         0.000
 RS_HWM1        0.000         0.000         0.000         0.000         0.000
 RS_HLF0        0.000         0.000         0.000         0.000         0.000
 RS_HLF1        0.000         0.000         0.000         0.000         0.000
 RS_HLM0        0.000         0.000         0.000         0.000         0.000
 RS_HLM1        0.000         0.000         0.000         0.000         0.000
 RS_MRF0        0.000         0.000         0.000         0.000         0.000
 RS_MRF1        0.000         0.000         0.000         0.000         0.000
 RS_MRM0        0.000         0.000         0.000         0.000         0.000
 RS_MRM1        0.000         0.000         0.000         0.000         0.000
 RS_WF1         0.000         0.000         0.000         0.000         0.000
 RS_WM0         0.000         0.000         0.000         0.000         0.000
 RS_WM1         0.000         0.000         0.000         0.000         0.000


           BETA
              RS_HLM1       RS_MRF0       RS_MRF1       RS_MRM0       RS_MRM1
              ________      ________      ________      ________      ________
 IS_SPED        0.000         0.000         0.000         0.000         0.000
 RS_AAF0        0.000         0.000         0.000         0.000         0.000
 RS_AAF1        0.000         0.000         0.000         0.000         0.000
 RS_AAM0        0.000         0.000         0.000         0.000         0.000
 RS_AAM1        0.000         0.000         0.000         0.000         0.000
 RS_AIF0        0.000         0.000         0.000         0.000         0.000
 RS_AIF1        0.000         0.000         0.000         0.000         0.000
 RS_AIM0        0.000         0.000         0.000         0.000         0.000
 RS_AIM1        0.000         0.000         0.000         0.000         0.000
 RS_ASF0        0.000         0.000         0.000         0.000         0.000
 RS_ASF1        0.000         0.000         0.000         0.000         0.000
 RS_ASM0        0.000         0.000         0.000         0.000         0.000
 RS_ASM1        0.000         0.000         0.000         0.000         0.000
 RS_HWF0        0.000         0.000         0.000         0.000         0.000
 RS_HWF1        0.000         0.000         0.000         0.000         0.000
 RS_HWM0        0.000         0.000         0.000         0.000         0.000
 RS_HWM1        0.000         0.000         0.000         0.000         0.000
 RS_HLF0        0.000         0.000         0.000         0.000         0.000
 RS_HLF1        0.000         0.000         0.000         0.000         0.000
 RS_HLM0        0.000         0.000         0.000         0.000         0.000
 RS_HLM1        0.000         0.000         0.000         0.000         0.000
 RS_MRF0        0.000         0.000         0.000         0.000         0.000
 RS_MRF1        0.000         0.000         0.000         0.000         0.000
 RS_MRM0        0.000         0.000         0.000         0.000         0.000
 RS_MRM1        0.000         0.000         0.000         0.000         0.000
 RS_WF1         0.000         0.000         0.000         0.000         0.000
 RS_WM0         0.000         0.000         0.000         0.000         0.000
 RS_WM1         0.000         0.000         0.000         0.000         0.000


           BETA
              RS_WF1        RS_WM0        RS_WM1
              ________      ________      ________
 IS_SPED        0.000         0.000         0.000
 RS_AAF0        0.000         0.000         0.000
 RS_AAF1        0.000         0.000         0.000
 RS_AAM0        0.000         0.000         0.000
 RS_AAM1        0.000         0.000         0.000
 RS_AIF0        0.000         0.000         0.000
 RS_AIF1        0.000         0.000         0.000
 RS_AIM0        0.000         0.000         0.000
 RS_AIM1        0.000         0.000         0.000
 RS_ASF0        0.000         0.000         0.000
 RS_ASF1        0.000         0.000         0.000
 RS_ASM0        0.000         0.000         0.000
 RS_ASM1        0.000         0.000         0.000
 RS_HWF0        0.000         0.000         0.000
 RS_HWF1        0.000         0.000         0.000
 RS_HWM0        0.000         0.000         0.000
 RS_HWM1        0.000         0.000         0.000
 RS_HLF0        0.000         0.000         0.000
 RS_HLF1        0.000         0.000         0.000
 RS_HLM0        0.000         0.000         0.000
 RS_HLM1        0.000         0.000         0.000
 RS_MRF0        0.000         0.000         0.000
 RS_MRF1        0.000         0.000         0.000
 RS_MRM0        0.000         0.000         0.000
 RS_MRM1        0.000         0.000         0.000
 RS_WF1         0.000         0.000         0.000
 RS_WM0         0.000         0.000         0.000
 RS_WM1         0.000         0.000         0.000


           PSI
              IS_SPED       RS_AAF0       RS_AAF1       RS_AAM0       RS_AAM1
              ________      ________      ________      ________      ________
 IS_SPED        1.000
 RS_AAF0        0.000         0.039
 RS_AAF1        0.000         0.000         0.030
 RS_AAM0        0.000         0.000         0.000         0.041
 RS_AAM1        0.000         0.000         0.000         0.000         0.031
 RS_AIF0        0.000         0.000         0.000         0.000         0.000
 RS_AIF1        0.000         0.000         0.000         0.000         0.000
 RS_AIM0        0.000         0.000         0.000         0.000         0.000
 RS_AIM1        0.000         0.000         0.000         0.000         0.000
 RS_ASF0        0.000         0.000         0.000         0.000         0.000
 RS_ASF1        0.000         0.000         0.000         0.000         0.000
 RS_ASM0        0.000         0.000         0.000         0.000         0.000
 RS_ASM1        0.000         0.000         0.000         0.000         0.000
 RS_HWF0        0.000         0.000         0.000         0.000         0.000
 RS_HWF1        0.000         0.000         0.000         0.000         0.000
 RS_HWM0        0.000         0.000         0.000         0.000         0.000
 RS_HWM1        0.000         0.000         0.000         0.000         0.000
 RS_HLF0        0.000         0.000         0.000         0.000         0.000
 RS_HLF1        0.000         0.000         0.000         0.000         0.000
 RS_HLM0        0.000         0.000         0.000         0.000         0.000
 RS_HLM1        0.000         0.000         0.000         0.000         0.000
 RS_MRF0        0.000         0.000         0.000         0.000         0.000
 RS_MRF1        0.000         0.000         0.000         0.000         0.000
 RS_MRM0        0.000         0.000         0.000         0.000         0.000
 RS_MRM1        0.000         0.000         0.000         0.000         0.000
 RS_WF1         0.000         0.000         0.000         0.000         0.000
 RS_WM0         0.000         0.000         0.000         0.000         0.000
 RS_WM1         0.000         0.000         0.000         0.000         0.000


           PSI
              RS_AIF0       RS_AIF1       RS_AIM0       RS_AIM1       RS_ASF0
              ________      ________      ________      ________      ________
 RS_AIF0        0.001
 RS_AIF1        0.000         0.000
 RS_AIM0        0.000         0.000         0.001
 RS_AIM1        0.000         0.000         0.000         0.000
 RS_ASF0        0.000         0.000         0.000         0.000         0.010
 RS_ASF1        0.000         0.000         0.000         0.000         0.000
 RS_ASM0        0.000         0.000         0.000         0.000         0.000
 RS_ASM1        0.000         0.000         0.000         0.000         0.000
 RS_HWF0        0.000         0.000         0.000         0.000         0.000
 RS_HWF1        0.000         0.000         0.000         0.000         0.000
 RS_HWM0        0.000         0.000         0.000         0.000         0.000
 RS_HWM1        0.000         0.000         0.000         0.000         0.000
 RS_HLF0        0.000         0.000         0.000         0.000         0.000
 RS_HLF1        0.000         0.000         0.000         0.000         0.000
 RS_HLM0        0.000         0.000         0.000         0.000         0.000
 RS_HLM1        0.000         0.000         0.000         0.000         0.000
 RS_MRF0        0.000         0.000         0.000         0.000         0.000
 RS_MRF1        0.000         0.000         0.000         0.000         0.000
 RS_MRM0        0.000         0.000         0.000         0.000         0.000
 RS_MRM1        0.000         0.000         0.000         0.000         0.000
 RS_WF1         0.000         0.000         0.000         0.000         0.000
 RS_WM0         0.000         0.000         0.000         0.000         0.000
 RS_WM1         0.000         0.000         0.000         0.000         0.000


           PSI
              RS_ASF1       RS_ASM0       RS_ASM1       RS_HWF0       RS_HWF1
              ________      ________      ________      ________      ________
 RS_ASF1        0.001
 RS_ASM0        0.000         0.011
 RS_ASM1        0.000         0.000         0.001
 RS_HWF0        0.000         0.000         0.000         0.000
 RS_HWF1        0.000         0.000         0.000         0.000         0.000
 RS_HWM0        0.000         0.000         0.000         0.000         0.000
 RS_HWM1        0.000         0.000         0.000         0.000         0.000
 RS_HLF0        0.000         0.000         0.000         0.000         0.000
 RS_HLF1        0.000         0.000         0.000         0.000         0.000
 RS_HLM0        0.000         0.000         0.000         0.000         0.000
 RS_HLM1        0.000         0.000         0.000         0.000         0.000
 RS_MRF0        0.000         0.000         0.000         0.000         0.000
 RS_MRF1        0.000         0.000         0.000         0.000         0.000
 RS_MRM0        0.000         0.000         0.000         0.000         0.000
 RS_MRM1        0.000         0.000         0.000         0.000         0.000
 RS_WF1         0.000         0.000         0.000         0.000         0.000
 RS_WM0         0.000         0.000         0.000         0.000         0.000
 RS_WM1         0.000         0.000         0.000         0.000         0.000


           PSI
              RS_HWM0       RS_HWM1       RS_HLF0       RS_HLF1       RS_HLM0
              ________      ________      ________      ________      ________
 RS_HWM0        0.000
 RS_HWM1        0.000         0.000
 RS_HLF0        0.000         0.000         0.032
 RS_HLF1        0.000         0.000         0.000         0.014
 RS_HLM0        0.000         0.000         0.000         0.000         0.033
 RS_HLM1        0.000         0.000         0.000         0.000         0.000
 RS_MRF0        0.000         0.000         0.000         0.000         0.000
 RS_MRF1        0.000         0.000         0.000         0.000         0.000
 RS_MRM0        0.000         0.000         0.000         0.000         0.000
 RS_MRM1        0.000         0.000         0.000         0.000         0.000
 RS_WF1         0.000         0.000         0.000         0.000         0.000
 RS_WM0         0.000         0.000         0.000         0.000         0.000
 RS_WM1         0.000         0.000         0.000         0.000         0.000


           PSI
              RS_HLM1       RS_MRF0       RS_MRF1       RS_MRM0       RS_MRM1
              ________      ________      ________      ________      ________
 RS_HLM1        0.014
 RS_MRF0        0.000         0.009
 RS_MRF1        0.000         0.000         0.005
 RS_MRM0        0.000         0.000         0.000         0.009
 RS_MRM1        0.000         0.000         0.000         0.000         0.005
 RS_WF1         0.000         0.000         0.000         0.000         0.000
 RS_WM0         0.000         0.000         0.000         0.000         0.000
 RS_WM1         0.000         0.000         0.000         0.000         0.000


           PSI
              RS_WF1        RS_WM0        RS_WM1
              ________      ________      ________
 RS_WF1         0.015
 RS_WM0         0.000         0.071
 RS_WM1         0.000         0.000         0.016


     STARTING VALUES FOR BETWEEN


           TAU
              IS_SPED$
              ________
                0.876


           NU
              IS_SPED
              ________
                0.000


           LAMBDA
              IS_SPED
              ________
 IS_SPED        1.000


           THETA
              IS_SPED
              ________
 IS_SPED        0.000


           ALPHA
              IS_SPED
              ________
                0.000


           BETA
              IS_SPED
              ________
 IS_SPED        0.000


           PSI
              IS_SPED
              ________
 IS_SPED        1.000



     PRIORS FOR ALL PARAMETERS            PRIOR MEAN      PRIOR VARIANCE     PRIOR STD. DEV.

     Parameter 1~N(0.000,5.000)              0.0000              5.0000              2.2361
     Parameter 2~N(0.000,5.000)              0.0000              5.0000              2.2361
     Parameter 3~N(0.000,5.000)              0.0000              5.0000              2.2361
     Parameter 4~N(0.000,5.000)              0.0000              5.0000              2.2361
     Parameter 5~N(0.000,5.000)              0.0000              5.0000              2.2361
     Parameter 6~N(0.000,5.000)              0.0000              5.0000              2.2361
     Parameter 7~N(0.000,5.000)              0.0000              5.0000              2.2361
     Parameter 8~N(0.000,5.000)              0.0000              5.0000              2.2361
     Parameter 9~N(0.000,5.000)              0.0000              5.0000              2.2361
     Parameter 10~N(0.000,5.000)             0.0000              5.0000              2.2361
     Parameter 11~N(0.000,5.000)             0.0000              5.0000              2.2361
     Parameter 12~N(0.000,5.000)             0.0000              5.0000              2.2361
     Parameter 13~N(0.000,5.000)             0.0000              5.0000              2.2361
     Parameter 14~N(0.000,5.000)             0.0000              5.0000              2.2361
     Parameter 15~N(0.000,5.000)             0.0000              5.0000              2.2361
     Parameter 16~N(0.000,5.000)             0.0000              5.0000              2.2361
     Parameter 17~N(0.000,5.000)             0.0000              5.0000              2.2361
     Parameter 18~N(0.000,5.000)             0.0000              5.0000              2.2361
     Parameter 19~N(0.000,5.000)             0.0000              5.0000              2.2361
     Parameter 20~N(0.000,5.000)             0.0000              5.0000              2.2361
     Parameter 21~N(0.000,5.000)             0.0000              5.0000              2.2361
     Parameter 22~N(0.000,5.000)             0.0000              5.0000              2.2361
     Parameter 23~N(0.000,5.000)             0.0000              5.0000              2.2361
     Parameter 24~N(0.000,5.000)             0.0000              5.0000              2.2361
     Parameter 25~N(0.000,5.000)             0.0000              5.0000              2.2361
     Parameter 26~N(0.000,5.000)             0.0000              5.0000              2.2361
     Parameter 27~N(0.000,5.000)             0.0000              5.0000              2.2361
     Parameter 28~IG(-1.000,0.000)         infinity            infinity            infinity
     Parameter 29~N(0.000,5.000)             0.0000              5.0000              2.2361


TECHNICAL 8 OUTPUT


   TECHNICAL 8 OUTPUT FOR BAYES ESTIMATION

     PROCESSOR    BSEED
     1            0
     2            285380
     3            253358
     4            93468

                     POTENTIAL       PARAMETER WITH
     ITERATION    SCALE REDUCTION      HIGHEST PSR
     100              1.281               20
     200              1.118               26
     300              1.166               9
     400              1.083               9
     500              1.066               23
     600              1.020               28
     700              1.036               14
     800              1.025               14
     900              1.025               14
     1000             1.013               10
     1100             1.016               5
     1200             1.016               13
     1300             1.017               11
     1400             1.017               11
     1500             1.009               11
     1600             1.011               21
     1700             1.035               19
     1800             1.045               26
     1900             1.059               2
     2000             1.051               2


DIAGRAM INFORMATION

  Mplus diagrams are currently not available for multilevel analysis.
  No diagram output was produced.


     Beginning Time:  22:30:01
        Ending Time:  22:32:50
       Elapsed Time:  00:02:49



MUTHEN & MUTHEN
3463 Stoner Ave.
Los Angeles, CA  90066

Tel: (310) 391-9971
Fax: (310) 391-8971
Web: www.StatModel.com
Support: Support@StatModel.com

Copyright (c) 1998-2024 Muthen & Muthen
