Mplus VERSION 8.11
MUTHEN & MUTHEN
04/28/2026   7:02 AM

INPUT INSTRUCTIONS


  TITLE: Multilevel Bayesian Analysis - SPED on RSESN Categories;
         Nesting by School Code (Reference: White Female Resources)

  DATA:
    FILE IS merged_2024.dat;

  VARIABLE:
    NAMES ARE is_sped school reg_n rs_n;
    USEVARIABLES ARE is_sped school
    rs_aaf0 rs_aaf1 rs_aam0 rs_aam1 rs_aif0 rs_aif1 rs_aim0 rs_aim1
    rs_asf0 rs_asf1 rs_asm0 rs_asm1 rs_hwf0 rs_hwf1 rs_hwm0 rs_hwm1
    rs_hlf0 rs_hlf1 rs_hlm0 rs_hlm1 rs_mrf0 rs_mrf1 rs_mrm0 rs_mrm1
    rs_naf  rs_nam  rs_wf1  rs_wm0  rs_wm1;



    CATEGORICAL is_sped;
    CLUSTER IS school;
    MISSING ARE .;
    WITHIN = rs_aaf0 rs_aaf1 rs_aam0 rs_aam1 rs_aif0 rs_aif1 rs_aim0 rs_aim1
             rs_asf0 rs_asf1 rs_asm0 rs_asm1 rs_hwf0 rs_hwf1 rs_hwm0 rs_hwm1
             rs_hlf0 rs_hlf1 rs_hlm0 rs_hlm1 rs_mrf0 rs_mrf1 rs_mrm0 rs_mrm1
             rs_naf  rs_nam  rs_wf1  rs_wm0  rs_wm1;

  DEFINE:
    ! Reference Group: White_Female_0 (Code 27) - Excluded from definitions

    ! African American Groups
    rs_aaf0  = (rs_n == 1);   ! African American Female Non-SES
    rs_aaf1  = (rs_n == 2);   ! African American Female Low-Income
    rs_aam0  = (rs_n == 3);   ! African American Male Non-SES
    rs_aam1  = (rs_n == 4);   ! African American Male Low-Income

    ! American Indian Groups
    rs_aif0  = (rs_n == 5);   ! American Indian Female Non-SES
    rs_aif1  = (rs_n == 6);   ! American Indian Female Low-Income
    rs_aim0  = (rs_n == 7);   ! American Indian Male Non-SES
    rs_aim1  = (rs_n == 8);   ! American Indian Male Low-Income

    ! Asian Groups
    rs_asf0  = (rs_n == 9);   ! Asian Female Non-SES
    rs_asf1  = (rs_n == 10);  ! Asian Female Low-Income
    rs_asm0  = (rs_n == 11);  ! Asian Male Non-SES
    rs_asm1  = (rs_n == 12);  ! Asian Male Low-Income

    ! Hawaiian/Pacific Islander Groups
    rs_hwf0  = (rs_n == 13);  ! Hawaiian Female Non-SES
    rs_hwf1  = (rs_n == 14);  ! Hawaiian Female Low-Income
    rs_hwm0  = (rs_n == 15);  ! Hawaiian Male Non-SES
    rs_hwm1  = (rs_n == 16);  ! Hawaiian Male Low-Income

    ! Hispanic/Latino Groups
    rs_hlf0  = (rs_n == 17);  ! Hispanic/Latino Female Non-SES
    rs_hlf1  = (rs_n == 18);  ! Hispanic/Latino Female Low-Income
    rs_hlm0  = (rs_n == 19);  ! Hispanic/Latino Male Non-SES
    rs_hlm1  = (rs_n == 20);  ! Hispanic/Latino Male Low-Income

    ! Multi-Racial Groups
    rs_mrf0  = (rs_n == 21);  ! Multi-Racial Female Non-SES
    rs_mrf1  = (rs_n == 22);  ! Multi-Racial Female Low-Income
    rs_mrm0  = (rs_n == 23);  ! Multi-Racial Male Non-SES
    rs_mrm1  = (rs_n == 24);  ! Multi-Racial Male Low-Income

    ! Administrative Lag / Missing Groups
    rs_naf   = (rs_n == 25);  ! NA Female
    rs_nam   = (rs_n == 26);  ! NA Male

    ! White Comparison Groups
    rs_wf1   = (rs_n == 28);  ! White Female Low-Income
    rs_wm0   = (rs_n == 29);  ! White Male Non-SES
    rs_wm1   = (rs_n == 30);  ! White Male Low-Income

  ANALYSIS:
    TYPE = TWOLEVEL;
    ESTIMATOR = BAYES;
    PROCESSORS = 4;
    BITERATIONS = (2000);
    BCONVERGENCE = 0.05;

  MODEL:
    %WITHIN%
    is_sped ON rs_aaf0 rs_aaf1 rs_aam0 rs_aam1 rs_aif0 rs_aif1 rs_aim0 rs_aim1
               rs_asf0 rs_asf1 rs_asm0 rs_asm1 rs_hwf0 rs_hwf1 rs_hwm0 rs_hwm1
               rs_hlf0 rs_hlf1 rs_hlm0 rs_hlm1 rs_mrf0 rs_mrf1 rs_mrm0 rs_mrm1
               rs_naf  rs_nam  rs_wf1  rs_wm0  rs_wm1;

    %BETWEEN%
    is_sped;

  OUTPUT:
    TECH1 TECH8 STDYX;




*** WARNING
  One or more individual-level variables have no variation within a
  cluster for the following clusters.

     Variable   Cluster IDs with no within-cluster variation

      IS_SPED     971 973 618 13 974 545 108 539 768 763 354 512
      RS_AAF0     971 973 13 974 545 745 108 354
      RS_AAF1     971 973 13 974 545 745 108 354
      RS_AAM0     971 973 618 13 974 545 745 530 108 354
      RS_AAM1     971 973 618 13 974 545 745 108 763 354 628 612 749
      RS_AIF0     971 973 618 13 974 545 745 530 615 108 539 768 358 763 354 514 362 655 540 570
                  628 4075 752 512 543 27 29 750 640 324 334 728 740 244 264 642 310 635 658 632
                  156 339 326 410 332 322 420 266 670 432 248 584 456 4055 749 759 761 684 14
                  613 4090 760 571 762 660 330 35 130 240 280 611 320 128 646 680 21 242 732 616
                  622 254 110 252 681 710 4040 250 327 352 350 776 722 736 620 712 10 28 578 581
                  575 779 271 775 282 637 686 474 780 672 374 176 692 276 742 427 170 579 372
                  32 178 764 376 261 392 675 394 284 678 390 568
      RS_AIF1     971 973 618 13 974 545 745 530 615 108 539 768 358 763 354 514 362 655 540 516
                  537 628 752 512 543 27 29 36 750 650 640 630 22 324 334 728 246 264 314 642
                  310 658 632 156 339 410 332 132 612 124 420 266 318 662 260 670 418 37 538 636
                  248 573 4080 584 456 4055 759 684 613 782 256 4090 571 660 330 35 130 240 682
                  274 611 128 16 680 21 242 616 668 622 254 696 252 681 710 312 250 327 350 20
                  776 722 721 736 620 712 10 28 11 669 634 779 292 271 270 282 476 621 633 690
                  637 686 720 374 718 176 730 756 692 733 586 276 742 427 170 579 372 32 178 4045
                  764 376 33 180 766 23 151 17 261 664 295 392 290 422 675 196 394 576 284 44
                  34 652 18 587 24 568 688 626 588
      RS_AIM0     971 973 618 13 974 545 745 530 615 108 539 768 358 763 354 514 362 540 570 537
                  628 752 512 543 27 29 36 750 650 640 22 324 638 334 728 740 244 264 314 642
                  310 156 339 326 410 332 612 322 124 420 318 662 260 670 418 37 248 573 456 749
                  761 684 14 256 571 762 660 330 130 240 682 274 280 320 412 128 21 242 732 616
                  668 622 254 696 252 681 710 352 350 776 722 620 712 623 578 581 575 634 779
                  292 271 270 775 282 476 621 610 4050 474 780 672 374 176 742 427 170 372 625
                  4045 764 734 738 261 290 422 746 18 568 585
      RS_AIM1     971 973 618 13 974 545 745 530 615 108 539 768 358 354 514 362 655 540 516 570
                  537 628 4075 512 543 27 29 36 750 650 640 630 22 324 334 728 740 244 246 264
                  314 658 156 339 326 410 332 132 612 322 124 266 318 662 260 670 418 37 432 538
                  636 248 573 4080 584 456 4055 749 759 761 684 14 613 782 256 4090 760 571 762
                  660 330 321 240 682 611 112 128 16 646 680 21 242 732 616 668 622 696 252 681
                  710 312 250 20 776 722 721 736 620 712 673 623 578 11 575 669 779 270 775 282
                  621 610 4050 686 474 780 672 720 718 730 724 692 733 586 742 427 170 32 4045
                  376 734 738 180 766 26 23 743 17 286 261 665 664 295 685 422 675 66 746 394
                  284 652 678 587 24 588
      RS_ASF0     971 973 618 13 974 545 745 530 615 108 539 768 358 763 354 362 655 570 537 4075
                  752 543 750 244 410 266 456 782 571 274 352 581 575 692 4045
      RS_ASF1     971 973 618 13 974 545 745 530 615 108 539 768 358 763 354 514 362 655 540 570
                  537 628 4075 752 543 36 750 650 640 630 22 324 638 728 740 244 246 264 642 635
                  658 632 156 339 410 322 420 266 662 260 418 37 432 636 573 584 749 759 761 684
                  14 782 4090 660 35 240 280 16 646 680 242 732 616 622 254 696 252 681 710 4040
                  250 327 352 350 722 721 736 620 712 673 623 578 11 581 575 779 292 271 270 282
                  476 621 610 633 690 686 672 720 730 724 692 733 586 276 742 427 741 579 4045
                  734 33 738 766 743 286 665 685 675 746 576 284 568 726 748
      RS_ASM0     971 973 13 974 545 745 530 615 108 539 768 358 354 655 570 537 628 4075 752
                  543 244 246 266 670 432 248 4080 584 456 761 782 571 240 4040 776 581 575 672
                  692 579 4045
      RS_ASM1     971 973 618 13 974 545 745 530 615 108 539 768 358 763 354 514 362 655 540 516
                  570 537 628 4075 752 512 543 27 29 36 750 650 640 630 22 324 638 334 728 740
                  244 246 264 642 658 632 156 410 266 662 670 418 37 432 636 573 4080 584 456
                  749 761 14 4090 760 762 660 682 274 611 412 646 680 242 732 668 696 252 681
                  710 4040 250 327 352 350 776 722 721 736 712 10 11 581 575 634 292 271 775 282
                  476 633 690 637 474 780 672 720 718 176 730 724 756 692 733 586 742 741 579
                  372 4045 734 738 766 294 743 286 261 665 190 685 675 66 746 783 576 652 18 80
                  490 626
      RS_HWF0     971 973 618 13 974 545 745 530 615 108 539 768 358 763 354 514 362 655 540 516
                  570 537 4075 752 512 543 27 29 36 750 650 640 630 22 324 638 728 740 244 264
                  314 642 310 658 632 156 339 326 410 332 132 322 124 266 318 662 260 670 418
                  37 538 248 573 4080 584 456 749 759 761 613 782 256 4090 760 762 660 35 130
                  321 240 682 274 280 611 112 412 128 16 646 680 242 732 616 668 622 254 110 252
                  681 312 250 327 352 350 20 776 722 721 736 620 712 10 673 28 623 578 11 581
                  575 669 634 292 270 775 282 476 610 4050 690 637 686 474 780 672 720 374 176
                  724 692 733 586 742 170 741 372 625 32 178 4045 376 734 738 180 766 294 23 470
                  743 17 286 665 190 664 392 685 194 290 675 196 783 284 678 587 80 726 748 585
                  588
      RS_HWF1     971 973 618 13 974 545 745 530 615 108 539 768 358 763 354 514 362 655 540 516
                  570 537 628 4075 752 512 543 27 29 36 750 650 640 630 22 324 638 334 728 740
                  244 246 264 314 642 310 658 632 156 339 326 332 132 612 322 420 266 318 662
                  260 670 418 37 432 538 636 248 573 4080 584 456 4055 749 759 761 684 14 613
                  782 256 4090 760 571 762 660 330 35 130 321 240 682 274 280 611 112 320 412
                  16 646 680 21 242 732 616 668 622 254 110 696 681 710 312 250 327 352 350 20
                  776 722 721 736 620 712 10 673 28 623 578 11 581 669 634 779 292 271 270 775
                  282 476 621 610 4050 690 637 686 474 780 672 720 718 176 730 724 692 733 586
                  276 742 427 170 741 579 372 625 32 178 4045 764 376 734 33 738 180 766 294 26
                  23 470 743 151 286 261 665 190 664 295 392 685 290 422 196 66 394 783 576 284
                  44 34 652 18 770 678 587 568 80 688 726 490 585 588
      RS_HWM0     971 973 618 13 974 545 745 530 615 108 539 768 358 763 354 514 362 655 540 516
                  570 537 628 4075 752 543 27 29 36 750 650 640 630 22 324 638 334 728 740 244
                  246 264 642 310 635 658 632 156 339 326 410 332 132 322 124 420 266 662 260
                  670 418 37 538 636 248 573 4080 584 456 749 759 761 684 14 613 256 4090 760
                  762 660 321 240 682 280 611 112 320 412 128 16 646 680 242 732 668 622 254 110
                  696 252 4040 312 250 352 350 20 776 722 736 620 712 10 578 11 581 575 669 634
                  292 271 270 775 282 476 621 4050 690 637 686 474 672 720 730 724 692 733 586
                  276 742 427 741 579 4045 764 376 734 33 766 294 26 470 743 151 286 261 665 190
                  664 295 685 290 422 746 394 576 284 44 18 770 678 24 568 80 748 588
      RS_HWM1     971 973 618 13 974 545 745 530 615 108 539 768 358 763 354 514 362 655 540 516
                  570 537 628 4075 752 512 543 27 29 36 750 650 640 630 22 324 638 334 728 740
                  244 246 264 314 642 310 635 658 632 156 339 326 410 332 132 612 322 124 266
                  318 662 260 670 418 37 538 248 573 4080 584 456 4055 749 759 761 684 14 613
                  782 4090 760 571 762 660 330 35 130 321 240 682 274 280 611 320 128 16 646 680
                  21 242 732 616 668 622 254 110 696 681 710 4040 312 250 327 352 350 20 776 722
                  721 620 712 10 673 28 623 11 581 575 669 634 779 292 270 775 282 476 621 610
                  633 4050 690 637 686 474 780 672 720 374 718 176 730 724 756 692 733 586 276
                  742 427 170 579 372 625 32 178 4045 734 33 738 180 766 294 26 23 470 743 151
                  17 286 665 190 664 295 392 685 194 290 422 675 196 66 746 394 783 576 284 44
                  34 652 770 678 587 24 568 688 726 748 490 585 626 588
      RS_HLF0     971 973 618 13 974 545 530 615 108 539 354 570 575
      RS_HLF1     971 973 618 13 974 545 745 530 615 108 539 763 354 514 655 628 4075 29 612 124
      RS_HLM0     971 973 618 13 974 545 745 108 354 655 575
      RS_HLM1     971 973 618 13 974 545 530 108 539 768 354 628 27 29 4090 4050
      RS_MRF0     971 973 618 13 974 545 745 530 615 108 539 358 763 354 514 4075 244 248
      RS_MRF1     971 973 618 13 974 545 745 615 108 539 358 763 354 514 655 540 628 4075 512
                  27 630 728 246 612 37 571 35 736 271 579 295 284
      RS_MRM0     971 973 618 13 974 545 745 530 108 539 354 516 246 248 571
      RS_MRM1     971 973 618 13 974 545 745 615 108 539 358 354 362 655 516 628 4075 29 612 248
                  4080 571 578
      RS_NAF      971 973 618 974 745 615 539 768 358 763 514 362 516 570 752 512 543 27 29 36
                  22 638 740 244 246 264 314 642 635 156 410 612 124 670 37 248 573 4080 584 456
                  4055 749 613 782 4090 571 660 35 321 274 611 646 680 21 242 616 622 252 4040
                  250 20 620 712 10 673 28 11 581 575 779 271 270 176 756 692 733 586 276 742
                  427 170 579 625 4045 738 26 470 17 286 422 66 746 783 576 284 44 652 18 770
                  587 568 588
      RS_NAM      971 973 618 974 530 539 768 358 763 514 540 570 628 512 543 27 638 740 244 264
                  314 642 418 37 432 573 584 4055 749 14 782 4090 571 130 242 252 681 4040 327
                  721 736 620 712 581 575 271 4050 756 586 276 579 4045 738 26 286 66 783 576
                  284 44 587 568 588
      RS_WF1      971 973 618 13 974 545 615 108 539 358 354 537 628 4075
      RS_WM0      971 973 618 13 974 545 108 358 354
      RS_WM1      971 973 13 974 545 745 530 108 358 354 628

   1 WARNING(S) FOUND IN THE INPUT INSTRUCTIONS



Multilevel Bayesian Analysis - SPED on RSESN Categories;
Nesting by School Code (Reference: White Female Resources)

SUMMARY OF ANALYSIS

Number of groups                                                 1
Number of observations                                      141761

Number of dependent variables                                    1
Number of independent variables                                 29
Number of continuous latent variables                            0

Observed dependent variables

  Binary and ordered categorical (ordinal)
   IS_SPED

Observed independent variables
   RS_AAF0     RS_AAF1     RS_AAM0     RS_AAM1     RS_AIF0     RS_AIF1
   RS_AIM0     RS_AIM1     RS_ASF0     RS_ASF1     RS_ASM0     RS_ASM1
   RS_HWF0     RS_HWF1     RS_HWM0     RS_HWM1     RS_HLF0     RS_HLF1
   RS_HLM0     RS_HLM1     RS_MRF0     RS_MRF1     RS_MRM0     RS_MRM1
   RS_NAF      RS_NAM      RS_WF1      RS_WM0      RS_WM1

Variables with special functions

  Cluster variable      SCHOOL

  Within variables
   RS_AAF0     RS_AAF1     RS_AAM0     RS_AAM1     RS_AIF0     RS_AIF1
   RS_AIM0     RS_AIM1     RS_ASF0     RS_ASF1     RS_ASM0     RS_ASM1
   RS_HWF0     RS_HWF1     RS_HWM0     RS_HWM1     RS_HLF0     RS_HLF1
   RS_HLM0     RS_HLM1     RS_MRF0     RS_MRF1     RS_MRM0     RS_MRM1
   RS_NAF      RS_NAM      RS_WF1      RS_WM0      RS_WM1


Estimator                                                    BAYES
Specifications for Bayesian Estimation
  Point estimate                                            MEDIAN
  Number of Markov chain Monte Carlo (MCMC) chains               2
  Random seed for the first chain                                0
  Starting value information                           UNPERTURBED
  Algorithm used for Markov chain Monte Carlo           GIBBS(PX1)
  Convergence criterion                                  0.500D-01
  Maximum number of iterations                               50000
  K-th iteration used for thinning                               1
Link                                                        PROBIT

Input data file(s)
  merged_2024.dat
Input data format  FREE


SUMMARY OF DATA

     Number of clusters                        230

       Size (s)    Cluster ID with Size s

          1        510
          2        971 973
          5        618
         10        13 974
         11        545
         12        745
         19        530
         27        615
         30        108
         42        539
         61        768
         62        358
         63        763
         65        354
         84        514
         89        362
         91        655
        102        540
        122        516 570
        125        537
        133        628
        152        4075
        173        752
        183        512
        191        543
        192        27
        202        29
        212        36
        236        750
        242        650
        263        640
        268        630
        269        22
        270        324
        273        638
        287        334
        299        728
        301        740
        303        244
        317        246
        324        264
        327        314
        329        642
        333        310
        342        635
        345        658
        346        632
        347        156
        351        339
        354        326
        357        410
        359        332
        360        132
        363        612
        367        322
        369        124
        373        420
        376        266 318
        377        662 260
        380        670
        385        418
        387        37
        389        432
        394        538
        397        636
        398        248
        403        573
        413        4080
        415        584
        416        456 4055
        419        749
        422        759
        427        761
        430        684
        435        14 613
        437        782
        438        256
        439        4090 760
        446        571
        448        762
        449        660
        453        330
        457        35
        461        130
        462        321 240
        466        682
        472        274
        479        280
        480        611 112 320
        481        412 128
        483        16
        490        646
        491        680
        493        21 242
        494        732
        513        616 668
        514        622
        516        254
        518        110
        523        696
        528        252
        530        681
        532        710
        533        4040
        539        312
        548        250
        549        327
        552        352
        558        350
        561        20
        562        776
        564        722
        566        721
        568        736 620
        570        712
        572        10
        577        673
        578        28
        579        623
        592        578
        597        11
        599        581
        601        575
        609        669
        610        634
        611        779
        613        292
        615        271
        618        270
        623        775
        624        282
        631        476
        633        621
        635        610
        640        633
        644        4050
        659        690 637
        674        686
        694        474
        696        780
        698        672 720
        706        374
        707        718
        713        176
        719        730
        723        724
        724        756
        725        692
        734        733
        741        586
        747        276
        750        742
        752        427
        755        170
        758        741
        764        579
        767        372
        789        625
        790        32
        803        178
        805        4045
        838        764
        840        376
        849        734
        861        33
        875        738
        886        180
        889        766
        897        294
        902        26
        906        23
        909        470
        911        743
        915        151
        933        17
        934        286
        938        261
        944        665
        952        190
        955        664
        980        295
        991        392
       1017        685
       1020        194
       1045        290
       1067        422
       1070        675
       1087        196
       1094        66
       1095        746
       1110        394
       1134        783
       1158        576
       1163        284
       1188        44
       1196        34
       1227        652
       1244        18
       1324        770
       1343        678
       1396        587
       1409        390
       1419        24
       1444        568
       1640        80
       1833        688
       1911        648
       2002        726
       2019        748
       2128        490
       2194        585
       2266        626
       3047        588



COVARIANCE COVERAGE OF DATA

Minimum covariance coverage value   0.100

     Number of missing data patterns             1


     PROPORTION OF DATA PRESENT


           Covariance Coverage
              IS_SPED       RS_AAF0       RS_AAF1       RS_AAM0       RS_AAM1
              ________      ________      ________      ________      ________
 IS_SPED        1.000
 RS_AAF0        1.000         1.000
 RS_AAF1        1.000         1.000         1.000
 RS_AAM0        1.000         1.000         1.000         1.000
 RS_AAM1        1.000         1.000         1.000         1.000         1.000
 RS_AIF0        1.000         1.000         1.000         1.000         1.000
 RS_AIF1        1.000         1.000         1.000         1.000         1.000
 RS_AIM0        1.000         1.000         1.000         1.000         1.000
 RS_AIM1        1.000         1.000         1.000         1.000         1.000
 RS_ASF0        1.000         1.000         1.000         1.000         1.000
 RS_ASF1        1.000         1.000         1.000         1.000         1.000
 RS_ASM0        1.000         1.000         1.000         1.000         1.000
 RS_ASM1        1.000         1.000         1.000         1.000         1.000
 RS_HWF0        1.000         1.000         1.000         1.000         1.000
 RS_HWF1        1.000         1.000         1.000         1.000         1.000
 RS_HWM0        1.000         1.000         1.000         1.000         1.000
 RS_HWM1        1.000         1.000         1.000         1.000         1.000
 RS_HLF0        1.000         1.000         1.000         1.000         1.000
 RS_HLF1        1.000         1.000         1.000         1.000         1.000
 RS_HLM0        1.000         1.000         1.000         1.000         1.000
 RS_HLM1        1.000         1.000         1.000         1.000         1.000
 RS_MRF0        1.000         1.000         1.000         1.000         1.000
 RS_MRF1        1.000         1.000         1.000         1.000         1.000
 RS_MRM0        1.000         1.000         1.000         1.000         1.000
 RS_MRM1        1.000         1.000         1.000         1.000         1.000
 RS_NAF         1.000         1.000         1.000         1.000         1.000
 RS_NAM         1.000         1.000         1.000         1.000         1.000
 RS_WF1         1.000         1.000         1.000         1.000         1.000
 RS_WM0         1.000         1.000         1.000         1.000         1.000
 RS_WM1         1.000         1.000         1.000         1.000         1.000


           Covariance Coverage
              RS_AIF0       RS_AIF1       RS_AIM0       RS_AIM1       RS_ASF0
              ________      ________      ________      ________      ________
 RS_AIF0        1.000
 RS_AIF1        1.000         1.000
 RS_AIM0        1.000         1.000         1.000
 RS_AIM1        1.000         1.000         1.000         1.000
 RS_ASF0        1.000         1.000         1.000         1.000         1.000
 RS_ASF1        1.000         1.000         1.000         1.000         1.000
 RS_ASM0        1.000         1.000         1.000         1.000         1.000
 RS_ASM1        1.000         1.000         1.000         1.000         1.000
 RS_HWF0        1.000         1.000         1.000         1.000         1.000
 RS_HWF1        1.000         1.000         1.000         1.000         1.000
 RS_HWM0        1.000         1.000         1.000         1.000         1.000
 RS_HWM1        1.000         1.000         1.000         1.000         1.000
 RS_HLF0        1.000         1.000         1.000         1.000         1.000
 RS_HLF1        1.000         1.000         1.000         1.000         1.000
 RS_HLM0        1.000         1.000         1.000         1.000         1.000
 RS_HLM1        1.000         1.000         1.000         1.000         1.000
 RS_MRF0        1.000         1.000         1.000         1.000         1.000
 RS_MRF1        1.000         1.000         1.000         1.000         1.000
 RS_MRM0        1.000         1.000         1.000         1.000         1.000
 RS_MRM1        1.000         1.000         1.000         1.000         1.000
 RS_NAF         1.000         1.000         1.000         1.000         1.000
 RS_NAM         1.000         1.000         1.000         1.000         1.000
 RS_WF1         1.000         1.000         1.000         1.000         1.000
 RS_WM0         1.000         1.000         1.000         1.000         1.000
 RS_WM1         1.000         1.000         1.000         1.000         1.000


           Covariance Coverage
              RS_ASF1       RS_ASM0       RS_ASM1       RS_HWF0       RS_HWF1
              ________      ________      ________      ________      ________
 RS_ASF1        1.000
 RS_ASM0        1.000         1.000
 RS_ASM1        1.000         1.000         1.000
 RS_HWF0        1.000         1.000         1.000         1.000
 RS_HWF1        1.000         1.000         1.000         1.000         1.000
 RS_HWM0        1.000         1.000         1.000         1.000         1.000
 RS_HWM1        1.000         1.000         1.000         1.000         1.000
 RS_HLF0        1.000         1.000         1.000         1.000         1.000
 RS_HLF1        1.000         1.000         1.000         1.000         1.000
 RS_HLM0        1.000         1.000         1.000         1.000         1.000
 RS_HLM1        1.000         1.000         1.000         1.000         1.000
 RS_MRF0        1.000         1.000         1.000         1.000         1.000
 RS_MRF1        1.000         1.000         1.000         1.000         1.000
 RS_MRM0        1.000         1.000         1.000         1.000         1.000
 RS_MRM1        1.000         1.000         1.000         1.000         1.000
 RS_NAF         1.000         1.000         1.000         1.000         1.000
 RS_NAM         1.000         1.000         1.000         1.000         1.000
 RS_WF1         1.000         1.000         1.000         1.000         1.000
 RS_WM0         1.000         1.000         1.000         1.000         1.000
 RS_WM1         1.000         1.000         1.000         1.000         1.000


           Covariance Coverage
              RS_HWM0       RS_HWM1       RS_HLF0       RS_HLF1       RS_HLM0
              ________      ________      ________      ________      ________
 RS_HWM0        1.000
 RS_HWM1        1.000         1.000
 RS_HLF0        1.000         1.000         1.000
 RS_HLF1        1.000         1.000         1.000         1.000
 RS_HLM0        1.000         1.000         1.000         1.000         1.000
 RS_HLM1        1.000         1.000         1.000         1.000         1.000
 RS_MRF0        1.000         1.000         1.000         1.000         1.000
 RS_MRF1        1.000         1.000         1.000         1.000         1.000
 RS_MRM0        1.000         1.000         1.000         1.000         1.000
 RS_MRM1        1.000         1.000         1.000         1.000         1.000
 RS_NAF         1.000         1.000         1.000         1.000         1.000
 RS_NAM         1.000         1.000         1.000         1.000         1.000
 RS_WF1         1.000         1.000         1.000         1.000         1.000
 RS_WM0         1.000         1.000         1.000         1.000         1.000
 RS_WM1         1.000         1.000         1.000         1.000         1.000


           Covariance Coverage
              RS_HLM1       RS_MRF0       RS_MRF1       RS_MRM0       RS_MRM1
              ________      ________      ________      ________      ________
 RS_HLM1        1.000
 RS_MRF0        1.000         1.000
 RS_MRF1        1.000         1.000         1.000
 RS_MRM0        1.000         1.000         1.000         1.000
 RS_MRM1        1.000         1.000         1.000         1.000         1.000
 RS_NAF         1.000         1.000         1.000         1.000         1.000
 RS_NAM         1.000         1.000         1.000         1.000         1.000
 RS_WF1         1.000         1.000         1.000         1.000         1.000
 RS_WM0         1.000         1.000         1.000         1.000         1.000
 RS_WM1         1.000         1.000         1.000         1.000         1.000


           Covariance Coverage
              RS_NAF        RS_NAM        RS_WF1        RS_WM0        RS_WM1
              ________      ________      ________      ________      ________
 RS_NAF         1.000
 RS_NAM         1.000         1.000
 RS_WF1         1.000         1.000         1.000
 RS_WM0         1.000         1.000         1.000         1.000
 RS_WM1         1.000         1.000         1.000         1.000         1.000


UNIVARIATE PROPORTIONS AND COUNTS FOR CATEGORICAL VARIABLES

    IS_SPED
      Category 1    0.816       115683.000
      Category 2    0.184        26078.000



UNIVARIATE SAMPLE STATISTICS


     UNIVARIATE HIGHER-ORDER MOMENT DESCRIPTIVE STATISTICS

         Variable/         Mean/     Skewness/   Minimum/ % with                Percentiles
        Sample Size      Variance    Kurtosis    Maximum  Min/Max      20%/60%    40%/80%    Median

     RS_AAF0               0.085       2.976       0.000   91.50%       0.000      0.000      0.000
          141761.000       0.078       6.855       1.000    8.50%       0.000      0.000
     RS_AAF1               0.063       3.589       0.000   93.68%       0.000      0.000      0.000
          141761.000       0.059      10.880       1.000    6.32%       0.000      0.000
     RS_AAM0               0.090       2.869       0.000   91.02%       0.000      0.000      0.000
          141761.000       0.082       6.232       1.000    8.98%       0.000      0.000
     RS_AAM1               0.065       3.536       0.000   93.52%       0.000      0.000      0.000
          141761.000       0.061      10.503       1.000    6.48%       0.000      0.000
     RS_AIF0               0.001      27.047       0.000   99.86%       0.000      0.000      0.000
          141761.000       0.001     729.514       1.000    0.14%       0.000      0.000
     RS_AIF1               0.001      41.291       0.000   99.94%       0.000      0.000      0.000
          141761.000       0.001    1702.964       1.000    0.06%       0.000      0.000
     RS_AIM0               0.001      26.634       0.000   99.86%       0.000      0.000      0.000
          141761.000       0.001     707.368       1.000    0.14%       0.000      0.000
     RS_AIM1               0.001      41.799       0.000   99.94%       0.000      0.000      0.000
          141761.000       0.001    1745.136       1.000    0.06%       0.000      0.000
     RS_ASF0               0.019       7.026       0.000   98.09%       0.000      0.000      0.000
          141761.000       0.019      47.368       1.000    1.91%       0.000      0.000
     RS_ASF1               0.002      24.820       0.000   99.84%       0.000      0.000      0.000
          141761.000       0.002     614.045       1.000    0.16%       0.000      0.000
     RS_ASM0               0.021       6.643       0.000   97.88%       0.000      0.000      0.000
          141761.000       0.021      42.134       1.000    2.12%       0.000      0.000
     RS_ASM1               0.002      24.344       0.000   99.83%       0.000      0.000      0.000
          141761.000       0.002     590.636       1.000    0.17%       0.000      0.000
     RS_HWF0               0.000      45.626       0.000   99.95%       0.000      0.000      0.000
          141761.000       0.000    2079.721       1.000    0.05%       0.000      0.000
     RS_HWF1               0.000      73.820       0.000   99.98%       0.000      0.000      0.000
          141761.000       0.000    5447.346       1.000    0.02%       0.000      0.000
     RS_HWM0               0.000      44.968       0.000   99.95%       0.000      0.000      0.000
          141761.000       0.000    2020.158       1.000    0.05%       0.000      0.000
     RS_HWM1               0.000      84.173       0.000   99.99%       0.000      0.000      0.000
          141761.000       0.000    7083.050       1.000    0.01%       0.000      0.000
     RS_HLF0               0.068       3.422       0.000   93.17%       0.000      0.000      0.000
          141761.000       0.064       9.707       1.000    6.83%       0.000      0.000
     RS_HLF1               0.028       5.756       0.000   97.23%       0.000      0.000      0.000
          141761.000       0.027      31.128       1.000    2.77%       0.000      0.000
     RS_HLM0               0.070       3.373       0.000   93.01%       0.000      0.000      0.000
          141761.000       0.065       9.374       1.000    6.99%       0.000      0.000
     RS_HLM1               0.027       5.785       0.000   97.26%       0.000      0.000      0.000
          141761.000       0.027      31.471       1.000    2.74%       0.000      0.000
     RS_MRF0               0.017       7.373       0.000   98.26%       0.000      0.000      0.000
          141761.000       0.017      52.364       1.000    1.74%       0.000      0.000
     RS_MRF1               0.010      10.112       0.000   99.05%       0.000      0.000      0.000
          141761.000       0.009     100.252       1.000    0.95%       0.000      0.000
     RS_MRM0               0.018       7.276       0.000   98.21%       0.000      0.000      0.000
          141761.000       0.018      50.940       1.000    1.79%       0.000      0.000
     RS_MRM1               0.009      10.385       0.000   99.10%       0.000      0.000      0.000
          141761.000       0.009     105.846       1.000    0.90%       0.000      0.000
     RS_NAF                0.004      15.209       0.000   99.57%       0.000      0.000      0.000
          141761.000       0.004     229.320       1.000    0.43%       0.000      0.000
     RS_NAM                0.011       9.390       0.000   98.90%       0.000      0.000      0.000
          141761.000       0.011      86.176       1.000    1.10%       0.000      0.000
     RS_WF1                0.030       5.519       0.000   97.01%       0.000      0.000      0.000
          141761.000       0.029      28.457       1.000    2.99%       0.000      0.000
     RS_WM0                0.167       1.783       0.000   83.27%       0.000      0.000      0.000
          141761.000       0.139       1.178       1.000   16.73%       0.000      0.000
     RS_WM1                0.032       5.281       0.000   96.76%       0.000      0.000      0.000
          141761.000       0.031      25.891       1.000    3.24%       0.000      0.000


THE MODEL ESTIMATION TERMINATED NORMALLY

     USE THE FBITERATIONS OPTION TO INCREASE THE NUMBER OF ITERATIONS BY A FACTOR
     OF AT LEAST TWO TO CHECK CONVERGENCE AND THAT THE PSR VALUE DOES NOT INCREASE.



MODEL FIT INFORMATION

Number of Free Parameters                              31

Bayesian Posterior Predictive Checking using Chi-Square

          95% Confidence Interval for the Difference Between
          the Observed and the Replicated Chi-Square Values

                                -18.799            25.176

          Posterior Predictive P-Value              0.459



MODEL RESULTS

                                Posterior  One-Tailed         95% C.I.
                    Estimate       S.D.      P-Value   Lower 2.5%  Upper 2.5%  Significance

Within Level

 IS_SPED    ON
    RS_AAF0            0.093       0.019      0.000       0.059       0.132      *
    RS_AAF1            0.281       0.020      0.000       0.242       0.320      *
    RS_AAM0            0.455       0.017      0.000       0.421       0.490      *
    RS_AAM1            0.633       0.018      0.000       0.600       0.669      *
    RS_AIF0            0.038       0.119      0.382      -0.199       0.264
    RS_AIF1            0.216       0.169      0.102      -0.135       0.538
    RS_AIM0            0.402       0.101      0.000       0.201       0.596      *
    RS_AIM1            0.527       0.155      0.000       0.223       0.837      *
    RS_ASF0           -0.545       0.049      0.000      -0.653      -0.455      *
    RS_ASF1           -0.411       0.134      0.001      -0.689      -0.168      *
    RS_ASM0           -0.090       0.036      0.006      -0.158      -0.018      *
    RS_ASM1            0.116       0.103      0.129      -0.093       0.317
    RS_HWF0            0.309       0.182      0.049      -0.054       0.648
    RS_HWF1           -0.599       0.486      0.070      -1.678       0.197
    RS_HWM0            0.048       0.194      0.396      -0.357       0.409
    RS_HWM1            0.407       0.332      0.115      -0.293       1.015
    RS_HLF0           -0.057       0.020      0.005      -0.096      -0.016      *
    RS_HLF1            0.166       0.029      0.000       0.113       0.223      *
    RS_HLM0            0.253       0.019      0.000       0.216       0.290      *
    RS_HLM1            0.518       0.024      0.000       0.471       0.563      *
    RS_MRF0           -0.025       0.035      0.229      -0.096       0.041
    RS_MRF1            0.199       0.042      0.000       0.116       0.280      *
    RS_MRM0            0.320       0.030      0.000       0.257       0.377      *
    RS_MRM1            0.654       0.039      0.000       0.573       0.728      *
    RS_NAF             4.931       0.395      0.000       4.091       5.724      *
    RS_NAM             5.414       0.383      0.000       4.705       6.102      *
    RS_WF1             0.398       0.025      0.000       0.349       0.447      *
    RS_WM0             0.321       0.015      0.000       0.292       0.351      *
    RS_WM1             0.697       0.023      0.000       0.652       0.741      *

Between Level

 Thresholds
    IS_SPED$1          1.188       0.030      0.000       1.127       1.244      *

 Variances
    IS_SPED            0.165       0.019      0.000       0.133       0.207      *


STANDARDIZED MODEL RESULTS


STDYX Standardization

                                Posterior  One-Tailed         95% C.I.
                    Estimate       S.D.      P-Value   Lower 2.5%  Upper 2.5%  Significance
Within Level

 IS_SPED    ON
    RS_AAF0            0.022       0.004      0.000       0.014       0.031      *
    RS_AAF1            0.057       0.004      0.000       0.049       0.065      *
    RS_AAM0            0.108       0.004      0.000       0.100       0.117      *
    RS_AAM1            0.130       0.004      0.000       0.122       0.137      *
    RS_AIF0            0.001       0.004      0.382      -0.006       0.008
    RS_AIF1            0.004       0.003      0.102      -0.003       0.011
    RS_AIM0            0.012       0.003      0.000       0.006       0.019      *
    RS_AIM1            0.010       0.003      0.000       0.004       0.016      *
    RS_ASF0           -0.062       0.006      0.000      -0.074      -0.052      *
    RS_ASF1           -0.014       0.004      0.001      -0.023      -0.006      *
    RS_ASM0           -0.011       0.004      0.006      -0.019      -0.002      *
    RS_ASM1            0.004       0.004      0.129      -0.003       0.011
    RS_HWF0            0.006       0.003      0.049      -0.001       0.012
    RS_HWF1           -0.007       0.005      0.070      -0.019       0.002
    RS_HWM0            0.001       0.004      0.396      -0.007       0.008
    RS_HWM1            0.004       0.003      0.115      -0.003       0.010
    RS_HLF0           -0.012       0.004      0.005      -0.020      -0.003      *
    RS_HLF1            0.023       0.004      0.000       0.015       0.030      *
    RS_HLM0            0.054       0.004      0.000       0.046       0.062      *
    RS_HLM1            0.070       0.003      0.000       0.064       0.077      *
    RS_MRF0           -0.003       0.004      0.229      -0.010       0.004
    RS_MRF1            0.016       0.003      0.000       0.009       0.023      *
    RS_MRM0            0.035       0.003      0.000       0.028       0.042      *
    RS_MRM1            0.051       0.003      0.000       0.045       0.057      *
    RS_NAF             0.267       0.022      0.000       0.220       0.313      *
    RS_NAM             0.470       0.027      0.000       0.413       0.517      *
    RS_WF1             0.056       0.004      0.000       0.049       0.064      *
    RS_WM0             0.100       0.005      0.000       0.090       0.109      *
    RS_WM1             0.103       0.003      0.000       0.096       0.110      *

Between Level

 Thresholds
    IS_SPED$1          2.929       0.180      0.000       2.587       3.284      *

 Variances
    IS_SPED            1.000       0.000      0.000       1.000       1.000


R-SQUARE

Within Level

                                Posterior  One-Tailed         95% C.I.
    Variable        Estimate       S.D.      P-Value   Lower 2.5%  Upper 2.5%

    IS_SPED            0.306       0.019      0.000       0.278       0.345


TECHNICAL 1 OUTPUT


     PARAMETER SPECIFICATION FOR WITHIN


           TAU
              IS_SPED$
              ________
                    0


           NU
              IS_SPED       RS_AAF0       RS_AAF1       RS_AAM0       RS_AAM1
              ________      ________      ________      ________      ________
                    0             0             0             0             0


           NU
              RS_AIF0       RS_AIF1       RS_AIM0       RS_AIM1       RS_ASF0
              ________      ________      ________      ________      ________
                    0             0             0             0             0


           NU
              RS_ASF1       RS_ASM0       RS_ASM1       RS_HWF0       RS_HWF1
              ________      ________      ________      ________      ________
                    0             0             0             0             0


           NU
              RS_HWM0       RS_HWM1       RS_HLF0       RS_HLF1       RS_HLM0
              ________      ________      ________      ________      ________
                    0             0             0             0             0


           NU
              RS_HLM1       RS_MRF0       RS_MRF1       RS_MRM0       RS_MRM1
              ________      ________      ________      ________      ________
                    0             0             0             0             0


           NU
              RS_NAF        RS_NAM        RS_WF1        RS_WM0        RS_WM1
              ________      ________      ________      ________      ________
                    0             0             0             0             0


           LAMBDA
              IS_SPED       RS_AAF0       RS_AAF1       RS_AAM0       RS_AAM1
              ________      ________      ________      ________      ________
 IS_SPED            0             0             0             0             0
 RS_AAF0            0             0             0             0             0
 RS_AAF1            0             0             0             0             0
 RS_AAM0            0             0             0             0             0
 RS_AAM1            0             0             0             0             0
 RS_AIF0            0             0             0             0             0
 RS_AIF1            0             0             0             0             0
 RS_AIM0            0             0             0             0             0
 RS_AIM1            0             0             0             0             0
 RS_ASF0            0             0             0             0             0
 RS_ASF1            0             0             0             0             0
 RS_ASM0            0             0             0             0             0
 RS_ASM1            0             0             0             0             0
 RS_HWF0            0             0             0             0             0
 RS_HWF1            0             0             0             0             0
 RS_HWM0            0             0             0             0             0
 RS_HWM1            0             0             0             0             0
 RS_HLF0            0             0             0             0             0
 RS_HLF1            0             0             0             0             0
 RS_HLM0            0             0             0             0             0
 RS_HLM1            0             0             0             0             0
 RS_MRF0            0             0             0             0             0
 RS_MRF1            0             0             0             0             0
 RS_MRM0            0             0             0             0             0
 RS_MRM1            0             0             0             0             0
 RS_NAF             0             0             0             0             0
 RS_NAM             0             0             0             0             0
 RS_WF1             0             0             0             0             0
 RS_WM0             0             0             0             0             0
 RS_WM1             0             0             0             0             0


           LAMBDA
              RS_AIF0       RS_AIF1       RS_AIM0       RS_AIM1       RS_ASF0
              ________      ________      ________      ________      ________
 IS_SPED            0             0             0             0             0
 RS_AAF0            0             0             0             0             0
 RS_AAF1            0             0             0             0             0
 RS_AAM0            0             0             0             0             0
 RS_AAM1            0             0             0             0             0
 RS_AIF0            0             0             0             0             0
 RS_AIF1            0             0             0             0             0
 RS_AIM0            0             0             0             0             0
 RS_AIM1            0             0             0             0             0
 RS_ASF0            0             0             0             0             0
 RS_ASF1            0             0             0             0             0
 RS_ASM0            0             0             0             0             0
 RS_ASM1            0             0             0             0             0
 RS_HWF0            0             0             0             0             0
 RS_HWF1            0             0             0             0             0
 RS_HWM0            0             0             0             0             0
 RS_HWM1            0             0             0             0             0
 RS_HLF0            0             0             0             0             0
 RS_HLF1            0             0             0             0             0
 RS_HLM0            0             0             0             0             0
 RS_HLM1            0             0             0             0             0
 RS_MRF0            0             0             0             0             0
 RS_MRF1            0             0             0             0             0
 RS_MRM0            0             0             0             0             0
 RS_MRM1            0             0             0             0             0
 RS_NAF             0             0             0             0             0
 RS_NAM             0             0             0             0             0
 RS_WF1             0             0             0             0             0
 RS_WM0             0             0             0             0             0
 RS_WM1             0             0             0             0             0


           LAMBDA
              RS_ASF1       RS_ASM0       RS_ASM1       RS_HWF0       RS_HWF1
              ________      ________      ________      ________      ________
 IS_SPED            0             0             0             0             0
 RS_AAF0            0             0             0             0             0
 RS_AAF1            0             0             0             0             0
 RS_AAM0            0             0             0             0             0
 RS_AAM1            0             0             0             0             0
 RS_AIF0            0             0             0             0             0
 RS_AIF1            0             0             0             0             0
 RS_AIM0            0             0             0             0             0
 RS_AIM1            0             0             0             0             0
 RS_ASF0            0             0             0             0             0
 RS_ASF1            0             0             0             0             0
 RS_ASM0            0             0             0             0             0
 RS_ASM1            0             0             0             0             0
 RS_HWF0            0             0             0             0             0
 RS_HWF1            0             0             0             0             0
 RS_HWM0            0             0             0             0             0
 RS_HWM1            0             0             0             0             0
 RS_HLF0            0             0             0             0             0
 RS_HLF1            0             0             0             0             0
 RS_HLM0            0             0             0             0             0
 RS_HLM1            0             0             0             0             0
 RS_MRF0            0             0             0             0             0
 RS_MRF1            0             0             0             0             0
 RS_MRM0            0             0             0             0             0
 RS_MRM1            0             0             0             0             0
 RS_NAF             0             0             0             0             0
 RS_NAM             0             0             0             0             0
 RS_WF1             0             0             0             0             0
 RS_WM0             0             0             0             0             0
 RS_WM1             0             0             0             0             0


           LAMBDA
              RS_HWM0       RS_HWM1       RS_HLF0       RS_HLF1       RS_HLM0
              ________      ________      ________      ________      ________
 IS_SPED            0             0             0             0             0
 RS_AAF0            0             0             0             0             0
 RS_AAF1            0             0             0             0             0
 RS_AAM0            0             0             0             0             0
 RS_AAM1            0             0             0             0             0
 RS_AIF0            0             0             0             0             0
 RS_AIF1            0             0             0             0             0
 RS_AIM0            0             0             0             0             0
 RS_AIM1            0             0             0             0             0
 RS_ASF0            0             0             0             0             0
 RS_ASF1            0             0             0             0             0
 RS_ASM0            0             0             0             0             0
 RS_ASM1            0             0             0             0             0
 RS_HWF0            0             0             0             0             0
 RS_HWF1            0             0             0             0             0
 RS_HWM0            0             0             0             0             0
 RS_HWM1            0             0             0             0             0
 RS_HLF0            0             0             0             0             0
 RS_HLF1            0             0             0             0             0
 RS_HLM0            0             0             0             0             0
 RS_HLM1            0             0             0             0             0
 RS_MRF0            0             0             0             0             0
 RS_MRF1            0             0             0             0             0
 RS_MRM0            0             0             0             0             0
 RS_MRM1            0             0             0             0             0
 RS_NAF             0             0             0             0             0
 RS_NAM             0             0             0             0             0
 RS_WF1             0             0             0             0             0
 RS_WM0             0             0             0             0             0
 RS_WM1             0             0             0             0             0


           LAMBDA
              RS_HLM1       RS_MRF0       RS_MRF1       RS_MRM0       RS_MRM1
              ________      ________      ________      ________      ________
 IS_SPED            0             0             0             0             0
 RS_AAF0            0             0             0             0             0
 RS_AAF1            0             0             0             0             0
 RS_AAM0            0             0             0             0             0
 RS_AAM1            0             0             0             0             0
 RS_AIF0            0             0             0             0             0
 RS_AIF1            0             0             0             0             0
 RS_AIM0            0             0             0             0             0
 RS_AIM1            0             0             0             0             0
 RS_ASF0            0             0             0             0             0
 RS_ASF1            0             0             0             0             0
 RS_ASM0            0             0             0             0             0
 RS_ASM1            0             0             0             0             0
 RS_HWF0            0             0             0             0             0
 RS_HWF1            0             0             0             0             0
 RS_HWM0            0             0             0             0             0
 RS_HWM1            0             0             0             0             0
 RS_HLF0            0             0             0             0             0
 RS_HLF1            0             0             0             0             0
 RS_HLM0            0             0             0             0             0
 RS_HLM1            0             0             0             0             0
 RS_MRF0            0             0             0             0             0
 RS_MRF1            0             0             0             0             0
 RS_MRM0            0             0             0             0             0
 RS_MRM1            0             0             0             0             0
 RS_NAF             0             0             0             0             0
 RS_NAM             0             0             0             0             0
 RS_WF1             0             0             0             0             0
 RS_WM0             0             0             0             0             0
 RS_WM1             0             0             0             0             0


           LAMBDA
              RS_NAF        RS_NAM        RS_WF1        RS_WM0        RS_WM1
              ________      ________      ________      ________      ________
 IS_SPED            0             0             0             0             0
 RS_AAF0            0             0             0             0             0
 RS_AAF1            0             0             0             0             0
 RS_AAM0            0             0             0             0             0
 RS_AAM1            0             0             0             0             0
 RS_AIF0            0             0             0             0             0
 RS_AIF1            0             0             0             0             0
 RS_AIM0            0             0             0             0             0
 RS_AIM1            0             0             0             0             0
 RS_ASF0            0             0             0             0             0
 RS_ASF1            0             0             0             0             0
 RS_ASM0            0             0             0             0             0
 RS_ASM1            0             0             0             0             0
 RS_HWF0            0             0             0             0             0
 RS_HWF1            0             0             0             0             0
 RS_HWM0            0             0             0             0             0
 RS_HWM1            0             0             0             0             0
 RS_HLF0            0             0             0             0             0
 RS_HLF1            0             0             0             0             0
 RS_HLM0            0             0             0             0             0
 RS_HLM1            0             0             0             0             0
 RS_MRF0            0             0             0             0             0
 RS_MRF1            0             0             0             0             0
 RS_MRM0            0             0             0             0             0
 RS_MRM1            0             0             0             0             0
 RS_NAF             0             0             0             0             0
 RS_NAM             0             0             0             0             0
 RS_WF1             0             0             0             0             0
 RS_WM0             0             0             0             0             0
 RS_WM1             0             0             0             0             0


           THETA
              IS_SPED       RS_AAF0       RS_AAF1       RS_AAM0       RS_AAM1
              ________      ________      ________      ________      ________
 IS_SPED            0
 RS_AAF0            0             0
 RS_AAF1            0             0             0
 RS_AAM0            0             0             0             0
 RS_AAM1            0             0             0             0             0
 RS_AIF0            0             0             0             0             0
 RS_AIF1            0             0             0             0             0
 RS_AIM0            0             0             0             0             0
 RS_AIM1            0             0             0             0             0
 RS_ASF0            0             0             0             0             0
 RS_ASF1            0             0             0             0             0
 RS_ASM0            0             0             0             0             0
 RS_ASM1            0             0             0             0             0
 RS_HWF0            0             0             0             0             0
 RS_HWF1            0             0             0             0             0
 RS_HWM0            0             0             0             0             0
 RS_HWM1            0             0             0             0             0
 RS_HLF0            0             0             0             0             0
 RS_HLF1            0             0             0             0             0
 RS_HLM0            0             0             0             0             0
 RS_HLM1            0             0             0             0             0
 RS_MRF0            0             0             0             0             0
 RS_MRF1            0             0             0             0             0
 RS_MRM0            0             0             0             0             0
 RS_MRM1            0             0             0             0             0
 RS_NAF             0             0             0             0             0
 RS_NAM             0             0             0             0             0
 RS_WF1             0             0             0             0             0
 RS_WM0             0             0             0             0             0
 RS_WM1             0             0             0             0             0


           THETA
              RS_AIF0       RS_AIF1       RS_AIM0       RS_AIM1       RS_ASF0
              ________      ________      ________      ________      ________
 RS_AIF0            0
 RS_AIF1            0             0
 RS_AIM0            0             0             0
 RS_AIM1            0             0             0             0
 RS_ASF0            0             0             0             0             0
 RS_ASF1            0             0             0             0             0
 RS_ASM0            0             0             0             0             0
 RS_ASM1            0             0             0             0             0
 RS_HWF0            0             0             0             0             0
 RS_HWF1            0             0             0             0             0
 RS_HWM0            0             0             0             0             0
 RS_HWM1            0             0             0             0             0
 RS_HLF0            0             0             0             0             0
 RS_HLF1            0             0             0             0             0
 RS_HLM0            0             0             0             0             0
 RS_HLM1            0             0             0             0             0
 RS_MRF0            0             0             0             0             0
 RS_MRF1            0             0             0             0             0
 RS_MRM0            0             0             0             0             0
 RS_MRM1            0             0             0             0             0
 RS_NAF             0             0             0             0             0
 RS_NAM             0             0             0             0             0
 RS_WF1             0             0             0             0             0
 RS_WM0             0             0             0             0             0
 RS_WM1             0             0             0             0             0


           THETA
              RS_ASF1       RS_ASM0       RS_ASM1       RS_HWF0       RS_HWF1
              ________      ________      ________      ________      ________
 RS_ASF1            0
 RS_ASM0            0             0
 RS_ASM1            0             0             0
 RS_HWF0            0             0             0             0
 RS_HWF1            0             0             0             0             0
 RS_HWM0            0             0             0             0             0
 RS_HWM1            0             0             0             0             0
 RS_HLF0            0             0             0             0             0
 RS_HLF1            0             0             0             0             0
 RS_HLM0            0             0             0             0             0
 RS_HLM1            0             0             0             0             0
 RS_MRF0            0             0             0             0             0
 RS_MRF1            0             0             0             0             0
 RS_MRM0            0             0             0             0             0
 RS_MRM1            0             0             0             0             0
 RS_NAF             0             0             0             0             0
 RS_NAM             0             0             0             0             0
 RS_WF1             0             0             0             0             0
 RS_WM0             0             0             0             0             0
 RS_WM1             0             0             0             0             0


           THETA
              RS_HWM0       RS_HWM1       RS_HLF0       RS_HLF1       RS_HLM0
              ________      ________      ________      ________      ________
 RS_HWM0            0
 RS_HWM1            0             0
 RS_HLF0            0             0             0
 RS_HLF1            0             0             0             0
 RS_HLM0            0             0             0             0             0
 RS_HLM1            0             0             0             0             0
 RS_MRF0            0             0             0             0             0
 RS_MRF1            0             0             0             0             0
 RS_MRM0            0             0             0             0             0
 RS_MRM1            0             0             0             0             0
 RS_NAF             0             0             0             0             0
 RS_NAM             0             0             0             0             0
 RS_WF1             0             0             0             0             0
 RS_WM0             0             0             0             0             0
 RS_WM1             0             0             0             0             0


           THETA
              RS_HLM1       RS_MRF0       RS_MRF1       RS_MRM0       RS_MRM1
              ________      ________      ________      ________      ________
 RS_HLM1            0
 RS_MRF0            0             0
 RS_MRF1            0             0             0
 RS_MRM0            0             0             0             0
 RS_MRM1            0             0             0             0             0
 RS_NAF             0             0             0             0             0
 RS_NAM             0             0             0             0             0
 RS_WF1             0             0             0             0             0
 RS_WM0             0             0             0             0             0
 RS_WM1             0             0             0             0             0


           THETA
              RS_NAF        RS_NAM        RS_WF1        RS_WM0        RS_WM1
              ________      ________      ________      ________      ________
 RS_NAF             0
 RS_NAM             0             0
 RS_WF1             0             0             0
 RS_WM0             0             0             0             0
 RS_WM1             0             0             0             0             0


           ALPHA
              IS_SPED       RS_AAF0       RS_AAF1       RS_AAM0       RS_AAM1
              ________      ________      ________      ________      ________
                    0             0             0             0             0


           ALPHA
              RS_AIF0       RS_AIF1       RS_AIM0       RS_AIM1       RS_ASF0
              ________      ________      ________      ________      ________
                    0             0             0             0             0


           ALPHA
              RS_ASF1       RS_ASM0       RS_ASM1       RS_HWF0       RS_HWF1
              ________      ________      ________      ________      ________
                    0             0             0             0             0


           ALPHA
              RS_HWM0       RS_HWM1       RS_HLF0       RS_HLF1       RS_HLM0
              ________      ________      ________      ________      ________
                    0             0             0             0             0


           ALPHA
              RS_HLM1       RS_MRF0       RS_MRF1       RS_MRM0       RS_MRM1
              ________      ________      ________      ________      ________
                    0             0             0             0             0


           ALPHA
              RS_NAF        RS_NAM        RS_WF1        RS_WM0        RS_WM1
              ________      ________      ________      ________      ________
                    0             0             0             0             0


           BETA
              IS_SPED       RS_AAF0       RS_AAF1       RS_AAM0       RS_AAM1
              ________      ________      ________      ________      ________
 IS_SPED            0             1             2             3             4
 RS_AAF0            0             0             0             0             0
 RS_AAF1            0             0             0             0             0
 RS_AAM0            0             0             0             0             0
 RS_AAM1            0             0             0             0             0
 RS_AIF0            0             0             0             0             0
 RS_AIF1            0             0             0             0             0
 RS_AIM0            0             0             0             0             0
 RS_AIM1            0             0             0             0             0
 RS_ASF0            0             0             0             0             0
 RS_ASF1            0             0             0             0             0
 RS_ASM0            0             0             0             0             0
 RS_ASM1            0             0             0             0             0
 RS_HWF0            0             0             0             0             0
 RS_HWF1            0             0             0             0             0
 RS_HWM0            0             0             0             0             0
 RS_HWM1            0             0             0             0             0
 RS_HLF0            0             0             0             0             0
 RS_HLF1            0             0             0             0             0
 RS_HLM0            0             0             0             0             0
 RS_HLM1            0             0             0             0             0
 RS_MRF0            0             0             0             0             0
 RS_MRF1            0             0             0             0             0
 RS_MRM0            0             0             0             0             0
 RS_MRM1            0             0             0             0             0
 RS_NAF             0             0             0             0             0
 RS_NAM             0             0             0             0             0
 RS_WF1             0             0             0             0             0
 RS_WM0             0             0             0             0             0
 RS_WM1             0             0             0             0             0


           BETA
              RS_AIF0       RS_AIF1       RS_AIM0       RS_AIM1       RS_ASF0
              ________      ________      ________      ________      ________
 IS_SPED            5             6             7             8             9
 RS_AAF0            0             0             0             0             0
 RS_AAF1            0             0             0             0             0
 RS_AAM0            0             0             0             0             0
 RS_AAM1            0             0             0             0             0
 RS_AIF0            0             0             0             0             0
 RS_AIF1            0             0             0             0             0
 RS_AIM0            0             0             0             0             0
 RS_AIM1            0             0             0             0             0
 RS_ASF0            0             0             0             0             0
 RS_ASF1            0             0             0             0             0
 RS_ASM0            0             0             0             0             0
 RS_ASM1            0             0             0             0             0
 RS_HWF0            0             0             0             0             0
 RS_HWF1            0             0             0             0             0
 RS_HWM0            0             0             0             0             0
 RS_HWM1            0             0             0             0             0
 RS_HLF0            0             0             0             0             0
 RS_HLF1            0             0             0             0             0
 RS_HLM0            0             0             0             0             0
 RS_HLM1            0             0             0             0             0
 RS_MRF0            0             0             0             0             0
 RS_MRF1            0             0             0             0             0
 RS_MRM0            0             0             0             0             0
 RS_MRM1            0             0             0             0             0
 RS_NAF             0             0             0             0             0
 RS_NAM             0             0             0             0             0
 RS_WF1             0             0             0             0             0
 RS_WM0             0             0             0             0             0
 RS_WM1             0             0             0             0             0


           BETA
              RS_ASF1       RS_ASM0       RS_ASM1       RS_HWF0       RS_HWF1
              ________      ________      ________      ________      ________
 IS_SPED           10            11            12            13            14
 RS_AAF0            0             0             0             0             0
 RS_AAF1            0             0             0             0             0
 RS_AAM0            0             0             0             0             0
 RS_AAM1            0             0             0             0             0
 RS_AIF0            0             0             0             0             0
 RS_AIF1            0             0             0             0             0
 RS_AIM0            0             0             0             0             0
 RS_AIM1            0             0             0             0             0
 RS_ASF0            0             0             0             0             0
 RS_ASF1            0             0             0             0             0
 RS_ASM0            0             0             0             0             0
 RS_ASM1            0             0             0             0             0
 RS_HWF0            0             0             0             0             0
 RS_HWF1            0             0             0             0             0
 RS_HWM0            0             0             0             0             0
 RS_HWM1            0             0             0             0             0
 RS_HLF0            0             0             0             0             0
 RS_HLF1            0             0             0             0             0
 RS_HLM0            0             0             0             0             0
 RS_HLM1            0             0             0             0             0
 RS_MRF0            0             0             0             0             0
 RS_MRF1            0             0             0             0             0
 RS_MRM0            0             0             0             0             0
 RS_MRM1            0             0             0             0             0
 RS_NAF             0             0             0             0             0
 RS_NAM             0             0             0             0             0
 RS_WF1             0             0             0             0             0
 RS_WM0             0             0             0             0             0
 RS_WM1             0             0             0             0             0


           BETA
              RS_HWM0       RS_HWM1       RS_HLF0       RS_HLF1       RS_HLM0
              ________      ________      ________      ________      ________
 IS_SPED           15            16            17            18            19
 RS_AAF0            0             0             0             0             0
 RS_AAF1            0             0             0             0             0
 RS_AAM0            0             0             0             0             0
 RS_AAM1            0             0             0             0             0
 RS_AIF0            0             0             0             0             0
 RS_AIF1            0             0             0             0             0
 RS_AIM0            0             0             0             0             0
 RS_AIM1            0             0             0             0             0
 RS_ASF0            0             0             0             0             0
 RS_ASF1            0             0             0             0             0
 RS_ASM0            0             0             0             0             0
 RS_ASM1            0             0             0             0             0
 RS_HWF0            0             0             0             0             0
 RS_HWF1            0             0             0             0             0
 RS_HWM0            0             0             0             0             0
 RS_HWM1            0             0             0             0             0
 RS_HLF0            0             0             0             0             0
 RS_HLF1            0             0             0             0             0
 RS_HLM0            0             0             0             0             0
 RS_HLM1            0             0             0             0             0
 RS_MRF0            0             0             0             0             0
 RS_MRF1            0             0             0             0             0
 RS_MRM0            0             0             0             0             0
 RS_MRM1            0             0             0             0             0
 RS_NAF             0             0             0             0             0
 RS_NAM             0             0             0             0             0
 RS_WF1             0             0             0             0             0
 RS_WM0             0             0             0             0             0
 RS_WM1             0             0             0             0             0


           BETA
              RS_HLM1       RS_MRF0       RS_MRF1       RS_MRM0       RS_MRM1
              ________      ________      ________      ________      ________
 IS_SPED           20            21            22            23            24
 RS_AAF0            0             0             0             0             0
 RS_AAF1            0             0             0             0             0
 RS_AAM0            0             0             0             0             0
 RS_AAM1            0             0             0             0             0
 RS_AIF0            0             0             0             0             0
 RS_AIF1            0             0             0             0             0
 RS_AIM0            0             0             0             0             0
 RS_AIM1            0             0             0             0             0
 RS_ASF0            0             0             0             0             0
 RS_ASF1            0             0             0             0             0
 RS_ASM0            0             0             0             0             0
 RS_ASM1            0             0             0             0             0
 RS_HWF0            0             0             0             0             0
 RS_HWF1            0             0             0             0             0
 RS_HWM0            0             0             0             0             0
 RS_HWM1            0             0             0             0             0
 RS_HLF0            0             0             0             0             0
 RS_HLF1            0             0             0             0             0
 RS_HLM0            0             0             0             0             0
 RS_HLM1            0             0             0             0             0
 RS_MRF0            0             0             0             0             0
 RS_MRF1            0             0             0             0             0
 RS_MRM0            0             0             0             0             0
 RS_MRM1            0             0             0             0             0
 RS_NAF             0             0             0             0             0
 RS_NAM             0             0             0             0             0
 RS_WF1             0             0             0             0             0
 RS_WM0             0             0             0             0             0
 RS_WM1             0             0             0             0             0


           BETA
              RS_NAF        RS_NAM        RS_WF1        RS_WM0        RS_WM1
              ________      ________      ________      ________      ________
 IS_SPED           25            26            27            28            29
 RS_AAF0            0             0             0             0             0
 RS_AAF1            0             0             0             0             0
 RS_AAM0            0             0             0             0             0
 RS_AAM1            0             0             0             0             0
 RS_AIF0            0             0             0             0             0
 RS_AIF1            0             0             0             0             0
 RS_AIM0            0             0             0             0             0
 RS_AIM1            0             0             0             0             0
 RS_ASF0            0             0             0             0             0
 RS_ASF1            0             0             0             0             0
 RS_ASM0            0             0             0             0             0
 RS_ASM1            0             0             0             0             0
 RS_HWF0            0             0             0             0             0
 RS_HWF1            0             0             0             0             0
 RS_HWM0            0             0             0             0             0
 RS_HWM1            0             0             0             0             0
 RS_HLF0            0             0             0             0             0
 RS_HLF1            0             0             0             0             0
 RS_HLM0            0             0             0             0             0
 RS_HLM1            0             0             0             0             0
 RS_MRF0            0             0             0             0             0
 RS_MRF1            0             0             0             0             0
 RS_MRM0            0             0             0             0             0
 RS_MRM1            0             0             0             0             0
 RS_NAF             0             0             0             0             0
 RS_NAM             0             0             0             0             0
 RS_WF1             0             0             0             0             0
 RS_WM0             0             0             0             0             0
 RS_WM1             0             0             0             0             0


           PSI
              IS_SPED       RS_AAF0       RS_AAF1       RS_AAM0       RS_AAM1
              ________      ________      ________      ________      ________
 IS_SPED            0
 RS_AAF0            0             0
 RS_AAF1            0             0             0
 RS_AAM0            0             0             0             0
 RS_AAM1            0             0             0             0             0
 RS_AIF0            0             0             0             0             0
 RS_AIF1            0             0             0             0             0
 RS_AIM0            0             0             0             0             0
 RS_AIM1            0             0             0             0             0
 RS_ASF0            0             0             0             0             0
 RS_ASF1            0             0             0             0             0
 RS_ASM0            0             0             0             0             0
 RS_ASM1            0             0             0             0             0
 RS_HWF0            0             0             0             0             0
 RS_HWF1            0             0             0             0             0
 RS_HWM0            0             0             0             0             0
 RS_HWM1            0             0             0             0             0
 RS_HLF0            0             0             0             0             0
 RS_HLF1            0             0             0             0             0
 RS_HLM0            0             0             0             0             0
 RS_HLM1            0             0             0             0             0
 RS_MRF0            0             0             0             0             0
 RS_MRF1            0             0             0             0             0
 RS_MRM0            0             0             0             0             0
 RS_MRM1            0             0             0             0             0
 RS_NAF             0             0             0             0             0
 RS_NAM             0             0             0             0             0
 RS_WF1             0             0             0             0             0
 RS_WM0             0             0             0             0             0
 RS_WM1             0             0             0             0             0


           PSI
              RS_AIF0       RS_AIF1       RS_AIM0       RS_AIM1       RS_ASF0
              ________      ________      ________      ________      ________
 RS_AIF0            0
 RS_AIF1            0             0
 RS_AIM0            0             0             0
 RS_AIM1            0             0             0             0
 RS_ASF0            0             0             0             0             0
 RS_ASF1            0             0             0             0             0
 RS_ASM0            0             0             0             0             0
 RS_ASM1            0             0             0             0             0
 RS_HWF0            0             0             0             0             0
 RS_HWF1            0             0             0             0             0
 RS_HWM0            0             0             0             0             0
 RS_HWM1            0             0             0             0             0
 RS_HLF0            0             0             0             0             0
 RS_HLF1            0             0             0             0             0
 RS_HLM0            0             0             0             0             0
 RS_HLM1            0             0             0             0             0
 RS_MRF0            0             0             0             0             0
 RS_MRF1            0             0             0             0             0
 RS_MRM0            0             0             0             0             0
 RS_MRM1            0             0             0             0             0
 RS_NAF             0             0             0             0             0
 RS_NAM             0             0             0             0             0
 RS_WF1             0             0             0             0             0
 RS_WM0             0             0             0             0             0
 RS_WM1             0             0             0             0             0


           PSI
              RS_ASF1       RS_ASM0       RS_ASM1       RS_HWF0       RS_HWF1
              ________      ________      ________      ________      ________
 RS_ASF1            0
 RS_ASM0            0             0
 RS_ASM1            0             0             0
 RS_HWF0            0             0             0             0
 RS_HWF1            0             0             0             0             0
 RS_HWM0            0             0             0             0             0
 RS_HWM1            0             0             0             0             0
 RS_HLF0            0             0             0             0             0
 RS_HLF1            0             0             0             0             0
 RS_HLM0            0             0             0             0             0
 RS_HLM1            0             0             0             0             0
 RS_MRF0            0             0             0             0             0
 RS_MRF1            0             0             0             0             0
 RS_MRM0            0             0             0             0             0
 RS_MRM1            0             0             0             0             0
 RS_NAF             0             0             0             0             0
 RS_NAM             0             0             0             0             0
 RS_WF1             0             0             0             0             0
 RS_WM0             0             0             0             0             0
 RS_WM1             0             0             0             0             0


           PSI
              RS_HWM0       RS_HWM1       RS_HLF0       RS_HLF1       RS_HLM0
              ________      ________      ________      ________      ________
 RS_HWM0            0
 RS_HWM1            0             0
 RS_HLF0            0             0             0
 RS_HLF1            0             0             0             0
 RS_HLM0            0             0             0             0             0
 RS_HLM1            0             0             0             0             0
 RS_MRF0            0             0             0             0             0
 RS_MRF1            0             0             0             0             0
 RS_MRM0            0             0             0             0             0
 RS_MRM1            0             0             0             0             0
 RS_NAF             0             0             0             0             0
 RS_NAM             0             0             0             0             0
 RS_WF1             0             0             0             0             0
 RS_WM0             0             0             0             0             0
 RS_WM1             0             0             0             0             0


           PSI
              RS_HLM1       RS_MRF0       RS_MRF1       RS_MRM0       RS_MRM1
              ________      ________      ________      ________      ________
 RS_HLM1            0
 RS_MRF0            0             0
 RS_MRF1            0             0             0
 RS_MRM0            0             0             0             0
 RS_MRM1            0             0             0             0             0
 RS_NAF             0             0             0             0             0
 RS_NAM             0             0             0             0             0
 RS_WF1             0             0             0             0             0
 RS_WM0             0             0             0             0             0
 RS_WM1             0             0             0             0             0


           PSI
              RS_NAF        RS_NAM        RS_WF1        RS_WM0        RS_WM1
              ________      ________      ________      ________      ________
 RS_NAF             0
 RS_NAM             0             0
 RS_WF1             0             0             0
 RS_WM0             0             0             0             0
 RS_WM1             0             0             0             0             0


     PARAMETER SPECIFICATION FOR BETWEEN


           TAU
              IS_SPED$
              ________
                   31


           NU
              IS_SPED
              ________
                    0


           LAMBDA
              IS_SPED
              ________
 IS_SPED            0


           THETA
              IS_SPED
              ________
 IS_SPED            0


           ALPHA
              IS_SPED
              ________
                    0


           BETA
              IS_SPED
              ________
 IS_SPED            0


           PSI
              IS_SPED
              ________
 IS_SPED           30


     STARTING VALUES FOR WITHIN


           TAU
              IS_SPED$
              ________
                0.000


           NU
              IS_SPED       RS_AAF0       RS_AAF1       RS_AAM0       RS_AAM1
              ________      ________      ________      ________      ________
                0.000         0.000         0.000         0.000         0.000


           NU
              RS_AIF0       RS_AIF1       RS_AIM0       RS_AIM1       RS_ASF0
              ________      ________      ________      ________      ________
                0.000         0.000         0.000         0.000         0.000


           NU
              RS_ASF1       RS_ASM0       RS_ASM1       RS_HWF0       RS_HWF1
              ________      ________      ________      ________      ________
                0.000         0.000         0.000         0.000         0.000


           NU
              RS_HWM0       RS_HWM1       RS_HLF0       RS_HLF1       RS_HLM0
              ________      ________      ________      ________      ________
                0.000         0.000         0.000         0.000         0.000


           NU
              RS_HLM1       RS_MRF0       RS_MRF1       RS_MRM0       RS_MRM1
              ________      ________      ________      ________      ________
                0.000         0.000         0.000         0.000         0.000


           NU
              RS_NAF        RS_NAM        RS_WF1        RS_WM0        RS_WM1
              ________      ________      ________      ________      ________
                0.000         0.000         0.000         0.000         0.000


           LAMBDA
              IS_SPED       RS_AAF0       RS_AAF1       RS_AAM0       RS_AAM1
              ________      ________      ________      ________      ________
 IS_SPED        1.000         0.000         0.000         0.000         0.000
 RS_AAF0        0.000         1.000         0.000         0.000         0.000
 RS_AAF1        0.000         0.000         1.000         0.000         0.000
 RS_AAM0        0.000         0.000         0.000         1.000         0.000
 RS_AAM1        0.000         0.000         0.000         0.000         1.000
 RS_AIF0        0.000         0.000         0.000         0.000         0.000
 RS_AIF1        0.000         0.000         0.000         0.000         0.000
 RS_AIM0        0.000         0.000         0.000         0.000         0.000
 RS_AIM1        0.000         0.000         0.000         0.000         0.000
 RS_ASF0        0.000         0.000         0.000         0.000         0.000
 RS_ASF1        0.000         0.000         0.000         0.000         0.000
 RS_ASM0        0.000         0.000         0.000         0.000         0.000
 RS_ASM1        0.000         0.000         0.000         0.000         0.000
 RS_HWF0        0.000         0.000         0.000         0.000         0.000
 RS_HWF1        0.000         0.000         0.000         0.000         0.000
 RS_HWM0        0.000         0.000         0.000         0.000         0.000
 RS_HWM1        0.000         0.000         0.000         0.000         0.000
 RS_HLF0        0.000         0.000         0.000         0.000         0.000
 RS_HLF1        0.000         0.000         0.000         0.000         0.000
 RS_HLM0        0.000         0.000         0.000         0.000         0.000
 RS_HLM1        0.000         0.000         0.000         0.000         0.000
 RS_MRF0        0.000         0.000         0.000         0.000         0.000
 RS_MRF1        0.000         0.000         0.000         0.000         0.000
 RS_MRM0        0.000         0.000         0.000         0.000         0.000
 RS_MRM1        0.000         0.000         0.000         0.000         0.000
 RS_NAF         0.000         0.000         0.000         0.000         0.000
 RS_NAM         0.000         0.000         0.000         0.000         0.000
 RS_WF1         0.000         0.000         0.000         0.000         0.000
 RS_WM0         0.000         0.000         0.000         0.000         0.000
 RS_WM1         0.000         0.000         0.000         0.000         0.000


           LAMBDA
              RS_AIF0       RS_AIF1       RS_AIM0       RS_AIM1       RS_ASF0
              ________      ________      ________      ________      ________
 IS_SPED        0.000         0.000         0.000         0.000         0.000
 RS_AAF0        0.000         0.000         0.000         0.000         0.000
 RS_AAF1        0.000         0.000         0.000         0.000         0.000
 RS_AAM0        0.000         0.000         0.000         0.000         0.000
 RS_AAM1        0.000         0.000         0.000         0.000         0.000
 RS_AIF0        1.000         0.000         0.000         0.000         0.000
 RS_AIF1        0.000         1.000         0.000         0.000         0.000
 RS_AIM0        0.000         0.000         1.000         0.000         0.000
 RS_AIM1        0.000         0.000         0.000         1.000         0.000
 RS_ASF0        0.000         0.000         0.000         0.000         1.000
 RS_ASF1        0.000         0.000         0.000         0.000         0.000
 RS_ASM0        0.000         0.000         0.000         0.000         0.000
 RS_ASM1        0.000         0.000         0.000         0.000         0.000
 RS_HWF0        0.000         0.000         0.000         0.000         0.000
 RS_HWF1        0.000         0.000         0.000         0.000         0.000
 RS_HWM0        0.000         0.000         0.000         0.000         0.000
 RS_HWM1        0.000         0.000         0.000         0.000         0.000
 RS_HLF0        0.000         0.000         0.000         0.000         0.000
 RS_HLF1        0.000         0.000         0.000         0.000         0.000
 RS_HLM0        0.000         0.000         0.000         0.000         0.000
 RS_HLM1        0.000         0.000         0.000         0.000         0.000
 RS_MRF0        0.000         0.000         0.000         0.000         0.000
 RS_MRF1        0.000         0.000         0.000         0.000         0.000
 RS_MRM0        0.000         0.000         0.000         0.000         0.000
 RS_MRM1        0.000         0.000         0.000         0.000         0.000
 RS_NAF         0.000         0.000         0.000         0.000         0.000
 RS_NAM         0.000         0.000         0.000         0.000         0.000
 RS_WF1         0.000         0.000         0.000         0.000         0.000
 RS_WM0         0.000         0.000         0.000         0.000         0.000
 RS_WM1         0.000         0.000         0.000         0.000         0.000


           LAMBDA
              RS_ASF1       RS_ASM0       RS_ASM1       RS_HWF0       RS_HWF1
              ________      ________      ________      ________      ________
 IS_SPED        0.000         0.000         0.000         0.000         0.000
 RS_AAF0        0.000         0.000         0.000         0.000         0.000
 RS_AAF1        0.000         0.000         0.000         0.000         0.000
 RS_AAM0        0.000         0.000         0.000         0.000         0.000
 RS_AAM1        0.000         0.000         0.000         0.000         0.000
 RS_AIF0        0.000         0.000         0.000         0.000         0.000
 RS_AIF1        0.000         0.000         0.000         0.000         0.000
 RS_AIM0        0.000         0.000         0.000         0.000         0.000
 RS_AIM1        0.000         0.000         0.000         0.000         0.000
 RS_ASF0        0.000         0.000         0.000         0.000         0.000
 RS_ASF1        1.000         0.000         0.000         0.000         0.000
 RS_ASM0        0.000         1.000         0.000         0.000         0.000
 RS_ASM1        0.000         0.000         1.000         0.000         0.000
 RS_HWF0        0.000         0.000         0.000         1.000         0.000
 RS_HWF1        0.000         0.000         0.000         0.000         1.000
 RS_HWM0        0.000         0.000         0.000         0.000         0.000
 RS_HWM1        0.000         0.000         0.000         0.000         0.000
 RS_HLF0        0.000         0.000         0.000         0.000         0.000
 RS_HLF1        0.000         0.000         0.000         0.000         0.000
 RS_HLM0        0.000         0.000         0.000         0.000         0.000
 RS_HLM1        0.000         0.000         0.000         0.000         0.000
 RS_MRF0        0.000         0.000         0.000         0.000         0.000
 RS_MRF1        0.000         0.000         0.000         0.000         0.000
 RS_MRM0        0.000         0.000         0.000         0.000         0.000
 RS_MRM1        0.000         0.000         0.000         0.000         0.000
 RS_NAF         0.000         0.000         0.000         0.000         0.000
 RS_NAM         0.000         0.000         0.000         0.000         0.000
 RS_WF1         0.000         0.000         0.000         0.000         0.000
 RS_WM0         0.000         0.000         0.000         0.000         0.000
 RS_WM1         0.000         0.000         0.000         0.000         0.000


           LAMBDA
              RS_HWM0       RS_HWM1       RS_HLF0       RS_HLF1       RS_HLM0
              ________      ________      ________      ________      ________
 IS_SPED        0.000         0.000         0.000         0.000         0.000
 RS_AAF0        0.000         0.000         0.000         0.000         0.000
 RS_AAF1        0.000         0.000         0.000         0.000         0.000
 RS_AAM0        0.000         0.000         0.000         0.000         0.000
 RS_AAM1        0.000         0.000         0.000         0.000         0.000
 RS_AIF0        0.000         0.000         0.000         0.000         0.000
 RS_AIF1        0.000         0.000         0.000         0.000         0.000
 RS_AIM0        0.000         0.000         0.000         0.000         0.000
 RS_AIM1        0.000         0.000         0.000         0.000         0.000
 RS_ASF0        0.000         0.000         0.000         0.000         0.000
 RS_ASF1        0.000         0.000         0.000         0.000         0.000
 RS_ASM0        0.000         0.000         0.000         0.000         0.000
 RS_ASM1        0.000         0.000         0.000         0.000         0.000
 RS_HWF0        0.000         0.000         0.000         0.000         0.000
 RS_HWF1        0.000         0.000         0.000         0.000         0.000
 RS_HWM0        1.000         0.000         0.000         0.000         0.000
 RS_HWM1        0.000         1.000         0.000         0.000         0.000
 RS_HLF0        0.000         0.000         1.000         0.000         0.000
 RS_HLF1        0.000         0.000         0.000         1.000         0.000
 RS_HLM0        0.000         0.000         0.000         0.000         1.000
 RS_HLM1        0.000         0.000         0.000         0.000         0.000
 RS_MRF0        0.000         0.000         0.000         0.000         0.000
 RS_MRF1        0.000         0.000         0.000         0.000         0.000
 RS_MRM0        0.000         0.000         0.000         0.000         0.000
 RS_MRM1        0.000         0.000         0.000         0.000         0.000
 RS_NAF         0.000         0.000         0.000         0.000         0.000
 RS_NAM         0.000         0.000         0.000         0.000         0.000
 RS_WF1         0.000         0.000         0.000         0.000         0.000
 RS_WM0         0.000         0.000         0.000         0.000         0.000
 RS_WM1         0.000         0.000         0.000         0.000         0.000


           LAMBDA
              RS_HLM1       RS_MRF0       RS_MRF1       RS_MRM0       RS_MRM1
              ________      ________      ________      ________      ________
 IS_SPED        0.000         0.000         0.000         0.000         0.000
 RS_AAF0        0.000         0.000         0.000         0.000         0.000
 RS_AAF1        0.000         0.000         0.000         0.000         0.000
 RS_AAM0        0.000         0.000         0.000         0.000         0.000
 RS_AAM1        0.000         0.000         0.000         0.000         0.000
 RS_AIF0        0.000         0.000         0.000         0.000         0.000
 RS_AIF1        0.000         0.000         0.000         0.000         0.000
 RS_AIM0        0.000         0.000         0.000         0.000         0.000
 RS_AIM1        0.000         0.000         0.000         0.000         0.000
 RS_ASF0        0.000         0.000         0.000         0.000         0.000
 RS_ASF1        0.000         0.000         0.000         0.000         0.000
 RS_ASM0        0.000         0.000         0.000         0.000         0.000
 RS_ASM1        0.000         0.000         0.000         0.000         0.000
 RS_HWF0        0.000         0.000         0.000         0.000         0.000
 RS_HWF1        0.000         0.000         0.000         0.000         0.000
 RS_HWM0        0.000         0.000         0.000         0.000         0.000
 RS_HWM1        0.000         0.000         0.000         0.000         0.000
 RS_HLF0        0.000         0.000         0.000         0.000         0.000
 RS_HLF1        0.000         0.000         0.000         0.000         0.000
 RS_HLM0        0.000         0.000         0.000         0.000         0.000
 RS_HLM1        1.000         0.000         0.000         0.000         0.000
 RS_MRF0        0.000         1.000         0.000         0.000         0.000
 RS_MRF1        0.000         0.000         1.000         0.000         0.000
 RS_MRM0        0.000         0.000         0.000         1.000         0.000
 RS_MRM1        0.000         0.000         0.000         0.000         1.000
 RS_NAF         0.000         0.000         0.000         0.000         0.000
 RS_NAM         0.000         0.000         0.000         0.000         0.000
 RS_WF1         0.000         0.000         0.000         0.000         0.000
 RS_WM0         0.000         0.000         0.000         0.000         0.000
 RS_WM1         0.000         0.000         0.000         0.000         0.000


           LAMBDA
              RS_NAF        RS_NAM        RS_WF1        RS_WM0        RS_WM1
              ________      ________      ________      ________      ________
 IS_SPED        0.000         0.000         0.000         0.000         0.000
 RS_AAF0        0.000         0.000         0.000         0.000         0.000
 RS_AAF1        0.000         0.000         0.000         0.000         0.000
 RS_AAM0        0.000         0.000         0.000         0.000         0.000
 RS_AAM1        0.000         0.000         0.000         0.000         0.000
 RS_AIF0        0.000         0.000         0.000         0.000         0.000
 RS_AIF1        0.000         0.000         0.000         0.000         0.000
 RS_AIM0        0.000         0.000         0.000         0.000         0.000
 RS_AIM1        0.000         0.000         0.000         0.000         0.000
 RS_ASF0        0.000         0.000         0.000         0.000         0.000
 RS_ASF1        0.000         0.000         0.000         0.000         0.000
 RS_ASM0        0.000         0.000         0.000         0.000         0.000
 RS_ASM1        0.000         0.000         0.000         0.000         0.000
 RS_HWF0        0.000         0.000         0.000         0.000         0.000
 RS_HWF1        0.000         0.000         0.000         0.000         0.000
 RS_HWM0        0.000         0.000         0.000         0.000         0.000
 RS_HWM1        0.000         0.000         0.000         0.000         0.000
 RS_HLF0        0.000         0.000         0.000         0.000         0.000
 RS_HLF1        0.000         0.000         0.000         0.000         0.000
 RS_HLM0        0.000         0.000         0.000         0.000         0.000
 RS_HLM1        0.000         0.000         0.000         0.000         0.000
 RS_MRF0        0.000         0.000         0.000         0.000         0.000
 RS_MRF1        0.000         0.000         0.000         0.000         0.000
 RS_MRM0        0.000         0.000         0.000         0.000         0.000
 RS_MRM1        0.000         0.000         0.000         0.000         0.000
 RS_NAF         1.000         0.000         0.000         0.000         0.000
 RS_NAM         0.000         1.000         0.000         0.000         0.000
 RS_WF1         0.000         0.000         1.000         0.000         0.000
 RS_WM0         0.000         0.000         0.000         1.000         0.000
 RS_WM1         0.000         0.000         0.000         0.000         1.000


           THETA
              IS_SPED       RS_AAF0       RS_AAF1       RS_AAM0       RS_AAM1
              ________      ________      ________      ________      ________
 IS_SPED        0.000
 RS_AAF0        0.000         0.000
 RS_AAF1        0.000         0.000         0.000
 RS_AAM0        0.000         0.000         0.000         0.000
 RS_AAM1        0.000         0.000         0.000         0.000         0.000
 RS_AIF0        0.000         0.000         0.000         0.000         0.000
 RS_AIF1        0.000         0.000         0.000         0.000         0.000
 RS_AIM0        0.000         0.000         0.000         0.000         0.000
 RS_AIM1        0.000         0.000         0.000         0.000         0.000
 RS_ASF0        0.000         0.000         0.000         0.000         0.000
 RS_ASF1        0.000         0.000         0.000         0.000         0.000
 RS_ASM0        0.000         0.000         0.000         0.000         0.000
 RS_ASM1        0.000         0.000         0.000         0.000         0.000
 RS_HWF0        0.000         0.000         0.000         0.000         0.000
 RS_HWF1        0.000         0.000         0.000         0.000         0.000
 RS_HWM0        0.000         0.000         0.000         0.000         0.000
 RS_HWM1        0.000         0.000         0.000         0.000         0.000
 RS_HLF0        0.000         0.000         0.000         0.000         0.000
 RS_HLF1        0.000         0.000         0.000         0.000         0.000
 RS_HLM0        0.000         0.000         0.000         0.000         0.000
 RS_HLM1        0.000         0.000         0.000         0.000         0.000
 RS_MRF0        0.000         0.000         0.000         0.000         0.000
 RS_MRF1        0.000         0.000         0.000         0.000         0.000
 RS_MRM0        0.000         0.000         0.000         0.000         0.000
 RS_MRM1        0.000         0.000         0.000         0.000         0.000
 RS_NAF         0.000         0.000         0.000         0.000         0.000
 RS_NAM         0.000         0.000         0.000         0.000         0.000
 RS_WF1         0.000         0.000         0.000         0.000         0.000
 RS_WM0         0.000         0.000         0.000         0.000         0.000
 RS_WM1         0.000         0.000         0.000         0.000         0.000


           THETA
              RS_AIF0       RS_AIF1       RS_AIM0       RS_AIM1       RS_ASF0
              ________      ________      ________      ________      ________
 RS_AIF0        0.000
 RS_AIF1        0.000         0.000
 RS_AIM0        0.000         0.000         0.000
 RS_AIM1        0.000         0.000         0.000         0.000
 RS_ASF0        0.000         0.000         0.000         0.000         0.000
 RS_ASF1        0.000         0.000         0.000         0.000         0.000
 RS_ASM0        0.000         0.000         0.000         0.000         0.000
 RS_ASM1        0.000         0.000         0.000         0.000         0.000
 RS_HWF0        0.000         0.000         0.000         0.000         0.000
 RS_HWF1        0.000         0.000         0.000         0.000         0.000
 RS_HWM0        0.000         0.000         0.000         0.000         0.000
 RS_HWM1        0.000         0.000         0.000         0.000         0.000
 RS_HLF0        0.000         0.000         0.000         0.000         0.000
 RS_HLF1        0.000         0.000         0.000         0.000         0.000
 RS_HLM0        0.000         0.000         0.000         0.000         0.000
 RS_HLM1        0.000         0.000         0.000         0.000         0.000
 RS_MRF0        0.000         0.000         0.000         0.000         0.000
 RS_MRF1        0.000         0.000         0.000         0.000         0.000
 RS_MRM0        0.000         0.000         0.000         0.000         0.000
 RS_MRM1        0.000         0.000         0.000         0.000         0.000
 RS_NAF         0.000         0.000         0.000         0.000         0.000
 RS_NAM         0.000         0.000         0.000         0.000         0.000
 RS_WF1         0.000         0.000         0.000         0.000         0.000
 RS_WM0         0.000         0.000         0.000         0.000         0.000
 RS_WM1         0.000         0.000         0.000         0.000         0.000


           THETA
              RS_ASF1       RS_ASM0       RS_ASM1       RS_HWF0       RS_HWF1
              ________      ________      ________      ________      ________
 RS_ASF1        0.000
 RS_ASM0        0.000         0.000
 RS_ASM1        0.000         0.000         0.000
 RS_HWF0        0.000         0.000         0.000         0.000
 RS_HWF1        0.000         0.000         0.000         0.000         0.000
 RS_HWM0        0.000         0.000         0.000         0.000         0.000
 RS_HWM1        0.000         0.000         0.000         0.000         0.000
 RS_HLF0        0.000         0.000         0.000         0.000         0.000
 RS_HLF1        0.000         0.000         0.000         0.000         0.000
 RS_HLM0        0.000         0.000         0.000         0.000         0.000
 RS_HLM1        0.000         0.000         0.000         0.000         0.000
 RS_MRF0        0.000         0.000         0.000         0.000         0.000
 RS_MRF1        0.000         0.000         0.000         0.000         0.000
 RS_MRM0        0.000         0.000         0.000         0.000         0.000
 RS_MRM1        0.000         0.000         0.000         0.000         0.000
 RS_NAF         0.000         0.000         0.000         0.000         0.000
 RS_NAM         0.000         0.000         0.000         0.000         0.000
 RS_WF1         0.000         0.000         0.000         0.000         0.000
 RS_WM0         0.000         0.000         0.000         0.000         0.000
 RS_WM1         0.000         0.000         0.000         0.000         0.000


           THETA
              RS_HWM0       RS_HWM1       RS_HLF0       RS_HLF1       RS_HLM0
              ________      ________      ________      ________      ________
 RS_HWM0        0.000
 RS_HWM1        0.000         0.000
 RS_HLF0        0.000         0.000         0.000
 RS_HLF1        0.000         0.000         0.000         0.000
 RS_HLM0        0.000         0.000         0.000         0.000         0.000
 RS_HLM1        0.000         0.000         0.000         0.000         0.000
 RS_MRF0        0.000         0.000         0.000         0.000         0.000
 RS_MRF1        0.000         0.000         0.000         0.000         0.000
 RS_MRM0        0.000         0.000         0.000         0.000         0.000
 RS_MRM1        0.000         0.000         0.000         0.000         0.000
 RS_NAF         0.000         0.000         0.000         0.000         0.000
 RS_NAM         0.000         0.000         0.000         0.000         0.000
 RS_WF1         0.000         0.000         0.000         0.000         0.000
 RS_WM0         0.000         0.000         0.000         0.000         0.000
 RS_WM1         0.000         0.000         0.000         0.000         0.000


           THETA
              RS_HLM1       RS_MRF0       RS_MRF1       RS_MRM0       RS_MRM1
              ________      ________      ________      ________      ________
 RS_HLM1        0.000
 RS_MRF0        0.000         0.000
 RS_MRF1        0.000         0.000         0.000
 RS_MRM0        0.000         0.000         0.000         0.000
 RS_MRM1        0.000         0.000         0.000         0.000         0.000
 RS_NAF         0.000         0.000         0.000         0.000         0.000
 RS_NAM         0.000         0.000         0.000         0.000         0.000
 RS_WF1         0.000         0.000         0.000         0.000         0.000
 RS_WM0         0.000         0.000         0.000         0.000         0.000
 RS_WM1         0.000         0.000         0.000         0.000         0.000


           THETA
              RS_NAF        RS_NAM        RS_WF1        RS_WM0        RS_WM1
              ________      ________      ________      ________      ________
 RS_NAF         0.000
 RS_NAM         0.000         0.000
 RS_WF1         0.000         0.000         0.000
 RS_WM0         0.000         0.000         0.000         0.000
 RS_WM1         0.000         0.000         0.000         0.000         0.000


           ALPHA
              IS_SPED       RS_AAF0       RS_AAF1       RS_AAM0       RS_AAM1
              ________      ________      ________      ________      ________
                0.000         0.000         0.000         0.000         0.000


           ALPHA
              RS_AIF0       RS_AIF1       RS_AIM0       RS_AIM1       RS_ASF0
              ________      ________      ________      ________      ________
                0.000         0.000         0.000         0.000         0.000


           ALPHA
              RS_ASF1       RS_ASM0       RS_ASM1       RS_HWF0       RS_HWF1
              ________      ________      ________      ________      ________
                0.000         0.000         0.000         0.000         0.000


           ALPHA
              RS_HWM0       RS_HWM1       RS_HLF0       RS_HLF1       RS_HLM0
              ________      ________      ________      ________      ________
                0.000         0.000         0.000         0.000         0.000


           ALPHA
              RS_HLM1       RS_MRF0       RS_MRF1       RS_MRM0       RS_MRM1
              ________      ________      ________      ________      ________
                0.000         0.000         0.000         0.000         0.000


           ALPHA
              RS_NAF        RS_NAM        RS_WF1        RS_WM0        RS_WM1
              ________      ________      ________      ________      ________
                0.000         0.000         0.000         0.000         0.000


           BETA
              IS_SPED       RS_AAF0       RS_AAF1       RS_AAM0       RS_AAM1
              ________      ________      ________      ________      ________
 IS_SPED        0.000         0.000         0.000         0.000         0.000
 RS_AAF0        0.000         0.000         0.000         0.000         0.000
 RS_AAF1        0.000         0.000         0.000         0.000         0.000
 RS_AAM0        0.000         0.000         0.000         0.000         0.000
 RS_AAM1        0.000         0.000         0.000         0.000         0.000
 RS_AIF0        0.000         0.000         0.000         0.000         0.000
 RS_AIF1        0.000         0.000         0.000         0.000         0.000
 RS_AIM0        0.000         0.000         0.000         0.000         0.000
 RS_AIM1        0.000         0.000         0.000         0.000         0.000
 RS_ASF0        0.000         0.000         0.000         0.000         0.000
 RS_ASF1        0.000         0.000         0.000         0.000         0.000
 RS_ASM0        0.000         0.000         0.000         0.000         0.000
 RS_ASM1        0.000         0.000         0.000         0.000         0.000
 RS_HWF0        0.000         0.000         0.000         0.000         0.000
 RS_HWF1        0.000         0.000         0.000         0.000         0.000
 RS_HWM0        0.000         0.000         0.000         0.000         0.000
 RS_HWM1        0.000         0.000         0.000         0.000         0.000
 RS_HLF0        0.000         0.000         0.000         0.000         0.000
 RS_HLF1        0.000         0.000         0.000         0.000         0.000
 RS_HLM0        0.000         0.000         0.000         0.000         0.000
 RS_HLM1        0.000         0.000         0.000         0.000         0.000
 RS_MRF0        0.000         0.000         0.000         0.000         0.000
 RS_MRF1        0.000         0.000         0.000         0.000         0.000
 RS_MRM0        0.000         0.000         0.000         0.000         0.000
 RS_MRM1        0.000         0.000         0.000         0.000         0.000
 RS_NAF         0.000         0.000         0.000         0.000         0.000
 RS_NAM         0.000         0.000         0.000         0.000         0.000
 RS_WF1         0.000         0.000         0.000         0.000         0.000
 RS_WM0         0.000         0.000         0.000         0.000         0.000
 RS_WM1         0.000         0.000         0.000         0.000         0.000


           BETA
              RS_AIF0       RS_AIF1       RS_AIM0       RS_AIM1       RS_ASF0
              ________      ________      ________      ________      ________
 IS_SPED        0.000         0.000         0.000         0.000         0.000
 RS_AAF0        0.000         0.000         0.000         0.000         0.000
 RS_AAF1        0.000         0.000         0.000         0.000         0.000
 RS_AAM0        0.000         0.000         0.000         0.000         0.000
 RS_AAM1        0.000         0.000         0.000         0.000         0.000
 RS_AIF0        0.000         0.000         0.000         0.000         0.000
 RS_AIF1        0.000         0.000         0.000         0.000         0.000
 RS_AIM0        0.000         0.000         0.000         0.000         0.000
 RS_AIM1        0.000         0.000         0.000         0.000         0.000
 RS_ASF0        0.000         0.000         0.000         0.000         0.000
 RS_ASF1        0.000         0.000         0.000         0.000         0.000
 RS_ASM0        0.000         0.000         0.000         0.000         0.000
 RS_ASM1        0.000         0.000         0.000         0.000         0.000
 RS_HWF0        0.000         0.000         0.000         0.000         0.000
 RS_HWF1        0.000         0.000         0.000         0.000         0.000
 RS_HWM0        0.000         0.000         0.000         0.000         0.000
 RS_HWM1        0.000         0.000         0.000         0.000         0.000
 RS_HLF0        0.000         0.000         0.000         0.000         0.000
 RS_HLF1        0.000         0.000         0.000         0.000         0.000
 RS_HLM0        0.000         0.000         0.000         0.000         0.000
 RS_HLM1        0.000         0.000         0.000         0.000         0.000
 RS_MRF0        0.000         0.000         0.000         0.000         0.000
 RS_MRF1        0.000         0.000         0.000         0.000         0.000
 RS_MRM0        0.000         0.000         0.000         0.000         0.000
 RS_MRM1        0.000         0.000         0.000         0.000         0.000
 RS_NAF         0.000         0.000         0.000         0.000         0.000
 RS_NAM         0.000         0.000         0.000         0.000         0.000
 RS_WF1         0.000         0.000         0.000         0.000         0.000
 RS_WM0         0.000         0.000         0.000         0.000         0.000
 RS_WM1         0.000         0.000         0.000         0.000         0.000


           BETA
              RS_ASF1       RS_ASM0       RS_ASM1       RS_HWF0       RS_HWF1
              ________      ________      ________      ________      ________
 IS_SPED        0.000         0.000         0.000         0.000         0.000
 RS_AAF0        0.000         0.000         0.000         0.000         0.000
 RS_AAF1        0.000         0.000         0.000         0.000         0.000
 RS_AAM0        0.000         0.000         0.000         0.000         0.000
 RS_AAM1        0.000         0.000         0.000         0.000         0.000
 RS_AIF0        0.000         0.000         0.000         0.000         0.000
 RS_AIF1        0.000         0.000         0.000         0.000         0.000
 RS_AIM0        0.000         0.000         0.000         0.000         0.000
 RS_AIM1        0.000         0.000         0.000         0.000         0.000
 RS_ASF0        0.000         0.000         0.000         0.000         0.000
 RS_ASF1        0.000         0.000         0.000         0.000         0.000
 RS_ASM0        0.000         0.000         0.000         0.000         0.000
 RS_ASM1        0.000         0.000         0.000         0.000         0.000
 RS_HWF0        0.000         0.000         0.000         0.000         0.000
 RS_HWF1        0.000         0.000         0.000         0.000         0.000
 RS_HWM0        0.000         0.000         0.000         0.000         0.000
 RS_HWM1        0.000         0.000         0.000         0.000         0.000
 RS_HLF0        0.000         0.000         0.000         0.000         0.000
 RS_HLF1        0.000         0.000         0.000         0.000         0.000
 RS_HLM0        0.000         0.000         0.000         0.000         0.000
 RS_HLM1        0.000         0.000         0.000         0.000         0.000
 RS_MRF0        0.000         0.000         0.000         0.000         0.000
 RS_MRF1        0.000         0.000         0.000         0.000         0.000
 RS_MRM0        0.000         0.000         0.000         0.000         0.000
 RS_MRM1        0.000         0.000         0.000         0.000         0.000
 RS_NAF         0.000         0.000         0.000         0.000         0.000
 RS_NAM         0.000         0.000         0.000         0.000         0.000
 RS_WF1         0.000         0.000         0.000         0.000         0.000
 RS_WM0         0.000         0.000         0.000         0.000         0.000
 RS_WM1         0.000         0.000         0.000         0.000         0.000


           BETA
              RS_HWM0       RS_HWM1       RS_HLF0       RS_HLF1       RS_HLM0
              ________      ________      ________      ________      ________
 IS_SPED        0.000         0.000         0.000         0.000         0.000
 RS_AAF0        0.000         0.000         0.000         0.000         0.000
 RS_AAF1        0.000         0.000         0.000         0.000         0.000
 RS_AAM0        0.000         0.000         0.000         0.000         0.000
 RS_AAM1        0.000         0.000         0.000         0.000         0.000
 RS_AIF0        0.000         0.000         0.000         0.000         0.000
 RS_AIF1        0.000         0.000         0.000         0.000         0.000
 RS_AIM0        0.000         0.000         0.000         0.000         0.000
 RS_AIM1        0.000         0.000         0.000         0.000         0.000
 RS_ASF0        0.000         0.000         0.000         0.000         0.000
 RS_ASF1        0.000         0.000         0.000         0.000         0.000
 RS_ASM0        0.000         0.000         0.000         0.000         0.000
 RS_ASM1        0.000         0.000         0.000         0.000         0.000
 RS_HWF0        0.000         0.000         0.000         0.000         0.000
 RS_HWF1        0.000         0.000         0.000         0.000         0.000
 RS_HWM0        0.000         0.000         0.000         0.000         0.000
 RS_HWM1        0.000         0.000         0.000         0.000         0.000
 RS_HLF0        0.000         0.000         0.000         0.000         0.000
 RS_HLF1        0.000         0.000         0.000         0.000         0.000
 RS_HLM0        0.000         0.000         0.000         0.000         0.000
 RS_HLM1        0.000         0.000         0.000         0.000         0.000
 RS_MRF0        0.000         0.000         0.000         0.000         0.000
 RS_MRF1        0.000         0.000         0.000         0.000         0.000
 RS_MRM0        0.000         0.000         0.000         0.000         0.000
 RS_MRM1        0.000         0.000         0.000         0.000         0.000
 RS_NAF         0.000         0.000         0.000         0.000         0.000
 RS_NAM         0.000         0.000         0.000         0.000         0.000
 RS_WF1         0.000         0.000         0.000         0.000         0.000
 RS_WM0         0.000         0.000         0.000         0.000         0.000
 RS_WM1         0.000         0.000         0.000         0.000         0.000


           BETA
              RS_HLM1       RS_MRF0       RS_MRF1       RS_MRM0       RS_MRM1
              ________      ________      ________      ________      ________
 IS_SPED        0.000         0.000         0.000         0.000         0.000
 RS_AAF0        0.000         0.000         0.000         0.000         0.000
 RS_AAF1        0.000         0.000         0.000         0.000         0.000
 RS_AAM0        0.000         0.000         0.000         0.000         0.000
 RS_AAM1        0.000         0.000         0.000         0.000         0.000
 RS_AIF0        0.000         0.000         0.000         0.000         0.000
 RS_AIF1        0.000         0.000         0.000         0.000         0.000
 RS_AIM0        0.000         0.000         0.000         0.000         0.000
 RS_AIM1        0.000         0.000         0.000         0.000         0.000
 RS_ASF0        0.000         0.000         0.000         0.000         0.000
 RS_ASF1        0.000         0.000         0.000         0.000         0.000
 RS_ASM0        0.000         0.000         0.000         0.000         0.000
 RS_ASM1        0.000         0.000         0.000         0.000         0.000
 RS_HWF0        0.000         0.000         0.000         0.000         0.000
 RS_HWF1        0.000         0.000         0.000         0.000         0.000
 RS_HWM0        0.000         0.000         0.000         0.000         0.000
 RS_HWM1        0.000         0.000         0.000         0.000         0.000
 RS_HLF0        0.000         0.000         0.000         0.000         0.000
 RS_HLF1        0.000         0.000         0.000         0.000         0.000
 RS_HLM0        0.000         0.000         0.000         0.000         0.000
 RS_HLM1        0.000         0.000         0.000         0.000         0.000
 RS_MRF0        0.000         0.000         0.000         0.000         0.000
 RS_MRF1        0.000         0.000         0.000         0.000         0.000
 RS_MRM0        0.000         0.000         0.000         0.000         0.000
 RS_MRM1        0.000         0.000         0.000         0.000         0.000
 RS_NAF         0.000         0.000         0.000         0.000         0.000
 RS_NAM         0.000         0.000         0.000         0.000         0.000
 RS_WF1         0.000         0.000         0.000         0.000         0.000
 RS_WM0         0.000         0.000         0.000         0.000         0.000
 RS_WM1         0.000         0.000         0.000         0.000         0.000


           BETA
              RS_NAF        RS_NAM        RS_WF1        RS_WM0        RS_WM1
              ________      ________      ________      ________      ________
 IS_SPED        0.000         0.000         0.000         0.000         0.000
 RS_AAF0        0.000         0.000         0.000         0.000         0.000
 RS_AAF1        0.000         0.000         0.000         0.000         0.000
 RS_AAM0        0.000         0.000         0.000         0.000         0.000
 RS_AAM1        0.000         0.000         0.000         0.000         0.000
 RS_AIF0        0.000         0.000         0.000         0.000         0.000
 RS_AIF1        0.000         0.000         0.000         0.000         0.000
 RS_AIM0        0.000         0.000         0.000         0.000         0.000
 RS_AIM1        0.000         0.000         0.000         0.000         0.000
 RS_ASF0        0.000         0.000         0.000         0.000         0.000
 RS_ASF1        0.000         0.000         0.000         0.000         0.000
 RS_ASM0        0.000         0.000         0.000         0.000         0.000
 RS_ASM1        0.000         0.000         0.000         0.000         0.000
 RS_HWF0        0.000         0.000         0.000         0.000         0.000
 RS_HWF1        0.000         0.000         0.000         0.000         0.000
 RS_HWM0        0.000         0.000         0.000         0.000         0.000
 RS_HWM1        0.000         0.000         0.000         0.000         0.000
 RS_HLF0        0.000         0.000         0.000         0.000         0.000
 RS_HLF1        0.000         0.000         0.000         0.000         0.000
 RS_HLM0        0.000         0.000         0.000         0.000         0.000
 RS_HLM1        0.000         0.000         0.000         0.000         0.000
 RS_MRF0        0.000         0.000         0.000         0.000         0.000
 RS_MRF1        0.000         0.000         0.000         0.000         0.000
 RS_MRM0        0.000         0.000         0.000         0.000         0.000
 RS_MRM1        0.000         0.000         0.000         0.000         0.000
 RS_NAF         0.000         0.000         0.000         0.000         0.000
 RS_NAM         0.000         0.000         0.000         0.000         0.000
 RS_WF1         0.000         0.000         0.000         0.000         0.000
 RS_WM0         0.000         0.000         0.000         0.000         0.000
 RS_WM1         0.000         0.000         0.000         0.000         0.000


           PSI
              IS_SPED       RS_AAF0       RS_AAF1       RS_AAM0       RS_AAM1
              ________      ________      ________      ________      ________
 IS_SPED        1.000
 RS_AAF0        0.000         0.039
 RS_AAF1        0.000         0.000         0.030
 RS_AAM0        0.000         0.000         0.000         0.041
 RS_AAM1        0.000         0.000         0.000         0.000         0.030
 RS_AIF0        0.000         0.000         0.000         0.000         0.000
 RS_AIF1        0.000         0.000         0.000         0.000         0.000
 RS_AIM0        0.000         0.000         0.000         0.000         0.000
 RS_AIM1        0.000         0.000         0.000         0.000         0.000
 RS_ASF0        0.000         0.000         0.000         0.000         0.000
 RS_ASF1        0.000         0.000         0.000         0.000         0.000
 RS_ASM0        0.000         0.000         0.000         0.000         0.000
 RS_ASM1        0.000         0.000         0.000         0.000         0.000
 RS_HWF0        0.000         0.000         0.000         0.000         0.000
 RS_HWF1        0.000         0.000         0.000         0.000         0.000
 RS_HWM0        0.000         0.000         0.000         0.000         0.000
 RS_HWM1        0.000         0.000         0.000         0.000         0.000
 RS_HLF0        0.000         0.000         0.000         0.000         0.000
 RS_HLF1        0.000         0.000         0.000         0.000         0.000
 RS_HLM0        0.000         0.000         0.000         0.000         0.000
 RS_HLM1        0.000         0.000         0.000         0.000         0.000
 RS_MRF0        0.000         0.000         0.000         0.000         0.000
 RS_MRF1        0.000         0.000         0.000         0.000         0.000
 RS_MRM0        0.000         0.000         0.000         0.000         0.000
 RS_MRM1        0.000         0.000         0.000         0.000         0.000
 RS_NAF         0.000         0.000         0.000         0.000         0.000
 RS_NAM         0.000         0.000         0.000         0.000         0.000
 RS_WF1         0.000         0.000         0.000         0.000         0.000
 RS_WM0         0.000         0.000         0.000         0.000         0.000
 RS_WM1         0.000         0.000         0.000         0.000         0.000


           PSI
              RS_AIF0       RS_AIF1       RS_AIM0       RS_AIM1       RS_ASF0
              ________      ________      ________      ________      ________
 RS_AIF0        0.001
 RS_AIF1        0.000         0.000
 RS_AIM0        0.000         0.000         0.001
 RS_AIM1        0.000         0.000         0.000         0.000
 RS_ASF0        0.000         0.000         0.000         0.000         0.009
 RS_ASF1        0.000         0.000         0.000         0.000         0.000
 RS_ASM0        0.000         0.000         0.000         0.000         0.000
 RS_ASM1        0.000         0.000         0.000         0.000         0.000
 RS_HWF0        0.000         0.000         0.000         0.000         0.000
 RS_HWF1        0.000         0.000         0.000         0.000         0.000
 RS_HWM0        0.000         0.000         0.000         0.000         0.000
 RS_HWM1        0.000         0.000         0.000         0.000         0.000
 RS_HLF0        0.000         0.000         0.000         0.000         0.000
 RS_HLF1        0.000         0.000         0.000         0.000         0.000
 RS_HLM0        0.000         0.000         0.000         0.000         0.000
 RS_HLM1        0.000         0.000         0.000         0.000         0.000
 RS_MRF0        0.000         0.000         0.000         0.000         0.000
 RS_MRF1        0.000         0.000         0.000         0.000         0.000
 RS_MRM0        0.000         0.000         0.000         0.000         0.000
 RS_MRM1        0.000         0.000         0.000         0.000         0.000
 RS_NAF         0.000         0.000         0.000         0.000         0.000
 RS_NAM         0.000         0.000         0.000         0.000         0.000
 RS_WF1         0.000         0.000         0.000         0.000         0.000
 RS_WM0         0.000         0.000         0.000         0.000         0.000
 RS_WM1         0.000         0.000         0.000         0.000         0.000


           PSI
              RS_ASF1       RS_ASM0       RS_ASM1       RS_HWF0       RS_HWF1
              ________      ________      ________      ________      ________
 RS_ASF1        0.001
 RS_ASM0        0.000         0.010
 RS_ASM1        0.000         0.000         0.001
 RS_HWF0        0.000         0.000         0.000         0.000
 RS_HWF1        0.000         0.000         0.000         0.000         0.000
 RS_HWM0        0.000         0.000         0.000         0.000         0.000
 RS_HWM1        0.000         0.000         0.000         0.000         0.000
 RS_HLF0        0.000         0.000         0.000         0.000         0.000
 RS_HLF1        0.000         0.000         0.000         0.000         0.000
 RS_HLM0        0.000         0.000         0.000         0.000         0.000
 RS_HLM1        0.000         0.000         0.000         0.000         0.000
 RS_MRF0        0.000         0.000         0.000         0.000         0.000
 RS_MRF1        0.000         0.000         0.000         0.000         0.000
 RS_MRM0        0.000         0.000         0.000         0.000         0.000
 RS_MRM1        0.000         0.000         0.000         0.000         0.000
 RS_NAF         0.000         0.000         0.000         0.000         0.000
 RS_NAM         0.000         0.000         0.000         0.000         0.000
 RS_WF1         0.000         0.000         0.000         0.000         0.000
 RS_WM0         0.000         0.000         0.000         0.000         0.000
 RS_WM1         0.000         0.000         0.000         0.000         0.000


           PSI
              RS_HWM0       RS_HWM1       RS_HLF0       RS_HLF1       RS_HLM0
              ________      ________      ________      ________      ________
 RS_HWM0        0.000
 RS_HWM1        0.000         0.000
 RS_HLF0        0.000         0.000         0.032
 RS_HLF1        0.000         0.000         0.000         0.013
 RS_HLM0        0.000         0.000         0.000         0.000         0.033
 RS_HLM1        0.000         0.000         0.000         0.000         0.000
 RS_MRF0        0.000         0.000         0.000         0.000         0.000
 RS_MRF1        0.000         0.000         0.000         0.000         0.000
 RS_MRM0        0.000         0.000         0.000         0.000         0.000
 RS_MRM1        0.000         0.000         0.000         0.000         0.000
 RS_NAF         0.000         0.000         0.000         0.000         0.000
 RS_NAM         0.000         0.000         0.000         0.000         0.000
 RS_WF1         0.000         0.000         0.000         0.000         0.000
 RS_WM0         0.000         0.000         0.000         0.000         0.000
 RS_WM1         0.000         0.000         0.000         0.000         0.000


           PSI
              RS_HLM1       RS_MRF0       RS_MRF1       RS_MRM0       RS_MRM1
              ________      ________      ________      ________      ________
 RS_HLM1        0.013
 RS_MRF0        0.000         0.009
 RS_MRF1        0.000         0.000         0.005
 RS_MRM0        0.000         0.000         0.000         0.009
 RS_MRM1        0.000         0.000         0.000         0.000         0.004
 RS_NAF         0.000         0.000         0.000         0.000         0.000
 RS_NAM         0.000         0.000         0.000         0.000         0.000
 RS_WF1         0.000         0.000         0.000         0.000         0.000
 RS_WM0         0.000         0.000         0.000         0.000         0.000
 RS_WM1         0.000         0.000         0.000         0.000         0.000


           PSI
              RS_NAF        RS_NAM        RS_WF1        RS_WM0        RS_WM1
              ________      ________      ________      ________      ________
 RS_NAF         0.002
 RS_NAM         0.000         0.005
 RS_WF1         0.000         0.000         0.015
 RS_WM0         0.000         0.000         0.000         0.070
 RS_WM1         0.000         0.000         0.000         0.000         0.016


     STARTING VALUES FOR BETWEEN


           TAU
              IS_SPED$
              ________
                0.828


           NU
              IS_SPED
              ________
                0.000


           LAMBDA
              IS_SPED
              ________
 IS_SPED        1.000


           THETA
              IS_SPED
              ________
 IS_SPED        0.000


           ALPHA
              IS_SPED
              ________
                0.000


           BETA
              IS_SPED
              ________
 IS_SPED        0.000


           PSI
              IS_SPED
              ________
 IS_SPED        1.000



     PRIORS FOR ALL PARAMETERS            PRIOR MEAN      PRIOR VARIANCE     PRIOR STD. DEV.

     Parameter 1~N(0.000,5.000)              0.0000              5.0000              2.2361
     Parameter 2~N(0.000,5.000)              0.0000              5.0000              2.2361
     Parameter 3~N(0.000,5.000)              0.0000              5.0000              2.2361
     Parameter 4~N(0.000,5.000)              0.0000              5.0000              2.2361
     Parameter 5~N(0.000,5.000)              0.0000              5.0000              2.2361
     Parameter 6~N(0.000,5.000)              0.0000              5.0000              2.2361
     Parameter 7~N(0.000,5.000)              0.0000              5.0000              2.2361
     Parameter 8~N(0.000,5.000)              0.0000              5.0000              2.2361
     Parameter 9~N(0.000,5.000)              0.0000              5.0000              2.2361
     Parameter 10~N(0.000,5.000)             0.0000              5.0000              2.2361
     Parameter 11~N(0.000,5.000)             0.0000              5.0000              2.2361
     Parameter 12~N(0.000,5.000)             0.0000              5.0000              2.2361
     Parameter 13~N(0.000,5.000)             0.0000              5.0000              2.2361
     Parameter 14~N(0.000,5.000)             0.0000              5.0000              2.2361
     Parameter 15~N(0.000,5.000)             0.0000              5.0000              2.2361
     Parameter 16~N(0.000,5.000)             0.0000              5.0000              2.2361
     Parameter 17~N(0.000,5.000)             0.0000              5.0000              2.2361
     Parameter 18~N(0.000,5.000)             0.0000              5.0000              2.2361
     Parameter 19~N(0.000,5.000)             0.0000              5.0000              2.2361
     Parameter 20~N(0.000,5.000)             0.0000              5.0000              2.2361
     Parameter 21~N(0.000,5.000)             0.0000              5.0000              2.2361
     Parameter 22~N(0.000,5.000)             0.0000              5.0000              2.2361
     Parameter 23~N(0.000,5.000)             0.0000              5.0000              2.2361
     Parameter 24~N(0.000,5.000)             0.0000              5.0000              2.2361
     Parameter 25~N(0.000,5.000)             0.0000              5.0000              2.2361
     Parameter 26~N(0.000,5.000)             0.0000              5.0000              2.2361
     Parameter 27~N(0.000,5.000)             0.0000              5.0000              2.2361
     Parameter 28~N(0.000,5.000)             0.0000              5.0000              2.2361
     Parameter 29~N(0.000,5.000)             0.0000              5.0000              2.2361
     Parameter 30~IG(-1.000,0.000)         infinity            infinity            infinity
     Parameter 31~N(0.000,5.000)             0.0000              5.0000              2.2361


TECHNICAL 8 OUTPUT


   TECHNICAL 8 OUTPUT FOR BAYES ESTIMATION

     PROCESSOR    BSEED
     1            0
     2            285380
     3            253358
     4            93468

                     POTENTIAL       PARAMETER WITH
     ITERATION    SCALE REDUCTION      HIGHEST PSR
     100              2.768               25
     200              1.098               24
     300              1.718               26
     400              1.382               25
     500              1.421               25
     600              1.135               26
     700              1.054               23
     800              1.119               28
     900              1.181               28
     1000             1.129               26
     1100             1.141               25
     1200             1.266               25
     1300             1.410               25
     1400             1.411               25
     1500             1.400               25
     1600             1.469               25
     1700             1.501               25
     1800             1.379               25
     1900             1.312               25
     2000             1.207               25
     2100             1.119               25
     2200             1.076               26


DIAGRAM INFORMATION

  Mplus diagrams are currently not available for multilevel analysis.
  No diagram output was produced.


     Beginning Time:  07:02:36
        Ending Time:  07:05:01
       Elapsed Time:  00:02:25



MUTHEN & MUTHEN
3463 Stoner Ave.
Los Angeles, CA  90066

Tel: (310) 391-9971
Fax: (310) 391-8971
Web: www.StatModel.com
Support: Support@StatModel.com

Copyright (c) 1998-2024 Muthen & Muthen
